fas_id,course_code,department,semester,rating,hours_per_week,num_students,num_sections
000016,PHIL 16,PHIL,2024Spring,4.38,3.82,102,1
000031,PHIL 31,PHIL,2024Spring,4.75,4.26,32,1
000168,MUSIC 168,MUSIC,2024Spring,4.83,4.67,10,1
000169,PHIL 169,PHIL,2024Spring,4.89,6.28,20,1
000172,MUSIC 172R,MUSIC,2022Fall,3.8,3.0,10,1
000176,PHIL 176G,PHIL,2022Fall,4.47,6.25,19,1
000177,MUSIC 177,MUSIC,2023Spring,5.0,4.36,23,1
000177,MUSIC 177R,MUSIC,2024Spring,4.55,5.45,20,1
000185,PHIL 185,PHIL,2023Fall,4.25,4.57,12,1
000185,PHIL 185,PHIL,2024Fall,4.18,5.36,15,1
000187,MUSIC 187R,MUSIC,2024Spring,4.9,5.89,15,1
000188,MUSIC 188R,MUSIC,2022Fall,4.86,2.86,13,1
000188,MUSIC 188R,MUSIC,2023Fall,4.7,3.38,19,2
000291,MUSIC 291R,MUSIC,2023Spring,5.0,9.0,10,3
107340,FRSEMR 26F,FRSEMR,2022Fall,3.9,1.7,13,1
107341,GENED 1076,GENED,2022Fall,4.55,5.04,73,1
107349,MODMDEST 100,MODMDEST,2023Fall,4.07,6.4,17,1
107349,MODMDEST 100,MODMDEST,2025Spring,4.75,7.0,9,1
107368,PHYSCI 11,PHYSCI,2023Spring,3.57,7.96,397,2
107368,PHYSCI 11,PHYSCI,2024Spring,3.05,8.04,345,3
107368,PHYSCI 11,PHYSCI,2025Spring,3.48,8.58,338,4
107378,SAS 100R,SAS,2022Fall,5.0,2.2,6,1
107388,ECON 1936,ECON,2023Fall,4.73,4.27,16,1
107388,ECON 1936,ECON,2024Fall,4.31,6.71,26,1
107400,CELLBIO 306QC,CELLBIO,2022Fall,4.78,5.71,26,1
107400,CELLBIO 306QC,CELLBIO,2023Fall,4.67,5.22,15,1
107400,CELLBIO 306QC,CELLBIO,2024Fall,4.8,4.22,20,1
107425,ECON 1450,ECON,2023Spring,4.88,7.43,10,2
107425,ECON 1450,ECON,2024Spring,3.83,5.88,25,2
107425,ECON 1450,ECON,2025Spring,3.86,6.14,19,2
107464,GENED 1011,GENED,2022Fall,4.18,5.65,69,2
107464,GENED 1011,GENED,2023Fall,3.28,5.42,97,2
107602,PSY 1503,PSY,2023Spring,4.6,2.49,201,1
107619,HISTSCI 1885,HISTSCI,2023Fall,4.92,5.17,14,1
107669,GENED 1033,GENED,2022Fall,4.61,3.82,73,1
107675,ECON 980W,ECON,2023Spring,5.0,6.2,5,1
107675,ECON 980W,ECON,2023Fall,4.36,4.45,14,1
107702,CHEM 171,CHEM,2024Spring,4.21,8.0,17,1
107702,CHEM 171,CHEM,2025Spring,4.33,8.67,32,1
107706,PSY 2410R,PSY,2022Fall,5.0,4.0,9,1
107706,PSY 2410R,PSY,2024Fall,5.0,3.8,8,1
107706,PSY 2410R,PSY,2025Spring,4.4,2.0,9,1
107709,CHEM 255,CHEM,2024Spring,4.0,7.67,13,1
107709,CHEM 255,CHEM,2025Spring,3.2,6.4,8,1
107755,NEUROBIO 230,NEUROBIO,2023Fall,4.2,4.8,7,1
107770,GOV 3005A,GOV,2022Fall,5.0,0,16,2
107770,GOV 3005A,GOV,2023Fall,4.33,2.0,17,2
107770,GOV 3005A,GOV,2024Fall,5.0,0,17,2
107798,GOV 2032,GOV,2023Spring,4.0,7.45,19,1
107821,GENED 1120,GENED,2022Fall,3.8,5.17,173,2
107821,GENED 1120,GENED,2023Fall,3.53,4.83,175,2
107843,HBTM 200,HBTM,2023Spring,4.73,4.23,19,1
107843,HBTM 200,HBTM,2024Spring,4.75,5.27,33,2
107843,HBTM 200,HBTM,2025Spring,4.4,2.9,18,2
107859,RELIGION 40,RELIGION,2023Fall,4.86,4.86,10,1
107880,GENED 1030,GENED,2023Spring,3.91,4.26,48,1
107899,PHYSICS 302A,PHYSICS,2023Spring,4.86,2.61,38,1
107899,PHYSICS 302A,PHYSICS,2024Spring,4.4,1.86,36,5
107899,PHYSICS 302A,PHYSICS,2025Spring,3.44,1.75,36,1
107925,HIST 1911,HIST,2025Spring,4.67,7.0,14,1
107972,HIST 89J,HIST,2023Spring,4.75,5.43,10,1
107972,HIST 89J,HIST,2024Spring,4.44,5.89,12,1
107972,HIST 89J,HIST,2025Spring,4.71,5.83,10,1
107973,HIST 1155,HIST,2023Fall,3.6,3.29,25,1
107995,ENG-SCI 298R,ENG-SCI,2024Spring,4.0,5.33,29,1
108001,MUSIC 220R,MUSIC,2023Spring,4.83,4.5,9,1
108055,HIST 80G,HIST,2024Fall,4.75,5.38,12,1
108059,HIST 1035,HIST,2023Spring,4.39,5.29,43,1
108059,HIST 1035,HIST,2025Spring,4.73,5.27,19,1
108094,GREEK 110,GREEK,2023Spring,4.6,6.0,5,1
108130,ASTRON 209,ASTRON,2023Fall,4.4,11.8,7,1
108137,SOCIOL 3310,SOCIOL,2022Fall,4.33,8.5,9,1
108167,AFRAMER 120X,AFRAMER,2023Fall,4.83,5.17,12,2
108213,SHBT 201,SHBT,2022Fall,4.67,11.5,6,2
108213,SHBT 201,SHBT,2023Fall,4.0,11.56,9,1
108213,SHBT 201,SHBT,2024Fall,4.5,9.0,6,1
108217,SHBT 202,SHBT,2023Spring,4.67,4.8,7,2
108217,SHBT 202,SHBT,2024Spring,3.38,4.0,8,2
108224,SHBT 205,SHBT,2024Spring,3.0,8.0,7,11
108229,CHNSLIT 140,CHNSLIT,2023Fall,4.4,7.0,19,1
108233,KORHIST 115,KORHIST,2025Spring,4.88,5.0,15,1
108257,FRSEMR 25X,FRSEMR,2022Fall,4.55,2.45,11,1
108261,FYSEMR 30G,FYSEMR,2023Fall,4.86,2.71,10,1
108285,GOV 63,GOV,2024Spring,5.0,7.33,9,1
108285,GOV 63,GOV,2025Spring,4.1,6.6,16,1
108287,GOV 62,GOV,2023Spring,3.94,5.74,68,1
108287,GOV 62,GOV,2024Spring,3.54,5.79,57,1
108287,GOV 62,GOV,2025Spring,4.03,7.03,53,2
108328,CLASPHIL 219,CLASPHIL,2023Fall,4.75,6.13,15,1
108339,CELLBIO 201,CELLBIO,2023Spring,2.75,9.45,48,18
108339,CELLBIO 201,CELLBIO,2024Spring,3.09,3.74,49,17
108339,CELLBIO 201,CELLBIO,2025Spring,3.69,3.62,29,12
108359,GENED 1017,GENED,2023Fall,3.51,5.31,56,2
108389,FRSEMR 21G,FYSEMR,2023Spring,4.43,3.43,7,1
108389,FYSEMR 21G,FYSEMR,2024Spring,4.5,1.86,10,1
108397,CHNSE 166R,CHNSE,2024Spring,4.8,6.0,17,2
108397,CHNSE 166R,CHNSE,2025Spring,4.56,7.56,10,2
108398,GENED 1020,GENED,2025Spring,3.87,4.44,263,1
108405,GENED 1116,GENED,2023Fall,4.56,4.34,149,1
108419,MUSIC 181R,MUSIC,2022Fall,4.88,4.71,11,1
108419,MUSIC 181R,MUSIC,2023Fall,4.5,3.57,9,1
108419,MUSIC 181R,MUSIC,2024Fall,5.0,5.57,8,1
108465,PHYSICS 143A,PHYSICS,2022Fall,4.62,8.95,48,1
108465,PHYSICS 143A,PHYSICS,2023Spring,4.57,8.98,61,1
108465,PHYSICS 143A,PHYSICS,2023Fall,4.3,7.96,34,1
108465,PHYSICS 143A,PHYSICS,2024Spring,4.24,7.81,73,1
108465,PHYSICS 143A,PHYSICS,2024Fall,4.18,9.12,24,1
108465,PHYSICS 143A,PHYSICS,2025Spring,3.94,10.87,38,1
108472,EAFM 202,EAFM,2023Fall,4.56,6.22,13,1
108482,GENED 1130,GENED,2022Fall,4.16,3.78,59,1
108482,GENED 1130,GENED,2025Spring,3.98,4.87,59,1
108490,PSY 1702,PSY,2024Spring,4.59,3.0,55,1
108490,PSY 1702,PSY,2025Spring,4.5,3.44,47,1
108530,HIST 1511,HIST,2024Spring,4.13,6.5,12,1
108531,HIST 1913,HIST,2024Spring,4.38,7.75,10,1
108533,HIST 1513,HIST,2023Spring,4.18,6.0,22,1
108533,HIST 1513,HIST,2025Spring,4.65,6.5,19,1
108562,FRSEMR 43J,FYSEMR,2022Fall,4.96,4.92,12,2
108562,FYSEMR 43J,FYSEMR,2023Fall,4.67,3.44,12,2
108564,FYSEMR 22T,FYSEMR,2025Spring,5.0,1.4,10,1
108569,WOMGEN 1234,WOMGEN,2024Spring,4.8,5.3,12,1
108573,STAT 242,STAT,2023Fall,3.76,8.47,68,1
108573,STAT 242,STAT,2024Fall,3.77,10.32,32,1
108580,GENED 1012,GENED,2022Fall,4.04,6.07,71,1
108583,CLASARCH 10,CLASARCH,2022Fall,5.0,3.33,6,1
108635,GREEK 120,GREEK,2024Spring,4.75,2.63,10,1
108649,AFVS 35R,AFVS,2022Fall,3.88,6.25,12,1
108649,AFVS 35R,AFVS,2024Spring,4.63,8.25,12,1
108657,AFVS 108,AFVS,2023Spring,4.25,4.75,14,1
108693,CLASARCH 11,CLASARCH,2023Spring,4.11,2.65,242,1
108693,CLASARCH 11,CLASARCH,2025Spring,4.64,4.53,77,1
108716,FRENCH 136,FRENCH,2022Fall,4.64,6.11,14,1
108750,E-PSCI 162,E-PSCI,2023Spring,4.13,4.75,11,1
108752,SPANSH 194,SPANSH,2022Fall,4.0,3.56,25,1
108752,SPANSH 194,SPANSH,2024Spring,4.28,4.12,23,1
108761,SOC-STD 98NQ,SOC-STD,2022Fall,4.89,7.11,10,1
108761,SOC-STD 98NQ,SOC-STD,2024Fall,5.0,7.0,10,1
108772,ITAL 162,ITAL,2023Fall,4.17,5.5,7,1
108791,COMPLIT 193,COMPLIT,2023Spring,4.5,3.83,12,1
108799,TDM 118,TDM,2024Spring,5.0,5.2,8,1
108811,HISTSCI 2445,HISTSCI,2023Fall,3.4,7.2,8,1
108816,RSRA 298A,RSRA,2022Fall,5.0,4.0,9,1
108816,RSRA 298A,RSRA,2023Fall,4.5,3.5,9,1
108816,RSRA 298A,RSRA,2024Fall,4.57,4.0,9,1
108818,RSRA 299A,RSRA,2023Fall,4.6,3.8,9,1
108829,FRSEMR 27I,FYSEMR,2022Fall,4.1,1.38,12,1
108829,FYSEMR 27I,FYSEMR,2023Fall,4.36,2.07,16,1
108829,FYSEMR 27I,FYSEMR,2024Fall,4.14,2.23,15,1
108849,AAAS 124,AAAS,2023Fall,3.5,8.5,9,1
108859,AFVS 52,AFVS,2022Fall,4.0,6.0,10,1
108859,AFVS 52,AFVS,2023Fall,4.67,9.33,10,1
108859,AFVS 52,AFVS,2024Fall,4.5,5.83,11,1
108865,ANTHRO 1400,ANTHRO,2024Spring,4.9,3.22,21,3
108871,ENG-SCI 183,ENG-SCI,2024Spring,3.67,5.83,10,1
108871,ENG-SCI 183,ENG-SCI,2025Spring,4.57,5.43,15,1
108879,AFRAMER 119X,AFRAMER,2023Spring,4.45,2.98,73,1
108879,AFRAMER 119X,AFRAMER,2024Spring,4.63,2.93,42,1
108879,AFRAMER 119X,AFRAMER,2025Spring,4.71,3.25,35,1
108880,APPHY 50A,APPHY,2022Fall,3.53,8.64,107,1
108880,APPHY 50A,APPHY,2023Fall,3.36,11.21,98,2
108880,APPHY 50A,APPHY,2024Fall,3.63,11.33,65,3
108882,APPHY 50B,APPHY,2023Spring,3.48,9.55,140,3
108882,APPHY 50B,APPHY,2024Spring,3.38,9.78,159,3
108882,APPHY 50B,APPHY,2025Spring,2.99,10.35,111,3
108890,GENED 1134,GENED,2023Spring,3.94,5.32,46,1
108892,ECON 980X,ECON,2022Fall,4.25,5.36,12,1
108892,ECON 980X,ECON,2023Fall,4.75,5.92,15,1
108892,ECON 980X,ECON,2024Fall,4.92,6.08,15,1
108901,ECON 1010A,ECON,2022Fall,3.63,7.19,342,1
108901,ECON 1010A,ECON,2023Spring,3.63,7.8,74,1
108901,ECON 1010A,ECON,2023Fall,3.08,8.21,400,1
108901,ECON 1010A,ECON,2024Spring,3.63,7.73,112,1
108901,ECON 1010A,ECON,2024Fall,3.55,8.89,364,1
108901,ECON 1010A,ECON,2025Spring,3.84,7.48,67,1
108915,GOV 94GO,GOV,2022Fall,4.55,5.27,12,1
108949,ANTHRO 3628,ANTHRO,2024Spring,4.13,6.63,11,1
108950,GENED 1156,GENED,2024Spring,3.77,4.6,94,3
108969,E-PSCI 56,E-PSCI,2023Spring,4.25,2.21,25,2
108969,E-PSCI 56,E-PSCI,2024Spring,4.43,2.86,20,2
108969,E-PSCI 56,E-PSCI,2025Spring,4.17,4.33,15,2
108970,ARABIC 242BR,ARABIC,2023Spring,4.5,5.25,8,1
108971,ARABIC 242AR,ARABIC,2022Fall,4.2,4.6,6,1
108982,MUSIC 175R,MUSIC,2022Fall,4.71,4.0,10,1
108982,MUSIC 175R,MUSIC,2024Spring,4.29,5.57,7,1
108994,BBS 230,BBS,2024Fall,3.44,4.69,70,29
109073,MED-SCI 302QC,MED-SCI,2022Fall,3.52,1.22,93,12
109073,MED-SCI 302QC,MED-SCI,2023Fall,3.41,1.56,97,12
109073,MED-SCI 302QC,MED-SCI,2024Fall,3.33,1.06,118,2
109110,CHEM 145,CHEM,2024Fall,4.88,2.25,10,1
109230,MEDVLSTD 250,MEDVLSTD,2023Spring,4.8,4.67,12,1
109230,MEDVLSTD 250,MEDVLSTD,2025Spring,4.75,4.36,15,1
109231,E-PSCI 52,E-PSCI,2023Fall,4.83,4.67,8,1
109231,E-PSCI 52,E-PSCI,2024Fall,4.71,3.4,7,1
109263,HISTSCI 99B,HISTSCI,2023Spring,4.55,11.27,16,1
109263,HISTSCI 99B,HISTSCI,2024Spring,4.58,14.83,19,1
109263,HISTSCI 99B,HISTSCI,2025Spring,4.5,16.57,8,1
109272,ENG-SCI 95R,ENG-SCI,2022Fall,4.27,5.32,38,1
109272,ENG-SCI 95R,ENG-SCI,2023Spring,3.92,7.0,34,1
109272,ENG-SCI 95R,ENG-SCI,2023Fall,4.89,4.78,22,1
109272,ENG-SCI 95R,ENG-SCI,2024Spring,4.58,7.89,18,1
109272,ENG-SCI 95R,ENG-SCI,2024Fall,4.83,11.2,19,1
109272,ENG-SCI 95R,ENG-SCI,2025Spring,4.69,10.64,24,1
109274,PHYSCI 12A,PHYSCI,2023Spring,4.03,6.79,42,2
109274,PHYSCI 12A,PHYSCI,2024Spring,4.4,6.53,68,2
109274,PHYSCI 12A,PHYSCI,2025Spring,4.2,7.48,125,3
109282,ENG-SCI 229,ENG-SCI,2023Spring,4.1,9.5,15,1
109282,ENG-SCI 229,ENG-SCI,2025Spring,4.21,10.64,16,1
109305,GOV 94MS,GOV,2023Fall,4.89,4.56,14,1
109305,GOV 94MS,GOV,2024Fall,4.6,6.1,15,1
109308,MATH 290Z,MATH,2025Spring,4.89,13.38,26,1
109319,FRSEMR 23P,FRSEMR,2022Fall,4.5,1.4,12,1
109324,FRSEMR 30M,FRSEMR,2022Fall,4.78,2.44,13,1
109328,PHYSICS 254,PHYSICS,2023Spring,4.83,11.4,13,1
109339,APCOMP 298R,APCOMP,2022Fall,4.5,3.0,15,1
109339,APCOMP 298R,APCOMP,2023Spring,4.11,2.5,12,1
109339,APCOMP 298R,APCOMP,2023Fall,4.25,2.5,9,1
109339,APCOMP 298R,APCOMP,2024Fall,4.13,3.75,15,1
109341,ESE 169,ESE,2023Fall,4.73,3.07,18,1
109341,ESE 169,ESE,2024Fall,4.58,6.58,18,1
109342,PLSH CR,PLSH,2023Spring,5.0,5.6,5,1
109346,PHYSICS 223,PHYSICS,2023Fall,3.83,8.8,12,1
109346,PHYSICS 223,PHYSICS,2024Fall,4.86,9.14,12,1
109348,ENGLISH 90KA,ENGLISH,2022Fall,5.0,9.25,16,1
109348,ENGLISH 90KA,ENGLISH,2025Spring,4.89,8.72,20,1
109356,ENG-SCI 177,ENG-SCI,2023Spring,5.0,4.92,22,2
109356,ENG-SCI 177,ENG-SCI,2024Spring,4.64,3.64,22,1
109356,ENG-SCI 177,ENG-SCI,2025Spring,4.75,3.77,22,1
109357,ENG-SCI 277,ENG-SCI,2023Spring,5.0,4.92,22,2
109357,ENG-SCI 277,ENG-SCI,2024Spring,4.64,3.64,22,1
109357,ENG-SCI 277,ENG-SCI,2025Spring,4.75,3.77,22,1
109358,ENG-SCI 157,ENG-SCI,2022Fall,4.78,6.89,11,1
109358,ENG-SCI 157,ENG-SCI,2023Fall,3.92,8.85,16,1
109360,GENED 1064,GENED,2023Spring,3.81,3.85,70,1
109360,GENED 1064,GENED,2025Spring,4.21,4.31,58,1
109375,HAA 96A,HAA,2023Spring,4.29,14.83,10,1
109375,HAA 96A,HAA,2024Spring,4.4,17.8,6,1
109375,HAA 96A,HAA,2025Spring,4.0,16.0,10,1
109394,HBTM 235,HBTM,2022Fall,4.14,5.9,33,4
109394,HBTM 235,HBTM,2023Fall,4.25,8.14,24,1
109394,HBTM 235,HBTM,2024Fall,4.5,9.18,18,2
109409,HIST 1206,HIST,2024Fall,4.88,5.63,11,1
109418,HIST 1281,HIST,2022Fall,4.39,4.5,18,1
109418,HIST 1281,HIST,2024Fall,4.33,4.59,26,1
109422,HIST 1912,HIST,2024Fall,4.8,5.0,13,1
109423,HIST 1412,HIST,2022Fall,4.36,4.43,25,1
109425,ARABIC BA,ARABIC,2022Fall,4.31,8.54,10,2
109425,ARABIC BA,ARABIC,2023Fall,4.7,9.62,10,2
109425,ARABIC BA,ARABIC,2024Fall,4.08,9.41,6,2
109425,ARABIC BA,ARABIC,2025Spring,4.4,7.4,5,1
109427,AFRIKAAN AA,AFRIKAAN,2022Fall,4.61,3.44,32,1
109427,AFRIKAAN AA,AFRIKAAN,2023Fall,4.8,3.75,7,1
109427,AFRIKAAN AA,AFRIKAAN,2024Fall,4.83,3.4,10,1
109436,HIST 1520,HIST,2023Fall,4.29,4.35,22,1
109447,PHIL 144,PHIL,2024Spring,4.57,9.08,24,1
109454,CHEM 105,CHEM,2022Fall,4.58,11.83,30,1
109454,CHEM 105,CHEM,2023Fall,4.63,9.58,30,1
109454,CHEM 105,CHEM,2024Fall,4.27,7.67,20,1
109457,PHYSCI 12B,PHYSCI,2022Fall,3.28,10.17,42,2
109457,PHYSCI 12B,PHYSCI,2023Fall,3.71,8.2,41,3
109457,PHYSCI 12B,PHYSCI,2024Fall,3.5,8.82,67,3
109469,FRSEMR 40P,FYSEMR,2022Fall,4.8,4.0,8,1
109469,FYSEMR 40P,FYSEMR,2023Fall,4.6,5.4,9,1
109474,FRSEMR 31P,FRSEMR,2022Fall,4.27,2.1,12,1
109475,FYSEMR 41E,FYSEMR,2023Fall,4.31,4.77,14,1
109501,GENED 1043,GENED,2023Fall,4.2,4.61,81,1
109521,ISLAMCIV 145B,ISLAMCIV,2022Fall,4.75,5.67,10,1
109527,E-PSCI 110,E-PSCI,2022Fall,4.0,3.57,9,1
109527,E-PSCI 110,E-PSCI,2023Fall,2.8,4.75,7,1
109527,E-PSCI 110,E-PSCI,2024Fall,4.0,5.33,12,1
109554,GOV 1292,GOV,2025Spring,5.0,8.0,14,1
109570,ANTHRO 1936,ANTHRO,2023Fall,4.0,4.0,12,1
109571,ANTHRO 1698,ANTHRO,2023Fall,3.6,4.0,25,1
109571,ANTHRO 1698,ANTHRO,2024Fall,4.38,5.56,17,1
109600,PHIL 34,PHIL,2022Fall,4.44,5.09,120,1
109605,HIST 2277,HIST,2023Spring,4.6,11.0,6,1
109605,HIST 2277,HIST,2025Spring,5.0,22.17,7,1
109607,WOMGEN 1210ST,WOMGEN,2023Spring,4.89,6.11,13,1
109621,HIST 1602,HIST,2022Fall,4.67,4.88,52,1
109621,HIST 1602,HIST,2024Spring,4.53,5.63,34,1
109621,HIST 1602,HIST,2025Spring,4.53,5.29,26,1
109627,FRSEMR 21V,FYSEMR,2022Fall,5.0,3.6,11,1
109627,FYSEMR 21V,FYSEMR,2023Fall,4.64,3.31,15,1
109627,FYSEMR 21V,FYSEMR,2024Fall,4.42,3.3,14,1
109636,MCB 170,MCB,2023Spring,4.5,5.0,17,1
109636,MCB 170,MCB,2024Spring,4.92,4.82,17,1
109652,FOLKMYTH 106,FOLKMYTH,2023Spring,4.14,2.95,33,1
109660,HISTSCI 98,HISTSCI,2022Fall,3.78,4.56,10,1
109660,HISTSCI 98,HISTSCI,2023Spring,4.5,6.0,6,1
109660,HISTSCI 98,HISTSCI,2023Fall,4.28,5.81,43,5
109660,HISTSCI 98,HISTSCI,2024Spring,4.64,6.07,18,3
109660,HISTSCI 98,HISTSCI,2024Fall,4.48,6.33,30,3
109660,HISTSCI 98,HISTSCI,2025Spring,4.78,7.44,14,2
109680,SOCIOL 1181,SOCIOL,2024Spring,4.79,5.04,31,1
109684,ESE 163,ESE,2023Spring,5.0,8.6,7,1
109684,ESE 163,ESE,2024Fall,5.0,9.0,7,1
109705,SOCIOL 1115,SOCIOL,2023Spring,3.0,2.5,10,1
109731,GOV 94GK,GOV,2022Fall,4.8,5.0,12,1
109731,GOV 94GK,GOV,2023Fall,4.9,4.0,13,1
109731,GOV 94GK,GOV,2024Fall,4.58,6.58,14,1
109735,GOV 94KA,GOV,2023Spring,5.0,4.5,8,1
109742,GOV 94AU,GOV,2023Fall,4.73,4.8,11,1
109762,HIST 2950A,HIST,2022Fall,4.5,11.75,11,2
109775,SPANSH 171,SPANSH,2023Spring,4.36,5.07,17,1
109802,ARABIC 243BR,ARABIC,2022Fall,4.57,8.71,8,1
109804,ARABIC 243DR,ARABIC,2024Fall,5.0,8.0,6,1
109817,MATH 112,MATH,2023Spring,3.62,9.95,60,1
109817,MATH 112,MATH,2023Fall,3.4,11.56,64,1
109817,MATH 112,MATH,2024Fall,4.37,9.2,58,1
109817,MATH 112,MATH,2025Spring,3.31,8.74,54,1
109820,SPANSH 49H,SPANSH,2022Fall,4.92,3.58,15,1
109820,SPANSH 49H,SPANSH,2023Fall,5.0,3.43,10,1
109820,SPANSH 49H,SPANSH,2024Fall,4.8,3.8,8,1
109851,MCB 68,MCB,2024Spring,4.41,5.76,23,3
109851,MCB 68,MCB,2025Spring,4.65,6.45,24,3
109860,HISTSCI 2739,HISTSCI,2022Fall,4.8,7.89,17,1
109861,GENED 1069,GENED,2022Fall,3.74,5.03,99,1
109861,GENED 1069,GENED,2024Fall,4.39,5.16,44,1
109866,MBB 980H,MBB,2023Spring,4.83,1.83,14,1
109866,MBB 980H,MBB,2024Spring,4.5,2.09,14,1
109866,MBB 980H,MBB,2025Spring,4.82,3.36,14,1
109873,HIST 2475,HIST,2025Spring,4.75,6.0,7,2
109882,ESPP 77,ESPP,2023Fall,3.54,4.78,34,1
109894,ECON 10B,ECON,2022Fall,4.43,4.5,38,1
109894,ECON 10B,ECON,2023Spring,4.04,4.84,596,5
109894,ECON 10B,ECON,2023Fall,4.49,4.65,70,1
109894,ECON 10B,ECON,2024Spring,4.12,4.39,559,3
109894,ECON 10B,ECON,2024Fall,4.45,5.92,59,1
109894,ECON 10B,ECON,2025Spring,4.15,4.96,649,5
109898,APCOMP 209A,APCOMP,2022Fall,3.94,10.18,304,2
109898,APCOMP 209A,APCOMP,2023Fall,4.14,9.75,308,2
109898,APCOMP 209A,APCOMP,2024Fall,3.86,9.52,450,3
109899,COMPSCI 109A,COMPSCI,2022Fall,3.94,10.18,304,2
109899,COMPSCI 109A,COMPSCI,2023Fall,4.14,9.75,308,2
109899,COMPSCI 1090A,COMPSCI,2024Fall,3.86,9.52,450,3
109906,HAA 18J,HAA,2023Spring,4.73,3.82,31,1
109906,HAA 18J,HAA,2025Spring,4.56,4.49,74,1
109927,HIST 97B,HIST,2024Spring,4.45,6.6,13,1
109927,HIST 97B,HIST,2025Spring,4.83,9.83,12,1
109930,HIST 97E,HIST,2023Spring,4.3,6.4,16,1
109930,HIST 97E,HIST,2024Spring,4.83,7.64,16,1
109930,HIST 97E,HIST,2025Spring,4.17,9.58,16,1
109942,GOV 94SAF,GOV,2023Spring,5.0,6.14,12,1
109942,GOV 94SAF,GOV,2024Spring,4.82,7.91,12,1
109942,GOV 94SAF,GOV,2025Spring,4.88,7.75,11,1
109959,HAA 144M,HAA,2023Fall,4.6,5.56,12,1
109969,ECON 1544,ECON,2023Spring,4.62,4.46,24,1
110008,UKRA BR,UKRA,2023Spring,5.0,5.25,5,1
110022,STAT 186,STAT,2024Spring,4.1,6.3,16,1
110022,STAT 186,STAT,2025Spring,4.54,7.23,20,1
110043,AFVS 158BR,AFVS,2024Spring,5.0,17.5,8,2
110046,AFVS 241,AFVS,2022Fall,4.6,7.2,7,1
110053,GOV 1430,GOV,2023Spring,4.37,4.5,24,2
110053,GOV 1430,GOV,2024Spring,4.35,4.8,28,2
110053,GOV 1430,GOV,2025Spring,4.37,4.89,29,2
110075,BCS CR,BCS,2022Fall,5.0,3.6,6,1
110075,BCS CR,BCS,2023Spring,5.0,4.0,6,1
110075,BCS CR,BCS,2024Spring,5.0,3.33,6,1
110087,APPHY 275,APPHY,2023Spring,4.2,11.8,23,1
110087,APPHY 275,APPHY,2024Spring,4.46,11.0,22,1
110094,STAT 102,STAT,2023Spring,3.72,7.61,21,2
110094,STAT 102,STAT,2023Fall,4.67,5.67,10,2
110094,STAT 102,STAT,2024Spring,3.74,7.78,24,2
110094,STAT 102,STAT,2025Spring,4.52,8.71,35,1
110099,HISTSCI 1490,HISTSCI,2024Fall,4.63,4.64,21,1
110112,MUSIC 10,MUSIC,2022Fall,4.61,5.77,24,1
110112,MUSIC 10,MUSIC,2023Spring,4.25,4.5,17,1
110112,MUSIC 10,MUSIC,2023Fall,4.73,2.77,26,1
110112,MUSIC 10,MUSIC,2024Spring,4.58,4.09,19,1
110112,MUSIC 10,MUSIC,2024Fall,5.0,5.0,11,1
110112,MUSIC 10,MUSIC,2025Spring,5.0,6.0,10,1
110114,MUSIC 14,MUSIC,2022Fall,4.76,3.26,41,1
110114,MUSIC 14,MUSIC,2023Spring,4.67,3.08,34,1
110114,MUSIC 14,MUSIC,2023Fall,4.62,2.53,40,1
110114,MUSIC 14,MUSIC,2024Spring,4.89,2.0,28,1
110114,MUSIC 14,MUSIC,2024Fall,4.74,2.36,30,1
110114,MUSIC 14,MUSIC,2025Spring,4.78,2.77,27,1
110115,MUSIC 15,MUSIC,2022Fall,4.87,2.7,48,1
110115,MUSIC 15,MUSIC,2023Spring,4.89,3.85,28,1
110115,MUSIC 15,MUSIC,2023Fall,4.9,2.91,49,1
110115,MUSIC 15,MUSIC,2024Spring,4.96,2.0,37,1
110115,MUSIC 15,MUSIC,2024Fall,4.89,4.33,22,1
110115,MUSIC 15,MUSIC,2025Spring,4.92,3.3,31,1
110128,MUSIC 16,MUSIC,2022Fall,4.41,2.71,33,1
110128,MUSIC 16,MUSIC,2023Spring,4.37,3.19,32,1
110128,MUSIC 16,MUSIC,2023Fall,4.76,3.69,41,1
110128,MUSIC 16,MUSIC,2024Spring,4.8,2.46,22,1
110128,MUSIC 16,MUSIC,2024Fall,4.53,3.82,24,1
110128,MUSIC 16,MUSIC,2025Spring,4.71,2.38,20,1
110144,PHYSICS 220,PHYSICS,2025Spring,4.57,12.0,10,1
110215,MATH 268A,MATH,2024Fall,4.4,9.67,29,1
110216,PSY 1009,PSY,2023Spring,4.86,4.0,10,1
110216,PSY 1009,PSY,2024Spring,5.0,6.33,14,1
110216,PSY 1009,PSY,2025Spring,4.75,5.43,13,1
110241,CHEM 110,CHEM,2022Fall,4.44,4.0,82,1
110241,CHEM 110,CHEM,2023Fall,3.83,4.76,67,1
110241,CHEM 110,CHEM,2024Fall,4.04,6.57,71,1
110271,STAT 314HFRA,STAT,2022Fall,3.8,1.5,11,1
110271,STAT 314HFRA,STAT,2023Fall,4.75,1.67,7,1
110285,HIST 1265,HIST,2023Fall,5.0,2.5,16,1
110285,HIST 1265,HIST,2024Fall,4.7,4.43,105,1
110300,ECON 2148,ECON,2023Spring,4.33,5.0,11,1
110300,ECON 2148,ECON,2024Spring,4.88,9.0,11,1
110300,ECON 2148,ECON,2025Spring,4.59,9.5,22,1
110305,FRSEMR 24Q,FYSEMR,2022Fall,4.5,3.5,8,1
110305,FYSEMR 24Q,FYSEMR,2023Fall,4.7,3.7,12,1
110305,FYSEMR 24Q,FYSEMR,2024Fall,4.33,4.44,10,1
110313,ANTHRO 2725,ANTHRO,2023Spring,4.33,7.5,16,2
110319,TDM 150,TDM,2022Fall,4.45,2.45,12,1
110319,TDM 150,TDM,2023Fall,4.38,1.57,12,1
110319,TDM 150,TDM,2024Fall,5.0,2.67,9,1
110362,HAA 96B,HAA,2023Spring,4.63,18.0,12,1
110362,HAA 96B,HAA,2025Spring,4.29,17.17,9,1
110371,ECON 1000,ECON,2022Fall,3.9,4.97,41,2
110382,GENED 1129,GENED,2023Fall,4.0,4.07,18,1
110392,STAT 300HFRA,STAT,2022Fall,5.0,2.5,25,2
110392,STAT 300HFRA,STAT,2023Fall,5.0,0,23,2
110392,STAT 300HFRA,STAT,2024Fall,4.8,0,21,2
110398,SPANSH 186,SPANSH,2023Fall,3.5,8.5,9,1
110398,SPANSH 186,SPANSH,2025Spring,4.14,8.0,12,1
110424,MCB 60,MCB,2022Fall,3.65,7.63,76,3
110424,MCB 60,MCB,2023Fall,3.47,9.49,68,3
110424,MCB 60,MCB,2024Fall,4.14,8.27,62,3
110425,FRSEMR 30Q,FYSEMR,2022Fall,4.78,2.56,12,1
110425,FYSEMR 30Q,FYSEMR,2023Fall,4.8,1.8,12,1
110425,FYSEMR 30Q,FYSEMR,2024Fall,4.18,3.27,12,1
110440,HUMAN 10A,HUMAN,2022Fall,4.09,9.01,87,6
110440,HUMAN 10A,HUMAN,2023Fall,4.14,7.88,88,6
110440,HUMAN 10A,HUMAN,2024Fall,4.52,9.06,89,5
110441,HUMAN 10B,HUMAN,2023Spring,4.24,7.58,80,6
110441,HUMAN 10B,HUMAN,2024Spring,4.11,6.96,77,6
110441,HUMAN 10B,HUMAN,2025Spring,4.52,8.5,86,6
110444,HIST 97G,HIST,2023Spring,3.55,11.2,15,1
110445,HIST 97H,HIST,2024Spring,4.3,7.8,12,1
110450,MCB 63,MCB,2022Fall,4.21,6.92,42,1
110450,MCB 63,MCB,2023Fall,3.75,7.9,38,2
110450,MCB 63,MCB,2024Fall,3.65,11.5,23,2
110464,GENED 1049,GENED,2023Spring,4.61,4.39,173,1
110471,EAFM 222,EAFM,2022Fall,5.0,7.0,13,1
110474,MATH 265,MATH,2024Fall,4.75,13.33,39,1
110501,AFRAMER 199X,AFRAMER,2024Fall,4.94,8.78,18,1
110504,MATH 267Z,MATH,2024Fall,4.55,5.7,24,1
110507,SOCIOL 1058,SOCIOL,2024Spring,4.55,3.82,57,1
110507,SOCIOL 1058,SOCIOL,2024Fall,4.64,5.32,38,1
110521,BPH 219,BPH,2022Fall,4.2,2.33,10,2
110521,BPH 219,BPH,2023Fall,4.71,4.71,10,1
110521,BPH 219,BPH,2024Fall,4.0,4.0,12,1
110526,PHYSICS 262,PHYSICS,2022Fall,3.91,12.21,52,1
110526,PHYSICS 262,PHYSICS,2023Fall,4.16,10.85,46,1
110526,PHYSICS 262,PHYSICS,2024Fall,4.1,10.83,57,2
110543,CHNSE 106A,CHNSE,2022Fall,4.78,6.11,10,1
110543,CHNSE 106A,CHNSE,2023Fall,5.0,6.57,12,1
110543,CHNSE 106A,CHNSE,2024Fall,4.5,5.67,5,1
110546,VIROLOGY 201,VIROLOGY,2023Spring,4.67,6.5,10,10
110546,VIROLOGY 201,VIROLOGY,2024Spring,3.8,7.4,10,10
110546,VIROLOGY 201,VIROLOGY,2025Spring,3.56,3.67,12,2
110551,SOCIOL 2209,SOCIOL,2022Fall,4.09,12.09,16,1
110551,SOCIOL 2209,SOCIOL,2024Spring,4.17,13.5,8,1
110578,SPANSH 70B,SPANSH,2023Fall,4.0,4.27,12,1
110596,MATH 19A,MATH,2022Fall,4.55,9.14,24,1
110596,MATH 19A,MATH,2023Fall,4.42,10.46,26,1
110596,MATH 19A,MATH,2024Fall,4.25,12.95,22,1
110599,UKRA CR,UKRA,2024Spring,5.0,6.5,7,1
110599,UKRA CR,UKRA,2024Fall,5.0,4.75,6,1
110614,LATIN 117,LATIN,2022Fall,5.0,5.88,10,1
110638,MUSIC 190RB,MUSIC,2024Fall,2.25,6.75,6,1
110641,PORTUG 11S,PORTUG,2023Spring,5.0,4.0,12,1
110641,PORTUG 11S,PORTUG,2024Spring,5.0,3.88,10,1
110641,PORTUG 11S,PORTUG,2025Spring,4.88,4.0,12,1
110650,HAA 98AR,HAA,2022Fall,4.71,4.29,10,1
110650,HAA 98AR,HAA,2023Spring,4.8,4.0,7,1
110650,HAA 98AR,HAA,2024Fall,2.75,5.13,12,1
110658,LING 107,LING,2023Spring,4.2,4.13,16,1
110658,LING 107,LING,2025Spring,4.67,5.5,20,1
110660,ECON 2450A,ECON,2022Fall,4.45,4.64,16,1
110660,ECON 2450A,ECON,2023Fall,4.92,6.33,20,1
110660,ECON 2450A,ECON,2024Fall,3.67,6.33,14,2
110661,COMPSCI 182,COMPSCI,2022Fall,4.14,10.64,115,2
110661,COMPSCI 182,COMPSCI,2023Fall,3.41,10.23,133,2
110661,COMPSCI 1820,COMPSCI,2025Spring,3.12,9.01,117,3
110673,HIST 3900,HIST,2022Fall,3.86,9.0,16,1
110673,HIST 3900,HIST,2023Fall,4.75,11.57,16,1
110673,HIST 3900,HIST,2025Spring,3.8,10.5,17,1
110676,AFVS 53AR,AFVS,2023Spring,5.0,6.86,8,1
110676,AFVS 53AR,AFVS,2023Fall,4.43,6.0,12,1
110676,AFVS 53AR,AFVS,2024Spring,4.9,7.5,12,1
110676,AFVS 53AR,AFVS,2024Fall,4.25,6.38,9,1
110676,AFVS 53AR,AFVS,2025Spring,4.88,7.0,11,1
110684,APMTH 205,APMTH,2022Fall,3.12,12.22,76,1
110684,APMTH 205,APMTH,2023Fall,3.75,9.89,94,1
110684,APMTH 205,APMTH,2024Fall,3.63,8.16,70,1
110708,ECON 2060,ECON,2023Spring,4.67,6.67,5,1
110708,ECON 2060,ECON,2024Spring,4.57,4.8,7,1
110708,ECON 2060,ECON,2025Spring,4.38,5.25,13,1
110722,CHNSE 142B,CHNSE,2024Spring,4.67,4.67,6,1
110731,ECON 2725,ECON,2022Fall,4.9,8.0,16,2
110731,ECON 2725,ECON,2023Fall,4.42,6.82,17,2
110731,ECON 2725,ECON,2024Fall,5.0,6.5,17,2
110751,STAT 139,STAT,2022Fall,3.79,10.75,65,1
110751,STAT 139,STAT,2023Fall,4.22,8.85,82,1
110751,STAT 139,STAT,2024Fall,4.18,7.98,116,2
110757,LATIN 106A,LATIN,2022Fall,4.5,6.19,18,1
110766,STAT 110,STAT,2022Fall,3.79,10.66,772,1
110766,STAT 110,STAT,2023Fall,4.11,11.62,548,1
110766,STAT 110,STAT,2024Fall,4.05,12.07,507,1
110776,PSY 16,PSY,2023Spring,3.9,5.0,33,1
110776,PSY 16,PSY,2024Spring,3.67,5.06,33,1
110776,PSY 16,PSY,2024Fall,4.27,3.95,33,1
110782,JAPAN 106A,JAPAN,2023Fall,4.6,3.4,7,1
110782,JAPAN 106A,JAPAN,2024Fall,5.0,5.5,6,1
110785,LING 101,LING,2022Fall,4.21,3.38,43,1
110785,LING 101,LING,2023Fall,3.54,4.79,38,1
110785,LING 101,LING,2024Fall,4.56,5.22,14,1
110786,CHNSHIS 235R,CHNSHIS,2023Spring,5.0,5.67,12,1
110808,MATH 25A,MATH,2022Fall,4.57,14.45,31,1
110808,MATH 25A,MATH,2023Fall,4.66,13.89,29,1
110808,MATH 25A,MATH,2024Fall,4.78,15.35,23,1
110818,GOV 2105,GOV,2023Spring,4.56,12.71,15,2
110818,GOV 2105,GOV,2024Spring,5.0,8.25,13,2
110818,GOV 2105,GOV,2025Spring,4.63,14.25,18,2
110836,GOV 2285,GOV,2023Spring,5.0,14.0,9,1
110836,GOV 2285,GOV,2024Spring,5.0,17.17,7,1
110854,MUSIC 164R,MUSIC,2024Spring,4.43,6.0,12,1
110855,MATH 25B,MATH,2023Spring,4.88,14.47,20,1
110855,MATH 25B,MATH,2024Spring,4.37,16.42,21,1
110855,MATH 25B,MATH,2025Spring,4.71,12.14,7,1
110859,RUSS 111,RUSS,2022Fall,5.0,9.83,6,1
110880,MATH 213A,MATH,2022Fall,4.13,18.86,12,1
110880,MATH 213A,MATH,2023Fall,4.93,13.78,37,1
110880,MATH 213A,MATH,2024Fall,4.4,12.2,9,1
110893,GOV 1280,GOV,2023Spring,4.75,4.0,54,1
110893,GOV 1280,GOV,2024Fall,4.72,4.37,86,1
110914,NEC 101,NEC,2023Spring,4.2,3.75,7,1
110914,NEC 101,NEC,2024Spring,4.1,5.22,13,1
110914,NEC 101,NEC,2025Spring,4.0,4.5,13,1
110940,CHNSE 120B,CHNSE,2023Spring,4.92,4.69,15,1
110940,CHNSE 120B,CHNSE,2024Spring,4.89,7.56,10,1
110940,CHNSE 120B,CHNSE,2025Spring,4.9,7.4,17,1
110943,ESPP 91R,ESPP,2022Fall,4.0,5.4,7,1
110943,ESPP 91R,ESPP,2024Fall,2.67,11.5,6,1
110947,MOD-HEB 120A,MOD-HEB,2022Fall,4.83,6.0,7,1
110947,MOD-HEB 120A,MOD-HEB,2024Fall,4.0,5.33,6,1
110953,GOV 2005,GOV,2022Fall,4.67,8.44,9,1
110953,GOV 2005,GOV,2023Fall,2.88,7.29,12,1
110953,GOV 2005,GOV,2024Fall,4.13,7.86,19,1
110989,MATH 21B,MATH,2022Fall,3.27,10.45,19,2
110989,MATH 21B,MATH,2023Spring,3.68,12.44,19,6
110989,MATH 21B,MATH,2023Fall,3.74,12.74,30,1
110989,MATH 21B,MATH,2024Spring,3.81,11.33,28,3
110989,MATH 21B,MATH,2024Fall,4.28,11.63,17,2
110989,MATH 21B,MATH,2025Spring,3.89,11.91,24,4
110990,COMPSCI 148,COMPSCI,2024Spring,4.64,10.64,31,1
111002,LING 97R,LING,2023Spring,4.6,2.8,6,1
111002,LING 97R,LING,2024Spring,4.75,2.25,9,1
111002,LING 97R,LING,2025Spring,4.33,2.75,8,1
111010,MATH 1B,MATH,2022Fall,3.7,10.17,29,3
111010,MATH 1B,MATH,2023Spring,3.81,8.65,22,3
111010,MATH 1B,MATH,2023Fall,3.53,11.39,23,6
111010,MATH 1B,MATH,2024Spring,3.91,8.41,15,2
111010,MATH 1B,MATH,2024Fall,3.6,10.93,25,4
111010,MATH 1B,MATH,2025Spring,3.27,10.66,17,3
111036,STAT 111,STAT,2023Spring,4.23,10.99,244,1
111036,STAT 111,STAT,2024Spring,3.98,12.72,280,2
111036,STAT 111,STAT,2025Spring,4.31,11.71,201,2
111086,GOV 2114,GOV,2023Fall,5.0,6.4,8,1
111105,ECON 1723,ECON,2023Spring,3.62,6.0,33,2
111105,ECON 1723,ECON,2024Spring,4.17,5.75,80,1
111105,ECON 1723,ECON,2025Spring,3.8,6.91,122,1
111129,CHNSE 140A,CHNSE,2022Fall,5.0,9.83,8,1
111129,CHNSE 140A,CHNSE,2023Fall,4.57,5.57,8,1
111130,STAT 211,STAT,2022Fall,4.7,11.82,34,1
111130,STAT 211,STAT,2023Fall,4.46,12.0,52,1
111130,STAT 211,STAT,2024Fall,4.38,12.61,51,1
111133,MATH 136,MATH,2022Fall,4.13,6.1,39,1
111133,MATH 136,MATH,2023Fall,4.15,6.35,25,1
111133,MATH 136,MATH,2024Fall,3.81,6.4,36,1
111138,RELIGION 1400,RELIGION,2023Fall,4.71,3.67,19,1
111138,RELIGION 1400,RELIGION,2024Fall,4.38,4.0,21,1
111161,MATH MA,MATH,2022Fall,3.88,8.8,16,7
111161,MATH MA,MATH,2023Fall,3.9,10.91,16,5
111161,MATH MA,MATH,2024Fall,3.96,10.89,14,8
111162,GOV 1243,GOV,2023Fall,4.56,6.44,13,1
111162,GOV 1243,GOV,2025Spring,3.58,5.78,32,1
111164,PHYSICS 15A,PHYSICS,2022Fall,4.05,8.69,53,3
111164,PHYSICS 15A,PHYSICS,2023Spring,3.56,9.54,49,3
111164,PHYSICS 15A,PHYSICS,2023Fall,4.27,8.74,59,4
111164,PHYSICS 15A,PHYSICS,2024Spring,4.32,8.19,51,3
111164,PHYSICS 15A,PHYSICS,2024Fall,3.67,8.61,65,5
111164,PHYSICS 15A,PHYSICS,2025Spring,4.26,7.21,48,4
111191,PHYSICS 287A,PHYSICS,2022Fall,3.14,16.83,11,1
111191,PHYSICS 287A,PHYSICS,2024Fall,4.8,18.25,7,1
111192,ANTHRO 1060,ANTHRO,2023Spring,4.88,7.38,12,2
111192,ANTHRO 1060,ANTHRO,2025Spring,5.0,8.29,11,1
111193,JAPAN BA,JAPAN,2022Fall,4.75,6.5,8,1
111193,JAPAN BA,JAPAN,2023Fall,3.86,4.83,13,1
111193,JAPAN BA,JAPAN,2024Fall,4.8,7.8,10,1
111197,PHYSICS 16,PHYSICS,2022Fall,4.63,25.0,16,3
111197,PHYSICS 16,PHYSICS,2023Fall,4.65,18.15,22,4
111197,PHYSICS 16,PHYSICS,2024Fall,3.33,16.0,27,4
111202,CELTIC 137,CELTIC,2023Fall,4.5,2.0,24,1
111213,ECON 2010C,ECON,2022Fall,4.27,15.4,27,2
111213,ECON 2010C,ECON,2023Fall,4.18,9.33,25,2
111213,ECON 2010C,ECON,2024Fall,4.45,11.94,30,1
111215,CELLBIO 207,CELLBIO,2023Spring,4.6,7.2,8,9
111215,CELLBIO 207,CELLBIO,2024Spring,3.75,10.38,13,9
111215,CELLBIO 207,CELLBIO,2025Spring,3.63,5.88,9,9
111231,PHYSICS 151,PHYSICS,2022Fall,3.75,7.17,13,1
111231,PHYSICS 151,PHYSICS,2023Fall,4.0,6.6,13,1
111231,PHYSICS 151,PHYSICS,2024Fall,3.6,9.9,14,1
111235,KOREAN 130A,KOREAN,2022Fall,5.0,7.0,10,1
111235,KOREAN 130A,KOREAN,2023Fall,4.56,7.88,10,1
111235,KOREAN 130A,KOREAN,2024Fall,4.17,6.5,11,1
111261,ECON 1661,ECON,2023Spring,3.38,3.75,67,1
111261,ECON 1661,ECON,2024Spring,3.56,4.47,68,1
111261,ECON 1661,ECON,2025Spring,4.0,4.82,35,1
111292,ECON 1800,ECON,2023Spring,4.36,5.38,58,2
111292,ECON 1800,ECON,2025Spring,4.49,5.18,72,2
111305,ASTRON 2,ASTRON,2022Fall,4.35,5.58,24,1
111305,ASTRON 2,ASTRON,2023Fall,4.05,5.63,28,1
111305,ASTRON 2,ASTRON,2024Fall,4.0,12.91,17,1
111314,PHYSICS 251A,PHYSICS,2022Fall,3.6,13.5,18,1
111314,PHYSICS 251A,PHYSICS,2023Fall,4.55,13.18,17,1
111314,PHYSICS 251A,PHYSICS,2024Fall,4.31,13.08,35,1
111321,MATH 276B,MATH,2025Spring,5.0,4.6,34,1
111324,PERSIAN BA,PERSIAN,2023Fall,4.17,7.6,6,1
111324,PERSIAN BA,PERSIAN,2024Fall,3.5,3.5,7,1
111335,PHIL 176,PHIL,2024Fall,4.62,6.77,15,1
111347,MUSIC 208R,MUSIC,2024Spring,4.25,5.0,8,1
111353,MUSIC 4,MUSIC,2023Fall,3.88,4.33,12,1
111353,MUSIC 4,MUSIC,2025Spring,4.44,6.78,11,1
111358,GENETIC 216,GENETIC,2023Spring,4.83,7.17,6,3
111358,GENETIC 216,GENETIC,2024Spring,5.0,6.22,11,3
111358,GENETIC 216,GENETIC,2025Spring,4.75,8.42,13,3
111361,E-PSCI 131,E-PSCI,2024Spring,5.0,7.4,21,1
111385,MUSIC 219R,MUSIC,2022Fall,4.67,6.33,8,1
111399,MUSIC 180R,MUSIC,2023Fall,4.86,3.29,9,1
111404,ECON 3012,ECON,2023Spring,5.0,0,26,3
111404,ECON 3012,ECON,2023Fall,5.0,0,31,3
111404,ECON 3012,ECON,2024Fall,3.0,0,24,3
111404,ECON 3012,ECON,2025Spring,3.67,0,20,3
111406,GREEK 104,GREEK,2023Fall,4.4,7.4,6,1
111407,ECON 2611,ECON,2023Spring,3.5,12.0,8,2
111407,ECON 2611,ECON,2024Spring,4.14,8.71,10,1
111407,ECON 2611,ECON,2025Spring,4.7,8.33,16,1
111410,GOV 2305,GOV,2022Fall,2.9,6.78,15,2
111410,GOV 2305,GOV,2023Fall,4.17,4.8,12,2
111410,GOV 2305,GOV,2024Fall,3.93,9.79,20,2
111424,PHIL 140,PHIL,2022Fall,3.73,7.05,35,1
111424,PHIL 140,PHIL,2023Fall,3.55,5.86,36,1
111428,GOV 2020,GOV,2024Fall,4.38,6.62,20,1
111438,AFRAMER 123Z,AFRAMER,2023Spring,4.0,4.71,10,2
111438,AFRAMER 123Z,AFRAMER,2024Spring,3.23,3.08,12,2
111438,AFRAMER 123Z,AFRAMER,2025Spring,4.0,6.2,15,2
111458,MATH 131,MATH,2022Fall,4.56,10.84,33,1
111458,MATH 131,MATH,2023Fall,4.52,9.43,40,1
111458,MATH 131,MATH,2024Fall,3.2,11.21,28,1
111477,ECON 1545,ECON,2023Fall,4.45,4.64,21,1
111477,ECON 1545,ECON,2024Fall,4.64,7.21,23,1
111508,HAA 193X,HAA,2022Fall,3.67,6.0,16,1
111508,HAA 193X,HAA,2025Spring,4.0,4.75,11,1
111530,GOV 2002,GOV,2023Spring,4.56,13.56,15,1
111530,GOV 2002,GOV,2023Fall,3.74,9.45,25,1
111533,MATH 124,MATH,2023Spring,4.25,8.0,8,1
111533,MATH 124,MATH,2023Fall,3.5,7.57,10,1
111533,MATH 124,MATH,2024Fall,3.6,10.11,13,1
111536,GOV 2080,GOV,2022Fall,4.33,3.18,15,1
111548,GOV 1360,GOV,2024Fall,4.34,4.23,40,1
111556,GOV 1982,GOV,2023Fall,4.43,4.43,22,1
111556,GOV 1982,GOV,2024Fall,4.56,5.75,21,1
111565,ENGLISH 141,ENGLISH,2025Spring,4.93,8.2,26,1
111575,ENGLISH 178X,ENGLISH,2023Spring,4.76,6.05,67,1
111575,ENGLISH 178X,ENGLISH,2024Spring,4.62,6.1,102,1
111650,COMPLIT 299AR,COMPLIT,2022Fall,4.43,5.83,12,1
111650,COMPLIT 299AR,COMPLIT,2023Fall,4.36,4.6,17,1
111650,COMPLIT 299AR,COMPLIT,2025Spring,5.0,6.0,13,1
111696,STAT 210,STAT,2022Fall,4.51,10.72,75,1
111696,STAT 210,STAT,2023Fall,4.59,9.65,97,1
111696,STAT 210,STAT,2024Fall,4.45,11.49,92,1
111698,GOV 1300,GOV,2022Fall,3.83,4.67,28,1
111698,GOV 1300,GOV,2024Spring,4.6,3.8,6,1
111720,MCB 169,MCB,2022Fall,4.14,5.06,83,1
111720,MCB 169,MCB,2023Fall,4.41,4.07,53,1
111720,MCB 169,MCB,2024Fall,4.16,5.03,58,1
111729,TURKISH AA,TURKISH,2022Fall,4.6,8.2,5,1
111729,TURKISH AA,TURKISH,2023Fall,4.6,8.6,5,1
111729,TURKISH AA,TURKISH,2024Fall,5.0,7.33,6,1
111731,PHYSICS 143B,PHYSICS,2022Fall,2.74,10.68,22,1
111731,PHYSICS 143B,PHYSICS,2023Fall,4.4,8.45,24,1
111731,PHYSICS 143B,PHYSICS,2024Spring,4.75,8.14,12,1
111731,PHYSICS 143B,PHYSICS,2024Fall,4.24,10.62,23,1
111749,ECON 1535,ECON,2022Fall,4.23,5.41,32,1
111749,ECON 1535,ECON,2023Fall,4.56,4.89,15,1
111749,ECON 1535,ECON,2024Fall,4.58,6.54,42,1
111756,MOD-HEB 120B,MOD-HEB,2023Spring,4.25,11.6,6,1
111781,SOCIOL 3305,SOCIOL,2022Fall,3.83,2.25,7,1
111796,GERMAN 20B,GERMAN,2023Spring,4.86,6.0,9,1
111796,GERMAN 20B,GERMAN,2024Spring,4.33,4.67,9,1
111813,GOV 30,GOV,2022Fall,4.0,4.36,55,1
111813,GOV 30,GOV,2023Fall,4.02,4.71,58,1
111813,GOV 30,GOV,2024Fall,4.06,6.23,73,1
111822,PHYSICS 153,PHYSICS,2023Spring,4.28,11.04,32,1
111822,PHYSICS 153,PHYSICS,2024Spring,4.5,9.26,29,1
111822,PHYSICS 153,PHYSICS,2025Spring,4.34,9.33,60,1
111824,MATH 213BR,MATH,2023Spring,4.7,10.1,14,1
111824,MATH 213BR,MATH,2024Spring,4.46,9.62,15,1
111846,KOREAN 130B,KOREAN,2023Spring,4.83,5.67,7,1
111846,KOREAN 130B,KOREAN,2024Spring,4.6,7.8,7,1
111846,KOREAN 130B,KOREAN,2025Spring,4.14,9.86,14,1
111855,E-PSCI 200,E-PSCI,2022Fall,4.6,4.7,11,1
111855,E-PSCI 200,E-PSCI,2023Fall,4.86,4.0,9,1
111876,PHYSICS 251B,PHYSICS,2023Spring,3.29,9.0,21,1
111876,PHYSICS 251B,PHYSICS,2024Spring,4.55,7.9,28,1
111876,PHYSICS 251B,PHYSICS,2025Spring,4.0,7.75,41,1
111896,PHYSICS 15B,PHYSICS,2022Fall,4.06,7.0,62,2
111896,PHYSICS 15B,PHYSICS,2023Spring,3.34,8.38,56,4
111896,PHYSICS 15B,PHYSICS,2023Fall,3.61,6.44,44,3
111896,PHYSICS 15B,PHYSICS,2024Spring,3.8,7.32,37,2
111896,PHYSICS 15B,PHYSICS,2024Fall,4.03,7.41,50,3
111896,PHYSICS 15B,PHYSICS,2025Spring,3.56,8.64,51,3
111906,GOV 1780,GOV,2022Fall,4.67,6.5,10,1
111906,GOV 1780,GOV,2023Fall,4.29,7.57,30,1
111933,FRENCH 16,FRENCH,2023Fall,4.8,5.6,6,1
111954,LING 105,LING,2023Spring,3.57,5.45,38,1
111954,LING 105,LING,2024Spring,3.67,5.5,37,1
111954,LING 105,LING,2024Fall,2.8,6.7,16,1
111967,PHYSICS 95,PHYSICS,2022Fall,4.67,1.83,10,1
111967,PHYSICS 95,PHYSICS,2023Fall,4.71,1.71,9,1
111967,PHYSICS 95,PHYSICS,2024Spring,4.67,1.67,5,1
111967,PHYSICS 95,PHYSICS,2024Fall,4.69,2.86,22,1
111993,COMPSCI 2210,COMPSCI,2024Fall,4.88,8.59,20,1
111994,COMPSCI 222,COMPSCI,2022Fall,4.24,7.74,32,1
111994,COMPSCI 2241,COMPSCI,2025Spring,4.22,7.03,124,1
111998,ECON 2723,ECON,2022Fall,4.6,12.14,14,1
111998,ECON 2723,ECON,2023Fall,4.67,13.0,8,1
111998,ECON 2723,ECON,2024Fall,4.17,11.6,9,1
112062,ECON 1010B,ECON,2022Fall,2.19,8.35,80,1
112062,ECON 1010B,ECON,2023Spring,3.39,5.61,245,1
112062,ECON 1010B,ECON,2023Fall,3.19,7.73,83,1
112062,ECON 1010B,ECON,2024Spring,3.66,5.54,245,1
112062,ECON 1010B,ECON,2024Fall,3.44,7.03,112,1
112062,ECON 1010B,ECON,2025Spring,3.59,5.96,267,1
112069,HIST 2462,HIST,2023Spring,4.4,11.0,7,1
112069,HIST 2462,HIST,2025Spring,4.6,8.2,11,2
112079,HIND-URD 102A,HIND-URD,2022Fall,5.0,3.75,6,1
112079,HIND-URD 102A,HIND-URD,2024Fall,4.75,6.0,13,1
112099,LING 118,LING,2023Spring,4.57,7.6,11,1
112099,LING 118,LING,2024Fall,4.44,3.17,12,1
112103,CHEM 242,CHEM,2023Fall,4.57,9.29,9,1
112103,CHEM 242,CHEM,2024Fall,2.83,4.4,7,1
112107,PHYSICS 195A,PHYSICS,2022Fall,4.79,7.72,35,1
112107,PHYSICS 195A,PHYSICS,2023Fall,4.67,7.07,41,1
112107,PHYSICS 195A,PHYSICS,2024Fall,4.75,7.25,24,1
112121,STAT 160,STAT,2024Spring,4.8,7.87,19,2
112195,ECON 1818,ECON,2023Spring,4.33,2.67,14,1
112195,ECON 1818,ECON,2024Spring,4.0,3.1,21,1
112195,ECON 1818,ECON,2025Spring,4.75,5.0,17,1
112199,GENED 1051,GENED,2024Spring,4.63,6.39,24,1
112204,MATH 261,MATH,2024Fall,5.0,5.33,36,1
112218,GENED 1177,GENED,2023Spring,3.17,4.5,34,1
112219,HEB 1310,HEB,2024Spring,4.0,6.53,21,1
112219,HEB 130,HEB,2025Spring,4.88,4.13,14,1
112225,PSY 3900,PSY,2022Fall,4.71,2.14,7,1
112235,MUSIC BHFA,MUSIC,2023Fall,4.6,8.0,8,1
112263,PHYSICS 232,PHYSICS,2023Spring,4.33,7.0,8,1
112263,PHYSICS 232,PHYSICS,2024Spring,4.17,5.6,19,1
112263,PHYSICS 232,PHYSICS,2025Spring,4.5,6.75,9,1
112288,GREEK 112A,GREEK,2022Fall,4.71,8.71,13,1
112288,GREEK 112A,GREEK,2024Fall,4.67,10.0,8,1
112339,GENED 1027,GENED,2023Spring,3.62,3.95,61,2
112339,GENED 1027,GENED,2024Spring,4.27,2.55,29,2
112339,GENED 1027,GENED,2025Spring,4.18,4.21,56,2
112340,ITAL 15,ITAL,2022Fall,4.6,8.6,8,1
112340,ITAL 15,ITAL,2023Spring,4.0,11.33,6,1
112340,ITAL 15,ITAL,2025Spring,5.0,12.5,7,1
112349,FRSEMR 21W,FYSEMR,2022Fall,4.78,2.0,11,1
112349,FYSEMR 21W,FYSEMR,2023Fall,4.82,2.09,11,1
112349,FYSEMR 21W,FYSEMR,2024Fall,4.8,7.2,10,1
112355,SOCIOL 3307,SOCIOL,2022Fall,4.67,4.8,9,1
112355,SOCIOL 3307,SOCIOL,2023Fall,5.0,3.75,9,1
112378,GENED 1105,GENED,2022Fall,4.08,4.36,96,2
112378,GENED 1105,GENED,2023Fall,3.98,3.72,90,2
112378,GENED 1105,GENED,2024Fall,4.37,4.92,89,1
112430,GENED 1098,GENED,2023Spring,4.14,3.32,35,1
112430,GENED 1098,GENED,2024Spring,4.83,2.92,20,1
112430,GENED 1098,GENED,2024Fall,4.12,4.48,40,1
112431,BPH 210,BPH,2024Spring,3.63,4.17,9,2
112431,BPH 210,BPH,2025Spring,3.14,5.5,14,2
112452,LING 99A,LING,2023Fall,3.67,8.0,8,1
112455,SLAVIC 126,SLAVIC,2024Fall,4.67,9.0,5,1
112472,SWEDISH 20A,SWEDISH,2023Fall,5.0,4.75,5,1
112484,HAA 99A,HAA,2022Fall,4.0,6.67,12,1
112484,HAA 99A,HAA,2023Fall,4.0,7.17,6,1
112484,HAA 99A,HAA,2024Fall,5.0,6.6,7,1
112487,ASTRON 98,ASTRON,2023Fall,4.58,8.64,16,1
112610,ESPP 78,ESPP,2022Fall,3.94,5.94,47,1
112610,ESPP 78,ESPP,2024Fall,3.58,9.06,50,1
112754,GENED 1148,GENED,2022Fall,3.7,3.33,83,2
112754,GENED 1148,GENED,2023Fall,3.85,3.32,50,2
112754,GENED 1148,GENED,2024Fall,3.83,5.35,70,2
112770,ECON 2810B,ECON,2024Spring,4.78,5.67,14,1
112770,ECON 2810B,ECON,2025Spring,3.25,6.42,14,1
112798,APMTH 201,APMTH,2023Spring,4.33,9.76,26,1
112798,APMTH 201,APMTH,2023Fall,4.03,9.33,45,1
112798,APMTH 201,APMTH,2025Spring,3.94,10.0,55,1
112823,RUSS BA,RUSS,2022Fall,4.8,8.0,6,1
112823,RUSS BA,RUSS,2023Fall,5.0,9.0,8,2
112823,RUSS BA,RUSS,2024Fall,4.86,11.71,8,1
112835,RUSS 102,RUSS,2022Fall,3.6,6.2,7,1
112854,RUSS 112,RUSS,2023Spring,5.0,4.71,8,1
112854,RUSS 112,RUSS,2025Spring,4.71,8.71,8,1
112869,ARABIC 241AR,ARABIC,2022Fall,5.0,7.5,7,1
112869,ARABIC 241AR,ARABIC,2023Fall,5.0,8.86,8,1
112871,MATH 55B,MATH,2023Spring,4.83,15.23,45,1
112871,MATH 55B,MATH,2024Spring,4.81,14.35,59,1
112871,MATH 55B,MATH,2025Spring,4.74,17.85,62,1
112874,SOCIOL 2203,SOCIOL,2024Spring,3.9,5.8,16,1
112874,SOCIOL 2203,SOCIOL,2025Spring,4.08,6.77,18,1
112880,TDM 110,TDM,2023Spring,4.92,1.91,13,1
112880,TDM 110,TDM,2025Spring,4.88,3.0,11,1
112899,CHNSE 107A,CHNSE,2022Fall,4.83,11.33,6,1
112920,GERMAN 20A,GERMAN,2022Fall,4.5,6.13,8,1
112920,GERMAN 20A,GERMAN,2023Fall,4.42,4.42,13,1
112920,GERMAN 20A,GERMAN,2024Fall,5.0,10.4,7,1
112942,ECON 2020A,ECON,2022Fall,3.71,9.25,33,1
112942,ECON 2020A,ECON,2023Fall,3.14,12.5,29,1
112942,ECON 2020A,ECON,2024Fall,3.24,10.5,37,1
112945,HEBREW 165,HEBREW,2022Fall,4.4,3.8,9,1
112954,CHEM 135,CHEM,2025Spring,4.67,2.8,7,1
112960,COMPSCI 51,COMPSCI,2023Spring,3.09,13.89,118,1
112960,COMPSCI 51,COMPSCI,2024Spring,3.6,11.06,54,2
112960,COMPSCI 51,COMPSCI,2025Spring,3.06,11.05,33,2
112976,CHEM 160,CHEM,2022Fall,4.56,5.21,43,2
112976,CHEM 160,CHEM,2023Fall,4.66,4.8,66,1
112976,CHEM 160,CHEM,2024Fall,4.55,5.78,57,2
113055,AFVS 153BR,AFVS,2022Fall,4.6,10.8,8,1
113055,AFVS 153BR,AFVS,2023Spring,4.71,8.71,8,1
113055,AFVS 153BR,AFVS,2023Fall,4.86,6.57,10,1
113055,AFVS 153BR,AFVS,2024Fall,5.0,9.25,10,1
113094,PSY 971,PSY,2022Fall,4.46,5.88,32,2
113094,PSY 971,PSY,2023Spring,4.49,6.64,64,3
113094,PSY 971,PSY,2023Fall,4.78,4.75,23,2
113094,PSY 971,PSY,2024Spring,4.56,4.91,60,2
113094,PSY 971,PSY,2024Fall,4.48,5.83,31,2
113094,PSY 971,PSY,2025Spring,4.47,5.57,56,2
113210,GOV 1796,GOV,2022Fall,4.82,10.73,15,3
113210,GOV 1796,GOV,2023Fall,4.55,8.73,13,3
113210,GOV 1796,GOV,2024Fall,5.0,11.5,9,3
113217,CHEM 161,CHEM,2023Spring,3.08,6.18,40,1
113217,CHEM 161,CHEM,2024Spring,3.75,6.36,18,1
113217,CHEM 161,CHEM,2025Spring,3.8,7.0,17,1
113249,CHNSE 106B,CHNSE,2023Spring,5.0,8.0,8,1
113249,CHNSE 106B,CHNSE,2025Spring,4.67,4.8,9,1
113262,ASTRON 191,ASTRON,2023Spring,4.33,16.5,6,1
113270,COMPSCI 146,COMPSCI,2023Spring,4.2,8.3,20,1
113270,COMPSCI 146,COMPSCI,2024Spring,4.36,6.44,16,1
113276,BPH 208,BPH,2022Fall,3.14,5.14,10,1
113276,BPH 208,BPH,2023Fall,4.5,5.6,11,1
113276,BPH 208,BPH,2024Fall,3.88,4.0,14,1
113296,COMPSCI 2280,COMPSCI,2025Spring,3.5,9.48,38,1
113324,SANSKRIT 200AR,SANSKRIT,2022Fall,5.0,7.8,7,1
113324,SANSKRIT 200R,SANSKRIT,2023Fall,5.0,5.8,5,1
113326,ECON 10A,ECON,2022Fall,3.83,4.76,737,3
113326,ECON 10A,ECON,2023Spring,3.68,4.7,98,1
113326,ECON 10A,ECON,2023Fall,3.82,4.8,693,3
113326,ECON 10A,ECON,2024Spring,3.91,4.62,79,1
113326,ECON 10A,ECON,2024Fall,3.91,5.5,735,3
113326,ECON 10A,ECON,2025Spring,3.99,5.44,93,1
113328,AMSTDIES 200,AMSTDIES,2024Fall,5.0,6.14,8,1
113337,HAA 11,HAA,2023Spring,3.98,2.3,95,1
113337,HAA 11,HAA,2024Spring,3.49,2.77,100,1
113337,HAA 11,HAA,2025Spring,4.03,4.2,56,2
113339,PHIL 156,PHIL,2023Spring,4.33,5.77,21,1
113339,PHIL 156,PHIL,2024Spring,5.0,5.77,21,1
113339,PHIL 156,PHIL,2025Spring,4.03,4.47,53,1
113348,JAPAN 140A,JAPAN,2022Fall,4.6,8.4,9,1
113348,JAPAN 140A,JAPAN,2023Fall,4.86,7.0,9,1
113348,JAPAN 140A,JAPAN,2024Fall,5.0,9.25,6,1
113349,ECON 2052,ECON,2023Spring,4.4,12.25,7,1
113349,ECON 2052,ECON,2025Spring,4.67,7.6,14,1
113358,MUSIC 217R,MUSIC,2023Fall,5.0,8.17,8,1
113367,PERSIAN BB,PERSIAN,2023Spring,4.8,8.2,8,1
113367,PERSIAN BB,PERSIAN,2025Spring,3.33,6.5,6,1
113369,MATH 230A,MATH,2022Fall,2.8,10.87,22,1
113369,MATH 230A,MATH,2023Fall,3.75,8.5,13,1
113369,MATH 230A,MATH,2024Fall,4.27,13.09,20,1
113378,SUMERIAN 141,SUMERIAN,2024Fall,4.75,2.5,8,1
113383,MUSIC 193R,MUSIC,2023Spring,4.56,4.33,12,1
113404,ECON 2610,ECON,2022Fall,2.3,13.22,14,3
113404,ECON 2610,ECON,2023Fall,4.5,10.0,12,1
113404,ECON 2610,ECON,2024Fall,4.08,11.92,19,2
113410,COMPSCI 175,COMPSCI,2023Spring,3.67,8.07,47,1
113410,COMPSCI 175,COMPSCI,2024Spring,3.97,9.46,46,1
113431,STAT 100,STAT,2022Fall,4.48,7.01,162,2
113431,STAT 100,STAT,2023Spring,4.1,7.62,262,2
113431,STAT 100,STAT,2023Fall,4.2,8.07,206,2
113431,STAT 100,STAT,2024Spring,4.23,7.42,244,2
113431,STAT 100,STAT,2024Fall,2.83,10.89,225,1
113431,STAT 100,STAT,2025Spring,2.76,7.79,262,3
113442,RELIGION 1802,RELIGION,2022Fall,4.73,5.55,14,1
113443,ENGLISH 98R,ENGLISH,2022Fall,5.0,6.25,5,1
113443,ENGLISH 98R,ENGLISH,2024Spring,4.0,8.6,5,1
113443,ENGLISH 98R,ENGLISH,2024Fall,4.6,7.8,5,1
113443,ENGLISH 98R,ENGLISH,2025Spring,4.5,9.75,5,1
113447,AFVS 151BR,AFVS,2023Fall,4.17,7.6,9,1
113447,AFVS 151BR,AFVS,2024Fall,4.5,6.75,9,1
113464,MATH MB,MATH,2023Spring,4.19,10.8,15,8
113464,MATH MB,MATH,2024Spring,3.96,10.81,15,6
113464,MATH MB,MATH,2025Spring,4.26,10.59,14,4
113501,GENED 1074,GENED,2022Fall,3.96,4.01,224,1
113501,GENED 1074,GENED,2023Fall,3.89,3.45,335,1
113501,GENED 1074,GENED,2024Fall,3.96,5.28,201,1
113504,GOV 97,GOV,2023Spring,4.58,5.92,9,2
113504,GOV 97,GOV,2025Spring,4.36,7.18,15,1
113516,AFVS 150B,AFVS,2024Spring,4.5,15.0,9,1
113516,AFVS 150B,AFVS,2025Spring,4.2,11.4,9,1
113567,ANTHRO 97X,ANTHRO,2024Spring,4.8,4.4,6,1
113573,PHIL 137,PHIL,2024Spring,4.88,5.0,15,1
113573,PHIL 137,PHIL,2025Spring,3.85,5.25,17,1
113576,TURKISH 120A,TURKISH,2022Fall,4.57,9.57,7,1
113608,MATH 113,MATH,2023Spring,4.73,10.59,35,1
113608,MATH 113,MATH,2024Spring,3.0,15.29,18,1
113608,MATH 113,MATH,2025Spring,4.36,7.9,70,1
113615,ECON 2020B,ECON,2023Spring,3.5,6.29,25,2
113615,ECON 2020B,ECON,2024Spring,3.63,9.37,25,2
113615,ECON 2020B,ECON,2025Spring,4.7,7.45,33,2
113627,MATH 55A,MATH,2022Fall,4.63,18.81,40,1
113627,MATH 55A,MATH,2023Fall,4.61,19.02,61,1
113627,MATH 55A,MATH,2024Fall,4.68,20.08,52,1
113637,ECON 1126,ECON,2022Fall,3.23,7.0,76,1
113637,ECON 1126,ECON,2023Fall,2.37,7.41,55,1
113637,ECON 1126,ECON,2025Spring,3.59,7.27,82,1
113639,HIND-URD 101A,HIND-URD,2022Fall,4.69,3.73,22,1
113639,HIND-URD 101A,HIND-URD,2023Fall,4.75,3.42,35,1
113639,HIND-URD 101A,HIND-URD,2024Fall,4.75,3.15,9,3
113660,COMPSCI 265,COMPSCI,2023Spring,4.36,9.31,22,1
113660,COMPSCI 265,COMPSCI,2024Spring,4.75,8.63,28,1
113660,COMPSCI 2650,COMPSCI,2025Spring,4.27,8.14,34,1
113685,TIBET 101A,TIBET,2022Fall,4.75,8.25,5,1
113704,PSY 2460,PSY,2024Spring,5.0,2.6,6,1
113721,STAT 171,STAT,2023Spring,4.49,7.93,67,1
113721,STAT 171,STAT,2024Spring,4.72,7.24,69,1
113721,STAT 171,STAT,2025Spring,3.91,7.6,88,1
113749,LING 98A,LING,2022Fall,4.29,3.0,7,1
113749,LING 98A,LING,2023Fall,4.67,2.0,7,1
113749,LING 98A,LING,2024Fall,4.2,5.6,7,1
113752,GENETIC 201,GENETIC,2022Fall,4.04,8.72,63,6
113752,GENETIC 201,GENETIC,2023Fall,3.91,8.84,71,5
113752,GENETIC 201,GENETIC,2024Fall,4.29,8.49,72,5
113793,CHNSE 120A,CHNSE,2022Fall,4.75,3.75,9,2
113793,CHNSE 120A,CHNSE,2023Fall,4.78,8.22,11,1
113793,CHNSE 120A,CHNSE,2024Fall,4.78,5.89,14,1
113797,ASTRON 1,ASTRON,2023Spring,3.98,5.7,69,2
113797,ASTRON 1,ASTRON,2023Fall,4.53,4.94,26,1
113797,ASTRON 1,ASTRON,2025Spring,4.36,7.08,18,1
113802,GERMAN 10A,GERMAN,2022Fall,4.57,6.14,10,1
113802,GERMAN 10A,GERMAN,2023Fall,4.8,5.6,6,1
113802,GERMAN 10A,GERMAN,2024Fall,4.2,7.2,6,1
113806,PORTUG 10S,PORTUG,2022Fall,4.91,3.45,12,1
113806,PORTUG 10S,PORTUG,2023Fall,4.5,2.38,8,1
113806,PORTUG 10S,PORTUG,2024Spring,4.6,2.7,10,1
113806,PORTUG 10S,PORTUG,2024Fall,5.0,4.44,9,1
113806,PORTUG 10S,PORTUG,2025Spring,5.0,4.6,6,1
113811,MATH 154,MATH,2023Spring,3.17,6.67,9,1
113811,MATH 154,MATH,2024Spring,3.83,7.8,17,1
113811,MATH 154,MATH,2025Spring,4.38,7.17,15,1
113814,ITAL 10,ITAL,2022Fall,5.0,7.67,11,1
113814,ITAL 10,ITAL,2023Fall,4.86,7.56,8,2
113814,ITAL 10,ITAL,2024Spring,5.0,6.4,7,2
113814,ITAL 10,ITAL,2024Fall,5.0,6.33,9,1
113814,ITAL 10,ITAL,2025Spring,4.89,7.25,12,1
113837,HEB 1330,HEB,2022Fall,3.56,4.77,37,2
113837,HEB 30,HEB,2024Fall,5.0,2.0,7,1
113847,COMPSCI 161,COMPSCI,2024Spring,4.79,15.11,43,1
113847,COMPSCI 1610,COMPSCI,2025Spring,4.63,15.95,25,1
113856,COMPSCI 141,COMPSCI,2023Spring,3.29,12.41,44,1
113856,COMPSCI 141,COMPSCI,2024Spring,4.08,13.75,35,1
113856,COMPSCI 1410,COMPSCI,2024Fall,4.22,11.44,20,1
113873,CHNSE BA,CHNSE,2022Fall,4.75,9.29,11,1
113873,CHNSE BA,CHNSE,2023Fall,4.65,6.55,24,1
113873,CHNSE BA,CHNSE,2024Fall,4.92,9.33,14,1
113873,CHNSE BA,CHNSE,2025Spring,5.0,10.38,16,1
113876,APMTH 120,APMTH,2023Spring,4.46,8.01,113,1
113876,APMTH 120,APMTH,2024Spring,4.35,7.94,164,1
113876,APMTH 120,APMTH,2025Spring,4.45,8.35,138,1
113904,ECON 2142,ECON,2022Fall,4.68,7.71,31,1
113904,ECON 2142,ECON,2023Fall,3.76,8.47,68,1
113904,ECON 2142,ECON,2024Fall,3.77,10.32,32,1
113925,RUSS AAB,RUSS,2023Fall,4.83,7.67,8,1
113925,RUSS AAB,RUSS,2024Fall,5.0,10.8,5,1
113925,RUSS AAB,RUSS,2025Spring,4.8,14.3,12,1
113944,COMPSCI 283,COMPSCI,2023Fall,4.57,13.21,20,1
113944,COMPSCI 2831,COMPSCI,2024Fall,4.47,13.14,22,1
113962,PHIL 188,PHIL,2023Fall,4.4,6.57,24,1
113968,AFVS 97,AFVS,2023Spring,3.26,3.68,36,1
113968,AFVS 97,AFVS,2024Spring,3.38,3.85,22,1
113968,AFVS 97,AFVS,2025Spring,3.56,5.0,21,1
113970,HIST 1280,HIST,2023Fall,4.14,6.86,7,1
113988,HLTHPOL 2000A,HLTHPOL,2022Fall,3.43,4.17,13,1
113988,HLTHPOL 2000A,HLTHPOL,2023Fall,4.0,4.88,12,1
113988,HLTHPOL 2000A,HLTHPOL,2024Fall,3.67,4.17,11,1
113995,ECON 2530A,ECON,2023Fall,4.17,5.0,6,1
114022,GREEK 116,GREEK,2022Fall,4.8,6.2,5,1
114027,STAT 104,STAT,2022Fall,3.92,8.39,84,1
114027,STAT 104,STAT,2023Spring,3.95,8.25,30,1
114027,STAT 104,STAT,2023Fall,3.92,8.38,80,1
114027,STAT 104,STAT,2024Spring,3.59,8.36,49,1
114027,STAT 104,STAT,2024Fall,3.58,9.61,55,1
114038,COMPLIT 97,COMPLIT,2023Spring,5.0,6.55,11,1
114038,COMPLIT 97,COMPLIT,2024Spring,4.42,5.5,12,1
114038,COMPLIT 97,COMPLIT,2025Spring,4.22,6.56,14,1
114116,AFVS 150A,AFVS,2023Fall,4.5,8.0,9,1
114116,AFVS 150A,AFVS,2024Fall,4.17,6.0,10,1
114117,JAPAN 150A,JAPAN,2022Fall,4.8,7.8,9,1
114117,JAPAN 150A,JAPAN,2023Fall,4.4,7.4,6,1
114153,LING 112,LING,2022Fall,4.29,6.43,8,1
114178,PSY 15,PSY,2023Spring,4.14,4.39,159,1
114178,PSY 15,PSY,2023Fall,4.24,4.03,108,1
114178,PSY 15,PSY,2024Fall,4.14,4.61,115,1
114188,MUSIC 150,MUSIC,2022Fall,4.8,5.6,6,1
114188,MUSIC 150,MUSIC,2023Fall,3.8,3.8,6,1
114188,MUSIC 150,MUSIC,2025Spring,4.89,5.5,15,1
114200,SPANSH 30,SPANSH,2022Fall,4.67,5.13,10,1
114200,SPANSH 30,SPANSH,2023Spring,4.8,5.78,10,1
114200,SPANSH 30,SPANSH,2023Fall,4.56,4.13,11,1
114200,SPANSH 30,SPANSH,2024Spring,4.9,3.6,13,1
114200,SPANSH 30,SPANSH,2024Fall,4.18,3.7,15,1
114200,SPANSH 30,SPANSH,2025Spring,4.4,3.88,14,1
114218,MOD-HEB BA,MOD-HEB,2022Fall,4.8,6.4,7,1
114218,MOD-HEB BA,MOD-HEB,2023Fall,4.11,8.33,12,1
114266,PHYSICS 210,PHYSICS,2023Spring,4.71,18.0,12,1
114266,PHYSICS 210,PHYSICS,2024Spring,4.43,14.21,24,1
114266,PHYSICS 210,PHYSICS,2025Spring,4.82,13.18,22,1
114270,SANSKRIT 102AR,SANSKRIT,2022Fall,5.0,11.6,5,1
114292,JAPAN 130A,JAPAN,2022Fall,4.71,9.67,9,1
114292,JAPAN 130A,JAPAN,2023Fall,4.5,7.86,11,1
114292,JAPAN 130A,JAPAN,2024Fall,4.8,7.6,11,1
114301,ECON 2810A,ECON,2022Fall,4.55,6.55,18,1
114301,ECON 2810A,ECON,2023Fall,4.56,7.31,25,1
114301,ECON 2810A,ECON,2024Fall,4.4,6.31,18,1
114346,PSY 1801,PSY,2025Spring,4.25,5.25,6,1
114351,AFVS 50A,AFVS,2022Fall,5.0,13.0,10,1
114351,AFVS 50A,AFVS,2023Fall,5.0,20.0,7,1
114351,AFVS 50A,AFVS,2024Fall,5.0,15.0,9,1
114362,PSY 2660R,PSY,2022Fall,4.86,3.57,14,1
114362,PSY 2660R,PSY,2023Fall,4.83,5.83,9,1
114362,PSY 2660R,PSY,2024Fall,4.5,3.75,12,1
114371,CHNSHIS 234R,CHNSHIS,2022Fall,5.0,7.0,14,1
114371,CHNSHIS 234R,CHNSHIS,2024Fall,4.5,4.5,18,1
114383,KOREAN BX,KOREAN,2022Fall,4.4,8.3,12,1
114383,KOREAN BX,KOREAN,2024Fall,4.75,5.75,9,1
114416,PHIL 7,PHIL,2023Fall,4.67,3.5,25,1
114416,PHIL 7,PHIL,2024Fall,4.44,4.12,78,1
114432,GOV 1540,GOV,2022Fall,3.84,7.25,35,1
114432,GOV 1540,GOV,2023Fall,4.91,5.7,11,1
114432,GOV 1540,GOV,2024Fall,4.25,5.0,23,1
114565,HAA 128,HAA,2025Spring,4.75,6.75,15,1
114594,MUSIC 1,MUSIC,2023Spring,3.59,4.13,40,1
114594,MUSIC 1,MUSIC,2024Spring,4.87,3.07,22,1
114664,E-PSCI 109,E-PSCI,2023Spring,4.85,3.46,17,1
114664,E-PSCI 109,E-PSCI,2025Spring,4.36,5.71,42,1
114680,HISTSCI 1520,HISTSCI,2024Spring,5.0,6.67,8,2
114716,GOV 2218,GOV,2023Spring,4.0,5.17,18,1
114740,BCMP 230,BCMP,2022Fall,4.33,2.8,11,3
114740,BCMP 230,BCMP,2023Fall,3.83,1.6,26,2
114740,BCMP 230,BCMP,2024Fall,4.23,3.13,45,2
114754,GOV 1060,GOV,2022Fall,4.89,6.56,18,1
114754,GOV 1060,GOV,2023Fall,4.06,7.24,21,1
114754,GOV 1060,GOV,2024Fall,4.79,7.23,22,1
114765,MEDVLSTD 202,MEDVLSTD,2023Fall,4.71,7.0,9,1
114770,GOV 1171,GOV,2024Spring,4.43,6.76,27,1
114770,GOV 1171,GOV,2024Fall,4.55,5.45,24,1
114789,MCB 115,MCB,2023Spring,4.58,6.42,16,2
114789,MCB 115,MCB,2024Spring,4.7,6.61,25,2
114796,MCB 65,MCB,2023Spring,4.33,10.17,7,3
114796,MCB 65,MCB,2024Spring,4.0,7.2,7,3
114796,MCB 65,MCB,2025Spring,4.06,10.44,22,3
114806,COMPSCI 223,COMPSCI,2023Spring,4.5,10.5,7,1
114807,COMPSCI 252R,COMPSCI,2022Fall,4.6,5.4,11,1
114807,COMPSCI 252R,COMPSCI,2023Fall,4.73,5.91,17,1
114807,COMPSCI 2520R,COMPSCI,2024Fall,4.4,6.9,14,1
114808,ENG-SCI 222,ENG-SCI,2022Fall,4.6,20.0,7,1
114808,ENG-SCI 222,ENG-SCI,2025Spring,4.43,17.0,13,1
114829,ENGLISH 294Z,ENGLISH,2023Spring,4.42,6.67,14,1
114829,ENGLISH 294Z,ENGLISH,2024Fall,4.75,7.0,15,1
114862,HIST 2055,HIST,2023Fall,4.8,6.4,8,1
114864,MCB 188,MCB,2024Spring,4.75,2.67,7,1
114864,MCB 188,MCB,2025Spring,4.5,7.0,12,1
114881,HIST 2400,HIST,2023Fall,5.0,6.2,13,1
114922,GENED 1106,GENED,2024Spring,3.86,4.29,19,1
114941,ROM-STD 97,ROM-STD,2023Spring,4.27,4.36,15,1
114944,PORTUG 30,PORTUG,2022Fall,4.6,2.6,5,1
114944,PORTUG 30,PORTUG,2024Spring,4.6,2.25,5,1
114957,GHHP 50,GHHP,2023Spring,4.97,2.71,43,1
114957,GHHP 50,GHHP,2023Fall,4.97,2.47,42,1
114957,GHHP 50,GHHP,2024Fall,4.86,3.54,53,1
115014,GOV 1061,GOV,2023Spring,4.57,5.45,35,1
115014,GOV 1061,GOV,2024Spring,4.44,6.93,26,1
115014,GOV 1061,GOV,2025Spring,4.0,6.19,22,1
115026,ECON 2120,ECON,2022Fall,4.03,8.42,44,1
115026,ECON 2120,ECON,2023Fall,3.13,11.36,33,1
115026,ECON 2120,ECON,2024Fall,4.35,11.96,37,1
115030,ECON 3011,ECON,2023Spring,4.8,2.0,17,3
115030,ECON 3011,ECON,2024Fall,5.0,4.5,16,2
115034,CHNSE 187,CHNSE,2023Spring,4.79,4.42,18,1
115077,STAT 221,STAT,2022Fall,3.17,10.32,33,1
115077,STAT 221,STAT,2023Fall,3.71,9.83,9,1
115130,SOCIOL 97,SOCIOL,2022Fall,4.56,6.83,31,1
115130,SOCIOL 97,SOCIOL,2023Spring,4.3,7.55,32,1
115130,SOCIOL 97,SOCIOL,2023Fall,4.3,5.76,34,1
115130,SOCIOL 97,SOCIOL,2024Spring,4.39,7.28,26,1
115130,SOCIOL 97,SOCIOL,2024Fall,4.47,7.28,29,1
115130,SOCIOL 97,SOCIOL,2025Spring,4.25,6.13,25,1
115137,CHEM 17,CHEM,2022Fall,3.25,11.09,285,1
115137,CHEM 17,CHEM,2023Fall,4.05,10.07,257,1
115137,CHEM 17,CHEM,2024Fall,3.58,11.99,258,2
115190,GERMAN 120,GERMAN,2025Spring,4.83,9.67,6,1
115238,GREEK 134,GREEK,2022Fall,4.17,4.67,8,1
115384,COMPSCI 124,COMPSCI,2023Spring,3.46,16.7,254,2
115384,COMPSCI 124,COMPSCI,2024Spring,3.61,15.65,191,3
115384,COMPSCI 1240,COMPSCI,2025Spring,3.69,13.3,171,3
115419,HISTSCI 97,HISTSCI,2023Spring,3.85,5.65,36,2
115419,HISTSCI 97,HISTSCI,2024Spring,4.27,4.2,22,2
115419,HISTSCI 97,HISTSCI,2025Spring,4.38,5.62,30,2
115423,RELIGION 12,RELIGION,2024Spring,4.25,3.5,13,1
115442,PHYSICS 253B,PHYSICS,2023Spring,4.83,15.0,16,1
115442,PHYSICS 253B,PHYSICS,2024Spring,4.75,17.57,15,1
115442,PHYSICS 253B,PHYSICS,2025Spring,3.83,18.4,12,1
115470,SOC-STD 10A,SOC-STD,2022Fall,4.25,7.5,103,17
115470,SOC-STD 10A,SOC-STD,2023Fall,4.35,7.32,117,16
115470,SOC-STD 10A,SOC-STD,2024Fall,4.31,8.46,108,16
115494,ECON 3017,ECON,2022Fall,4.29,5.57,8,1
115494,ECON 3017,ECON,2023Fall,4.67,4.67,8,1
115494,ECON 3017,ECON,2024Fall,4.33,9.0,8,1
115521,CHNSLIT 267R,CHNSLIT,2023Spring,4.8,9.4,7,1
115572,PSY 2170,PSY,2023Fall,3.4,9.33,10,1
115572,PSY 2170,PSY,2024Fall,4.67,10.67,8,1
115578,PSY 2500,PSY,2024Spring,4.0,7.54,21,1
115586,HIND-URD 103BR,HIND-URD,2024Spring,5.0,4.5,8,1
115688,AFVS 70,AFVS,2023Spring,3.91,4.9,48,1
115688,AFVS 70,AFVS,2025Spring,3.8,3.9,38,1
115702,SLAVIC 148,SLAVIC,2022Fall,4.86,4.14,8,1
115734,MATH 129,MATH,2023Spring,4.25,12.0,8,1
115734,MATH 129,MATH,2024Spring,4.29,10.76,21,1
115767,BPH 215,BPH,2022Fall,4.25,3.25,7,1
115767,BPH 215,BPH,2024Fall,4.43,4.14,12,1
115778,PHIL 311,PHIL,2022Fall,5.0,0,10,2
115859,GOV 50,GOV,2022Fall,4.3,6.35,123,1
115859,GOV 50,GOV,2023Fall,4.27,5.65,250,1
115859,GOV 50,GOV,2024Fall,3.15,6.11,209,1
115860,GOV 2009,GOV,2025Spring,5.0,6.13,12,1
115876,GOV 2335,GOV,2024Fall,4.36,7.5,17,1
115879,GOV 2738,GOV,2023Spring,5.0,11.0,9,1
115919,SPANSH 59,SPANSH,2022Fall,4.73,4.79,17,1
115919,SPANSH 59,SPANSH,2023Spring,4.9,5.25,15,1
115919,SPANSH 59,SPANSH,2023Fall,4.56,5.56,13,1
115919,SPANSH 59,SPANSH,2024Spring,4.88,5.75,8,1
115919,SPANSH 59,SPANSH,2024Fall,4.46,5.54,14,1
115919,SPANSH 59,SPANSH,2025Spring,5.0,4.9,13,1
115920,SPANSH 50,SPANSH,2022Fall,4.78,4.22,9,1
115920,SPANSH 50,SPANSH,2023Spring,4.43,3.57,12,1
115920,SPANSH 50,SPANSH,2023Fall,4.5,4.1,14,1
115920,SPANSH 50,SPANSH,2024Spring,4.86,3.17,8,1
115920,SPANSH 50,SPANSH,2024Fall,4.75,5.57,10,1
115920,SPANSH 50,SPANSH,2025Spring,4.78,5.5,15,1
115931,E-PSCI 272,E-PSCI,2024Spring,5.0,3.0,7,1
116063,ANTHRO 2080R,ANTHRO,2022Fall,4.4,9.8,7,1
116069,HEB 1420,HEB,2023Spring,4.32,7.88,26,1
116069,HEB 1420,HEB,2024Spring,4.04,9.46,35,1
116069,HEB 55,HEB,2025Spring,4.29,10.29,25,1
116088,LATIN 103,LATIN,2023Spring,4.8,5.4,7,1
116133,ECON 1640,ECON,2022Fall,3.97,6.43,34,1
116133,ECON 1640,ECON,2024Fall,4.5,5.67,25,1
116137,MATH 212,MATH,2023Spring,3.8,17.4,6,1
116137,MATH 212,MATH,2024Spring,3.67,9.0,13,1
116137,MATH 212,MATH,2025Spring,3.67,9.87,27,1
116159,CHEM 163,CHEM,2022Fall,4.8,9.0,5,1
116191,MATH 152,MATH,2022Fall,4.5,6.75,11,1
116196,MATH 155R,MATH,2022Fall,4.8,5.2,7,1
116196,MATH 155R,MATH,2023Fall,4.42,6.75,18,1
116196,MATH 155R,MATH,2024Fall,4.44,8.44,13,1
116219,SOCIOL 1141,SOCIOL,2023Spring,4.78,3.85,38,1
116219,SOCIOL 1141,SOCIOL,2024Spring,4.82,3.5,30,1
116219,SOCIOL 1141,SOCIOL,2025Spring,4.89,4.17,29,1
116233,ITAL 40,ITAL,2022Fall,5.0,9.29,8,1
116233,ITAL 40,ITAL,2024Fall,4.78,7.88,10,1
116237,HIST 1036,HIST,2022Fall,4.4,3.5,8,1
116237,HIST 1036,HIST,2024Fall,4.4,4.25,5,1
116248,GENED 1052,GENED,2023Spring,4.29,3.14,11,1
116263,SPANSH 70,SPANSH,2024Fall,4.79,5.14,20,1
116266,VIETNAM BA,VIETNAM,2023Fall,4.92,2.75,18,1
116266,VIETNAM BA,VIETNAM,2024Fall,4.9,4.1,17,1
116267,VIETNAM BB,VIETNAM,2023Spring,5.0,3.33,8,1
116267,VIETNAM BB,VIETNAM,2024Spring,5.0,3.4,10,1
116267,VIETNAM BB,VIETNAM,2025Spring,4.86,4.71,9,1
116268,VIETNAM 120A,VIETNAM,2024Fall,5.0,4.4,8,1
116270,VIETNAM 120B,VIETNAM,2023Spring,5.0,3.5,7,1
116270,VIETNAM 120B,VIETNAM,2024Spring,5.0,4.33,7,1
116270,VIETNAM 120B,VIETNAM,2025Spring,5.0,4.83,9,1
116271,VIETNAM 130A,VIETNAM,2023Fall,5.0,3.0,8,1
116271,VIETNAM 130A,VIETNAM,2024Fall,4.83,4.17,11,1
116272,VIETNAM 130B,VIETNAM,2025Spring,5.0,4.5,11,1
116288,SOC-STD 98EO,SOC-STD,2023Spring,5.0,7.0,10,1
116288,SOC-STD 98EO,SOC-STD,2023Fall,4.88,5.0,10,1
116288,SOC-STD 98EO,SOC-STD,2024Fall,4.67,6.6,6,1
116295,GOV 2006,GOV,2023Spring,4.63,7.57,9,1
116295,GOV 2006,GOV,2025Spring,4.6,7.8,11,1
116353,EXPOS 20,EXPOS,2022Fall,4.38,5.55,14,25
116353,EXPOS 20,EXPOS,2023Spring,4.37,5.37,13,35
116353,EXPOS 20,EXPOS,2023Fall,4.33,5.3,14,28
116353,EXPOS 20,EXPOS,2024Spring,4.33,5.18,13,37
116353,EXPOS 20,EXPOS,2024Fall,4.32,5.84,13,26
116353,EXPOS 20,EXPOS,2025Spring,4.29,6.37,13,38
116362,ESE 6,ESE,2023Spring,4.22,5.3,26,2
116362,ESE 6,ESE,2024Spring,4.11,3.72,29,2
116362,ESE 6,ESE,2024Fall,4.17,6.94,19,2
116407,PHIL 98,PHIL,2023Spring,4.33,4.17,8,1
116407,PHIL 98,PHIL,2023Fall,3.71,6.71,7,1
116407,PHIL 98,PHIL,2024Spring,4.5,6.9,8,2
116407,PHIL 98,PHIL,2024Fall,4.56,6.44,8,2
116413,VIROLOGY 200,VIROLOGY,2022Fall,4.5,6.5,10,2
116413,VIROLOGY 200,VIROLOGY,2023Fall,5.0,4.75,10,2
116413,VIROLOGY 200,VIROLOGY,2024Fall,3.57,4.5,11,2
116417,PSY 2640R,PSY,2022Fall,4.8,8.0,6,1
116417,PSY 2640R,PSY,2023Spring,5.0,11.33,6,1
116445,MUSIC 174R,MUSIC,2025Spring,4.86,5.57,15,1
116452,MATH 137,MATH,2023Spring,5.0,11.13,8,1
116452,MATH 137,MATH,2024Spring,4.13,7.0,9,1
116452,MATH 137,MATH,2025Spring,4.21,11.74,27,1
116455,NEUROBIO 209,NEUROBIO,2024Spring,4.73,2.93,22,4
116469,SPANSH 15,SPANSH,2022Fall,4.8,6.0,12,1
116469,SPANSH 15,SPANSH,2023Fall,5.0,4.71,8,1
116469,SPANSH 15,SPANSH,2024Spring,4.5,6.5,6,1
116469,SPANSH 15,SPANSH,2024Fall,4.6,8.4,7,1
116469,SPANSH 15,SPANSH,2025Spring,3.75,7.5,9,1
116477,BCMP 200,BCMP,2022Fall,4.3,7.6,76,6
116477,BCMP 200,BCMP,2023Fall,3.51,6.22,81,6
116477,BCMP 200,BCMP,2024Fall,3.54,5.69,89,6
116503,MATH 123,MATH,2023Spring,4.48,8.03,48,1
116503,MATH 123,MATH,2024Spring,3.74,6.94,28,1
116503,MATH 123,MATH,2025Spring,3.71,8.36,22,1
116505,PHIL 300AAA,PHIL,2024Fall,4.75,7.0,7,1
116509,APPHY 291,APPHY,2023Spring,4.46,5.0,15,1
116509,APPHY 291,APPHY,2024Spring,4.0,5.17,17,1
116509,APPHY 291,APPHY,2025Spring,4.78,6.75,12,1
116522,ANTHRO 3626,ANTHRO,2022Fall,4.8,7.5,5,1
116531,COMPSCI 236R,COMPSCI,2022Fall,4.58,5.0,32,1
116531,COMPSCI 236R,COMPSCI,2023Fall,4.6,6.78,30,1
116585,RELIGION 16,RELIGION,2023Spring,4.22,3.32,53,1
116622,PSY 1304,PSY,2022Fall,4.0,3.21,23,1
116622,PSY 1304,PSY,2023Fall,4.07,3.5,26,1
116622,PSY 1304,PSY,2024Fall,4.5,4.6,19,1
116646,PSY 2190,PSY,2023Fall,5.0,6.33,6,1
116729,CLS-STDY 97A,CLS-STDY,2022Fall,4.0,3.0,29,1
116729,CLS-STDY 97A,CLS-STDY,2023Fall,4.68,4.46,32,1
116729,CLS-STDY 97A,CLS-STDY,2024Fall,4.48,5.05,30,1
116735,LATIN 122,LATIN,2025Spring,4.83,5.09,12,1
116737,CELLBIO 211,CELLBIO,2024Spring,4.44,3.44,29,11
116746,ARABIC AA,ARABIC,2022Fall,4.1,9.9,6,2
116746,ARABIC AA,ARABIC,2023Fall,4.6,7.99,10,2
116746,ARABIC AA,ARABIC,2024Spring,4.63,5.88,10,1
116746,ARABIC AA,ARABIC,2024Fall,4.89,10.21,12,3
116807,FRSEMR 33X,FYSEMR,2022Fall,4.78,7.78,10,1
116807,FYSEMR 33X,FYSEMR,2023Fall,4.5,7.0,9,1
116807,FYSEMR 33X,FYSEMR,2024Fall,4.75,6.0,10,1
116853,HIST 99A,HIST,2022Fall,4.29,8.69,32,1
116853,HIST 99A,HIST,2023Fall,4.39,6.88,34,1
116853,HIST 99A,HIST,2024Fall,4.52,9.79,35,1
116859,ENG-SCI 150,ENG-SCI,2023Spring,4.6,7.93,22,1
116859,ENG-SCI 150,ENG-SCI,2024Spring,4.48,6.64,42,1
116859,ENG-SCI 150,ENG-SCI,2025Spring,4.54,6.95,71,1
116874,ENGLISH CLR,ENGLISH,2022Fall,4.83,3.8,12,1
116874,ENGLISH CLR,ENGLISH,2023Spring,4.78,3.75,12,1
116874,ENGLISH CLR,ENGLISH,2023Fall,5.0,4.86,12,1
116874,ENGLISH CLR,ENGLISH,2024Spring,5.0,3.78,11,1
116874,ENGLISH CLR,ENGLISH,2024Fall,4.75,3.75,11,1
116874,ENGLISH CLR,ENGLISH,2025Spring,5.0,4.57,10,1
116875,ENGLISH CKR,ENGLISH,2023Fall,4.75,5.14,11,1
116875,ENGLISH CKR,ENGLISH,2024Fall,4.71,4.86,8,1
116977,ENGLISH 103G,ENGLISH,2023Spring,3.11,7.38,16,1
117043,RELIGION 97,RELIGION,2023Spring,4.67,4.22,12,1
117043,RELIGION 97,RELIGION,2025Spring,4.67,7.5,8,1
117085,CHNSE 163,CHNSE,2023Spring,4.75,4.75,6,1
117085,CHNSE 163,CHNSE,2025Spring,5.0,7.0,6,1
117103,LING 216,LING,2023Spring,4.83,5.5,7,1
117131,STAT 131,STAT,2023Spring,4.18,6.36,20,1
117131,STAT 131,STAT,2024Spring,4.33,6.76,49,1
117131,STAT 131,STAT,2025Spring,4.32,8.18,34,1
117143,AFVS 166,AFVS,2022Fall,5.0,3.5,11,1
117143,AFVS 166,AFVS,2024Fall,4.83,3.5,7,1
117151,GOV 1203,GOV,2023Spring,4.56,4.33,14,1
117151,GOV 1203,GOV,2024Spring,4.31,3.69,15,1
117201,PHYSICS 211BR,PHYSICS,2023Spring,4.4,7.6,17,1
117220,KOREAN 120A,KOREAN,2022Fall,4.6,5.89,18,1
117220,KOREAN 120A,KOREAN,2023Fall,4.67,8.0,11,1
117220,KOREAN 120A,KOREAN,2024Fall,4.56,8.33,15,1
117237,ECON 1745,ECON,2023Spring,4.08,4.02,239,1
117237,ECON 1745,ECON,2023Fall,4.25,3.79,208,1
117237,ECON 1745,ECON,2024Fall,4.15,4.66,329,1
117341,MCB 105,MCB,2023Spring,4.19,4.8,44,1
117341,MCB 105,MCB,2024Spring,3.81,3.97,49,1
117342,MCB 111,MCB,2022Fall,3.13,11.08,22,1
117342,MCB 111,MCB,2023Fall,3.57,8.77,28,1
117360,COMPLIT 277,COMPLIT,2023Spring,4.33,6.83,19,1
117372,COMPSCI 187,COMPSCI,2023Fall,3.08,6.86,64,1
117372,COMPSCI 1870,COMPSCI,2024Fall,3.74,6.67,36,1
117399,E-PSCI 187,E-PSCI,2024Spring,4.6,5.8,8,1
117406,FRSEMR 34X,FRSEMR,2022Fall,4.67,2.33,7,1
117413,COMPLIT 109,COMPLIT,2022Fall,5.0,4.56,13,1
117558,CHEM 27,CHEM,2023Spring,3.77,10.14,300,2
117558,CHEM 27,CHEM,2024Spring,3.72,9.73,321,2
117558,CHEM 27,CHEM,2025Spring,3.36,11.38,298,3
117560,SOCIOL 1128,SOCIOL,2023Spring,3.42,4.34,70,1
117560,SOCIOL 1128,SOCIOL,2024Spring,4.0,4.08,68,1
117560,SOCIOL 1128,SOCIOL,2025Spring,3.47,5.4,65,1
117584,SOCIOL 1024,SOCIOL,2023Spring,4.08,4.91,13,1
117584,SOCIOL 1024,SOCIOL,2023Fall,3.71,8.33,10,1
117584,SOCIOL 1024,SOCIOL,2025Spring,4.86,7.33,10,1
117606,GOV 2041,GOV,2025Spring,4.83,7.0,9,1
117635,BIOPHYS 242R,BIOPHYS,2023Spring,4.0,4.2,9,7
117635,BIOPHYS 242R,BIOPHYS,2024Spring,4.22,4.5,16,7
117647,MATH 99R,MATH,2022Fall,5.0,5.38,12,1
117647,MATH 99R,MATH,2023Spring,3.87,2.29,23,1
117647,MATH 99R,MATH,2023Fall,4.2,8.5,7,1
117647,MATH 99R,MATH,2024Fall,4.6,2.0,6,2
117647,MATH 99R,MATH,2025Spring,3.86,4.0,8,1
117649,VIROLOGY 202,VIROLOGY,2022Fall,4.43,5.33,9,5
117649,VIROLOGY 202,VIROLOGY,2023Fall,4.0,7.8,10,4
117711,MCB 80,MCB,2022Fall,4.22,5.32,43,2
117711,MCB 80,MCB,2023Fall,4.12,5.87,264,2
117711,MCB 80,MCB,2024Fall,4.25,7.19,267,1
117719,PHYSICS 145,PHYSICS,2022Fall,4.71,10.14,8,1
117760,SOCIOL 2208,SOCIOL,2024Spring,1.57,4.2,9,1
117766,MUSIC 218R,MUSIC,2022Fall,5.0,7.25,11,1
117766,MUSIC 218R,MUSIC,2023Fall,4.57,9.83,7,1
117788,LING 106,LING,2022Fall,4.5,3.84,31,1
117788,LING 106,LING,2024Spring,4.77,3.54,14,1
117788,LING 106,LING,2025Spring,4.56,3.44,21,1
117818,ECON 1410,ECON,2022Fall,4.48,4.55,28,1
117818,ECON 1410,ECON,2024Fall,3.67,5.87,18,1
117823,PHIL 129,PHIL,2024Spring,4.63,5.94,74,1
117853,GOV 20,GOV,2022Fall,3.94,6.57,75,1
117853,GOV 20,GOV,2024Spring,3.86,4.05,27,1
117853,GOV 20,GOV,2024Fall,4.23,8.94,101,1
117859,MCB 231,MCB,2024Spring,4.12,9.41,21,1
117877,SOCIOL 2204,SOCIOL,2023Spring,4.0,6.71,9,1
117877,SOCIOL 2204,SOCIOL,2024Spring,4.6,7.0,6,1
117877,SOCIOL 2204,SOCIOL,2025Spring,4.73,10.18,12,1
117879,PSY 1952,PSY,2023Spring,4.82,4.33,20,1
117879,PSY 1952,PSY,2024Spring,4.64,4.64,22,1
117879,PSY 1952,PSY,2025Spring,4.92,3.73,23,1
117932,HIST 1465,HIST,2022Fall,4.76,4.29,42,1
117932,HIST 1465,HIST,2025Spring,4.61,6.37,65,1
117941,HIST 2708,HIST,2024Fall,5.0,8.25,5,1
117946,SOCIOL 99A,SOCIOL,2022Fall,4.83,6.83,9,1
117969,FYSEMR 23K,FYSEMR,2024Spring,4.83,2.67,6,1
117969,FYSEMR 23K,FYSEMR,2025Spring,4.88,4.13,9,1
117972,FRSEMR 23S,FRSEMR,2023Spring,4.56,2.78,10,1
117992,MUSIC 194RS,MUSIC,2024Spring,4.5,2.25,11,1
118016,STAT 220,STAT,2023Spring,3.57,11.22,43,1
118016,STAT 220,STAT,2024Spring,3.63,11.32,23,1
118021,APMTH 115,APMTH,2023Spring,3.59,6.66,115,1
118021,APMTH 115,APMTH,2024Spring,3.88,6.79,88,1
118021,APMTH 115,APMTH,2024Fall,3.5,6.96,47,1
118021,APMTH 115,APMTH,2025Spring,4.36,7.75,44,1
118065,PHIL 300B,PHIL,2024Spring,4.33,6.33,6,1
118078,MUSIC 201B,MUSIC,2024Spring,4.25,6.5,6,1
118080,PORTUG 59,PORTUG,2024Spring,3.75,4.75,5,1
118135,MEDVLSTD 107,MEDVLSTD,2022Fall,4.0,3.88,13,1
118136,ASTRON 16,ASTRON,2023Spring,4.32,3.79,32,1
118136,ASTRON 16,ASTRON,2024Spring,3.95,5.8,26,1
118136,ASTRON 16,ASTRON,2025Spring,4.29,4.85,40,1
118138,ASTRON 203,ASTRON,2023Spring,3.8,8.6,10,1
118138,ASTRON 203,ASTRON,2025Spring,4.86,9.14,11,1
118139,ASTRON 202A,ASTRON,2024Spring,4.08,8.58,17,1
118174,LATIN 102,LATIN,2023Fall,4.86,4.71,10,1
118185,MUSIC 167,MUSIC,2023Spring,4.86,8.43,8,1
118254,PSY 1900,PSY,2022Fall,3.83,4.59,142,1
118254,PSY 1900,PSY,2023Spring,3.91,3.96,124,1
118254,PSY 1900,PSY,2023Fall,3.99,4.24,197,1
118254,PSY 1900,PSY,2024Spring,3.69,4.71,202,1
118254,PSY 1900,PSY,2024Fall,3.93,5.93,134,1
118254,PSY 1900,PSY,2025Spring,3.74,5.75,204,1
118262,EXPOS 10,EXPOS,2022Fall,4.61,6.57,9,14
118262,EXPOS 10,EXPOS,2023Fall,4.44,4.7,9,13
118262,EXPOS 10,EXPOS,2024Fall,4.45,6.39,9,14
118266,ASTRON 204,ASTRON,2022Fall,4.25,8.13,16,1
118266,ASTRON 204,ASTRON,2024Fall,4.64,9.91,17,1
118278,JEWISHST 111,JEWISHST,2024Fall,4.75,5.0,5,1
118290,GENED 1019,GENED,2022Fall,4.22,2.87,90,1
118290,GENED 1019,GENED,2023Fall,3.88,3.09,102,1
118302,MATH 116,MATH,2022Fall,3.78,11.67,10,1
118302,MATH 116,MATH,2023Fall,3.33,7.42,19,1
118302,MATH 116,MATH,2024Fall,3.2,9.4,7,1
118348,PHIL 248R,PHIL,2022Fall,4.38,4.46,19,3
118348,PHIL 248R,PHIL,2023Fall,3.75,2.64,23,3
118348,PHIL 248R,PHIL,2024Fall,4.55,4.9,19,3
118349,PHIL 149S,PHIL,2024Spring,2.87,2.29,25,1
118412,ARABIC 241BR,ARABIC,2023Spring,5.0,6.2,5,1
118418,COMPSCI 143,COMPSCI,2023Spring,2.8,7.42,68,1
118418,COMPSCI 1430,COMPSCI,2025Spring,3.43,5.86,22,1
118419,GOV 2082,GOV,2023Spring,4.9,5.22,19,1
118429,MATH 118R,MATH,2024Spring,4.19,10.3,40,1
118429,MATH 118R,MATH,2025Spring,3.71,6.63,28,1
118456,ENGLISH CVR,ENGLISH,2023Spring,4.5,1.43,12,1
118459,PHYSICS 253CR,PHYSICS,2023Fall,5.0,14.8,8,1
118482,APMTH 107,APMTH,2023Spring,3.27,9.29,22,1
118482,APMTH 107,APMTH,2024Spring,3.58,7.83,44,1
118482,APMTH 107,APMTH,2025Spring,3.38,7.52,35,1
118497,TDM 119,TDM,2022Fall,4.92,2.75,15,1
118497,TDM 119,TDM,2023Fall,4.83,2.0,13,1
118497,TDM 119,TDM,2024Fall,5.0,3.63,14,1
118509,PHYSICS 285B,PHYSICS,2023Fall,4.24,16.62,50,1
118509,PHYSICS 285B,PHYSICS,2024Fall,3.86,16.08,28,1
118517,GENED 1018,GENED,2022Fall,4.09,2.62,25,1
118517,GENED 1018,GENED,2023Fall,3.55,3.0,43,1
118526,GOV 1740,GOV,2022Fall,4.4,4.64,18,1
118526,GOV 1740,GOV,2023Fall,4.03,5.0,36,1
118557,RELIGION 2001,RELIGION,2024Spring,3.4,6.6,9,1
118557,RELIGION 2001,RELIGION,2024Fall,1.67,5.67,11,1
118586,ENGLISH 264X,ENGLISH,2023Fall,5.0,11.5,11,1
118594,MUSIC 2,MUSIC,2023Spring,4.46,3.71,27,1
118594,MUSIC 2,MUSIC,2023Fall,4.26,2.24,25,1
118594,MUSIC 2,MUSIC,2025Spring,4.44,4.44,18,1
118658,ECON 2450B,ECON,2023Spring,4.14,7.17,11,1
118658,ECON 2450B,ECON,2024Spring,4.0,5.53,30,1
118658,ECON 2450B,ECON,2025Spring,4.0,5.0,7,2
118671,CELTIC 138,CELTIC,2023Spring,4.71,2.71,24,1
118724,PHYSICS 283B,PHYSICS,2024Fall,4.4,2.75,7,1
118734,PHYSICS 285A,PHYSICS,2023Fall,3.4,12.2,9,1
118734,PHYSICS 285A,PHYSICS,2025Spring,4.29,11.71,12,1
118736,ESPP 90M,ESPP,2023Spring,3.67,3.27,20,2
118775,GENED 1166,GENED,2022Fall,4.28,3.0,26,1
118775,GENED 1166,GENED,2023Fall,4.23,3.14,106,1
118783,MUSIC 190R,MUSIC,2024Spring,4.19,5.33,35,1
118790,PSY 2010,PSY,2022Fall,4.4,4.6,12,2
118790,PSY 2010,PSY,2023Fall,3.9,6.0,12,2
118790,PSY 2010,PSY,2024Fall,4.5,4.17,13,2
118849,ANE 120A,ANE,2023Fall,5.0,4.8,11,1
118849,ANE 120A,ANE,2024Fall,4.13,6.0,14,1
118850,ENGLISH 90LV,ENGLISH,2023Spring,4.57,4.86,36,1
118850,ENGLISH 90LV,ENGLISH,2024Fall,4.69,5.44,21,1
118858,SOCIOL 2255,SOCIOL,2023Spring,4.38,8.5,9,1
118858,SOCIOL 2255,SOCIOL,2023Fall,3.83,7.83,6,1
118858,SOCIOL 2255,SOCIOL,2025Spring,4.5,10.0,10,1
118876,TDM 105,TDM,2023Spring,4.83,5.5,7,1
118876,TDM 105,TDM,2024Fall,4.11,4.5,11,1
118883,AFRAMER 20,AFRAMER,2022Fall,4.4,3.8,5,1
118925,CHEM 30,CHEM,2022Fall,4.62,9.35,36,1
118925,CHEM 30,CHEM,2023Fall,4.41,10.41,30,1
118925,CHEM 30,CHEM,2024Fall,3.88,9.96,27,1
118939,ENG-SCI 139,ENG-SCI,2022Fall,4.25,2.61,461,1
118939,ENG-SCI 139,ENG-SCI,2023Fall,4.23,2.53,316,1
118939,ENG-SCI 139,ENG-SCI,2024Fall,4.24,4.08,204,2
118942,ENG-SCI 239,ENG-SCI,2022Fall,4.25,2.61,461,1
118942,ENG-SCI 239,ENG-SCI,2023Fall,4.23,2.53,316,1
118942,ENG-SCI 239,ENG-SCI,2024Fall,4.24,4.08,204,2
118974,STAT 149,STAT,2023Spring,4.42,8.86,35,1
118974,STAT 149,STAT,2024Spring,4.44,6.06,31,1
118974,STAT 149,STAT,2025Spring,4.54,7.25,45,1
118977,HISTSCI 99A,HISTSCI,2022Fall,4.27,6.73,14,1
118977,HISTSCI 99A,HISTSCI,2023Fall,4.3,10.0,15,1
118977,HISTSCI 99A,HISTSCI,2024Fall,3.94,11.21,24,1
119020,TDM 115,TDM,2023Spring,5.0,4.0,12,1
119020,TDM 115,TDM,2025Spring,4.73,4.55,13,1
119025,GENED 1092,GENED,2023Fall,3.64,5.29,122,2
119025,GENED 1092,GENED,2024Fall,3.71,5.8,56,2
119035,CHEM 165,CHEM,2023Spring,5.0,6.0,5,1
119035,CHEM 165,CHEM,2024Spring,4.92,4.58,13,1
119035,CHEM 165,CHEM,2025Spring,4.91,4.0,15,1
119048,ENG-SCI 173,ENG-SCI,2023Fall,4.68,4.47,23,1
119048,ENG-SCI 173,ENG-SCI,2024Fall,4.41,4.46,24,1
119057,ENG-SCI 250,ENG-SCI,2022Fall,4.7,10.88,13,1
119057,ENG-SCI 250,ENG-SCI,2024Fall,4.75,12.09,16,1
119061,LIFESCI 100,LIFESCI,2022Fall,4.67,8.33,15,1
119061,LIFESCI 100,LIFESCI,2023Spring,4.26,7.33,23,1
119061,LIFESCI 100,LIFESCI,2023Fall,4.63,6.86,13,1
119061,LIFESCI 100,LIFESCI,2024Spring,4.78,6.22,15,1
119061,LIFESCI 100,LIFESCI,2024Fall,4.83,5.83,8,1
119061,LIFESCI 100,LIFESCI,2025Spring,4.2,5.47,28,1
119062,E-PSCI 287,E-PSCI,2024Spring,4.6,5.8,8,1
119064,COMPSCI 121,COMPSCI,2022Fall,3.93,10.89,101,1
119064,COMPSCI 121,COMPSCI,2023Fall,4.31,9.84,99,2
119064,COMPSCI 1210,COMPSCI,2024Fall,3.98,10.48,69,1
119067,BE 121,BE,2022Fall,4.6,20.0,7,1
119067,BE 121,BE,2025Spring,4.43,17.0,13,1
119121,FRENCH 70B,FRENCH,2023Spring,4.0,9.0,6,1
119124,PSY 2461R,PSY,2022Fall,5.0,4.83,10,1
119124,PSY 2461R,PSY,2023Spring,4.71,6.43,12,1
119124,PSY 2461R,PSY,2023Fall,5.0,6.0,7,1
119128,IRISH 132,IRISH,2022Fall,4.71,4.14,7,1
119196,MATH 21A,MATH,2022Fall,4.13,9.25,27,6
119196,MATH 21A,MATH,2023Spring,4.18,9.44,24,5
119196,MATH 21A,MATH,2023Fall,3.75,9.46,24,6
119196,MATH 21A,MATH,2024Spring,3.92,8.87,19,5
119196,MATH 21A,MATH,2024Fall,3.96,10.46,28,6
119196,MATH 21A,MATH,2025Spring,3.91,9.55,26,5
119249,COMPSCI 165,COMPSCI,2022Fall,4.77,15.72,32,1
119249,COMPSCI 165,COMPSCI,2023Fall,4.05,15.12,29,1
119249,COMPSCI 1650,COMPSCI,2024Fall,4.75,13.75,25,1
119260,ENG-SCI 230,ENG-SCI,2023Spring,3.47,6.29,27,1
119260,ENG-SCI 230,ENG-SCI,2024Spring,4.0,8.04,31,1
119260,ENG-SCI 230,ENG-SCI,2024Fall,4.75,6.38,12,1
119379,ANTHRO 1610,ANTHRO,2022Fall,4.21,5.08,22,1
119379,ANTHRO 1610,ANTHRO,2023Fall,4.39,4.94,27,1
119379,ANTHRO 1610,ANTHRO,2024Fall,4.67,7.11,11,1
119414,PHIL 151,PHIL,2025Spring,4.45,7.64,30,1
119441,SPANSH 70C,SPANSH,2025Spring,4.71,4.86,8,1
119479,GOV 1010,GOV,2023Spring,3.81,3.25,29,1
119479,GOV 1010,GOV,2024Spring,4.0,3.5,24,1
119479,GOV 1010,GOV,2025Spring,4.38,3.7,27,1
119492,PHIL 246,PHIL,2024Fall,3.33,6.8,15,2
119502,MATH 242,MATH,2022Fall,4.43,5.37,33,1
119502,MATH 242,MATH,2023Fall,4.32,2.84,28,1
119511,MATH 243,MATH,2023Spring,4.5,3.6,24,1
119511,MATH 243,MATH,2024Spring,3.76,2.91,53,1
119511,MATH 243,MATH,2025Spring,3.86,3.21,28,1
119532,PSY 3555,PSY,2024Fall,2.33,1.13,11,1
119533,HIST 1300,HIST,2023Fall,4.33,4.8,8,1
119534,HIST 1301,HIST,2024Fall,4.76,6.25,26,1
119573,GOV 2160,GOV,2023Spring,4.86,10.57,10,2
119573,GOV 2160,GOV,2023Fall,4.75,8.0,11,2
119622,FRSEMR 48K,FRSEMR,2022Fall,4.71,3.43,7,1
119629,COMPSCI 152,COMPSCI,2023Spring,4.09,8.86,47,1
119629,COMPSCI 152,COMPSCI,2024Spring,3.61,8.35,28,1
119629,COMPSCI 1520,COMPSCI,2025Spring,3.94,7.88,23,1
119630,MOD-HEB 130A,MOD-HEB,2022Fall,5.0,4.75,8,1
119636,AFVS 196R,AFVS,2022Fall,4.67,7.83,10,1
119636,AFVS 196R,AFVS,2023Spring,4.5,7.5,10,1
119636,AFVS 196R,AFVS,2023Fall,5.0,8.0,10,1
119636,AFVS 196R,AFVS,2024Spring,5.0,7.5,10,1
119636,AFVS 196R,AFVS,2024Fall,4.5,6.5,13,1
119636,AFVS 196R,AFVS,2025Spring,4.75,7.0,12,1
119644,AFVS 123R,AFVS,2023Spring,4.73,9.27,12,1
119644,AFVS 123R,AFVS,2024Spring,4.0,5.0,9,1
119717,PSY 980T,PSY,2023Spring,4.9,3.7,12,1
119717,PSY 980T,PSY,2023Fall,5.0,3.33,16,1
119717,PSY 980T,PSY,2024Fall,4.91,4.82,16,1
119757,CHNSE 150A,CHNSE,2022Fall,4.78,6.89,10,1
119807,BIOPHYS 205,BIOPHYS,2023Spring,3.11,7.11,14,3
119807,BIOPHYS 205,BIOPHYS,2024Spring,3.17,7.17,9,4
119807,BIOPHYS 205,BIOPHYS,2025Spring,3.25,11.29,17,4
119811,MUSIC 160R,MUSIC,2022Fall,3.0,4.83,7,1
119812,MUSIC 161R,MUSIC,2023Spring,5.0,6.0,6,1
119812,MUSIC 161R,MUSIC,2025Spring,4.5,4.63,11,1
119819,SWAHILI AA,SWAHILI,2022Fall,4.8,5.2,7,1
119819,SWAHILI AA,SWAHILI,2024Fall,4.33,9.2,12,1
119820,SWAHILI 101AR,SWAHILI,2024Fall,5.0,4.0,7,1
119821,SWAHILI 101BR,SWAHILI,2024Spring,5.0,3.0,5,1
119821,SWAHILI 101BR,SWAHILI,2025Spring,4.83,6.67,9,1
119844,BIOSTAT 230,BIOSTAT,2022Fall,3.8,11.6,9,1
119844,BIOSTAT 230,BIOSTAT,2023Fall,4.92,7.57,16,1
119844,BIOSTAT 230,BIOSTAT,2024Fall,5.0,8.5,11,1
119845,BIOSTAT 231,BIOSTAT,2023Spring,4.11,11.67,13,1
119845,BIOSTAT 231,BIOSTAT,2024Spring,4.55,13.1,15,1
119845,BIOSTAT 231,BIOSTAT,2025Spring,4.78,15.63,12,1
119846,BIOSTAT 232,BIOSTAT,2022Fall,4.14,7.83,22,1
119846,BIOSTAT 232,BIOSTAT,2023Fall,4.0,11.89,19,1
119846,BIOSTAT 232,BIOSTAT,2024Fall,4.57,8.17,12,1
119847,BIOSTAT 233,BIOSTAT,2025Spring,4.83,10.8,11,1
119848,BIOSTAT 235,BIOSTAT,2023Fall,4.55,7.4,13,1
119848,BIOSTAT 235,BIOSTAT,2024Fall,4.6,9.0,7,1
119849,BIOSTAT 244,BIOSTAT,2023Spring,3.83,2.33,8,1
119849,BIOSTAT 244,BIOSTAT,2024Spring,4.67,2.67,13,1
119849,BIOSTAT 244,BIOSTAT,2025Spring,3.83,1.6,13,1
119850,BIOSTAT 245,BIOSTAT,2022Fall,4.57,7.0,9,1
119850,BIOSTAT 245,BIOSTAT,2023Fall,4.63,8.63,10,1
119850,BIOSTAT 245,BIOSTAT,2024Fall,4.29,10.17,12,1
119853,BIOSTAT 249,BIOSTAT,2023Spring,4.88,9.71,11,1
119853,BIOSTAT 249,BIOSTAT,2024Fall,3.25,9.25,6,1
119854,BIOSTAT 240,BIOSTAT,2024Fall,4.25,7.86,12,1
119855,BIOSTAT 241,BIOSTAT,2023Spring,4.67,5.2,8,1
119855,BIOSTAT 241,BIOSTAT,2024Spring,4.78,8.38,14,1
119867,GREEK 112B,GREEK,2023Spring,5.0,10.67,10,1
119867,GREEK 112B,GREEK,2025Spring,4.6,11.8,14,1
119882,SANSKRIT 101B,SANSKRIT,2023Spring,4.75,9.0,6,1
119882,SANSKRIT 101B,SANSKRIT,2024Spring,4.88,10.71,8,1
119890,E-PSCI 231,E-PSCI,2023Spring,5.0,6.25,5,1
119890,E-PSCI 231,E-PSCI,2025Spring,4.86,8.43,12,1
119926,SOCIOL 2275,SOCIOL,2022Fall,4.58,4.67,18,1
119940,STAT 230,STAT,2023Fall,4.38,8.38,9,1
119951,ECON 1017,ECON,2022Fall,4.26,2.46,247,1
119951,ECON 1017,ECON,2023Fall,4.07,2.45,271,1
119951,ECON 1017,ECON,2024Fall,4.33,3.58,161,1
119953,COMPSCI 1,COMPSCI,2023Spring,3.83,5.83,26,1
119953,COMPSCI 1,COMPSCI,2025Spring,3.62,6.46,20,1
119960,ECON 2030,ECON,2023Spring,3.89,5.41,21,2
119960,ECON 2030,ECON,2025Spring,3.86,7.5,24,2
119964,JAPAN 130B,JAPAN,2023Spring,5.0,11.0,7,1
119964,JAPAN 130B,JAPAN,2024Spring,4.6,9.4,7,1
119964,JAPAN 130B,JAPAN,2025Spring,4.8,8.8,11,1
119971,ECON 2727,ECON,2023Spring,4.86,5.0,11,2
119971,ECON 2727,ECON,2024Spring,4.8,7.33,14,2
119971,ECON 2727,ECON,2025Spring,4.75,6.33,5,2
119983,ANTHRO 2704,ANTHRO,2024Fall,3.75,11.25,10,1
119985,SOCIOL 2202,SOCIOL,2022Fall,4.25,6.88,10,1
119985,SOCIOL 2202,SOCIOL,2023Fall,4.0,6.0,10,1
119985,SOCIOL 2202,SOCIOL,2024Fall,4.19,7.19,23,1
119999,FRSEMR 49G,FRSEMR,2022Fall,4.71,3.14,9,1
120031,GENED 1137,GENED,2023Spring,3.48,2.55,36,1
120031,GENED 1137,GENED,2024Spring,4.14,2.62,22,1
120031,GENED 1137,GENED,2025Spring,3.53,4.11,31,1
120045,CHNSE 107B,CHNSE,2023Spring,5.0,9.33,6,1
120049,GENED 1032,GENED,2023Spring,4.24,4.48,46,1
120049,GENED 1032,GENED,2025Spring,3.33,5.36,242,1
120127,ARABIC 131B,ARABIC,2023Spring,5.0,17.38,9,1
120127,ARABIC 131B,ARABIC,2024Spring,4.67,9.0,7,1
120127,ARABIC 131B,ARABIC,2025Spring,4.75,16.5,11,1
120167,PHYSICS 125,PHYSICS,2024Fall,4.54,7.0,37,1
120172,ECON 1011B,ECON,2023Spring,4.11,7.1,96,2
120172,ECON 1011B,ECON,2024Spring,3.39,6.95,106,2
120172,ECON 1011B,ECON,2025Spring,3.69,7.67,118,2
120198,APMTH 111,APMTH,2022Fall,3.57,10.61,36,1
120198,APMTH 111,APMTH,2023Fall,4.25,10.75,10,1
120228,MATH 121,MATH,2022Fall,3.89,10.78,22,1
120228,MATH 121,MATH,2024Spring,4.74,7.96,31,1
120228,MATH 121,MATH,2025Spring,4.29,8.43,11,1
120237,COMPSCI 229R,COMPSCI,2022Fall,4.48,10.27,36,1
120237,COMPSCI 229R,COMPSCI,2023Spring,3.94,4.82,29,1
120237,COMPSCI 229R,COMPSCI,2023Fall,4.76,11.63,21,1
120305,CHNSE BX,CHNSE,2022Fall,4.89,8.67,9,1
120305,CHNSE BX,CHNSE,2023Fall,4.75,6.31,19,1
120305,CHNSE BX,CHNSE,2024Fall,4.8,4.8,8,1
120352,LATIN 112A,LATIN,2023Fall,3.71,11.57,13,1
120379,E-PSCI 99A,E-PSCI,2024Fall,5.0,12.5,7,2
120398,PORTUG 10,PORTUG,2022Fall,5.0,3.89,9,1
120398,PORTUG 10,PORTUG,2023Fall,5.0,4.13,8,1
120398,PORTUG 10,PORTUG,2024Fall,4.83,3.67,6,1
120439,ECON 2530B,ECON,2023Fall,5.0,6.0,8,1
120439,ECON 2530B,ECON,2025Spring,5.0,9.33,12,1
120449,ENGLISH 157,ENGLISH,2022Fall,4.57,7.64,34,1
120472,ENGLISH CAPR,ENGLISH,2023Spring,5.0,16.0,11,1
120489,ANTHRO 2070,ANTHRO,2023Fall,4.8,17.0,7,2
120541,ECON 985A,ECON,2022Fall,3.96,9.94,11,2
120541,ECON 985A,ECON,2023Fall,4.48,6.24,9,5
120541,ECON 985A,ECON,2024Fall,4.42,7.65,12,3
120542,HIST 1965,HIST,2024Fall,5.0,11.0,9,1
120552,PHIL 257,PHIL,2023Spring,4.6,9.2,9,2
120559,PSY 2553R,PSY,2022Fall,4.85,5.92,18,1
120559,PSY 2553R,PSY,2023Spring,4.75,4.25,15,1
120579,ANTHRO 1150,ANTHRO,2023Spring,4.6,8.4,5,1
120579,ANTHRO 1150,ANTHRO,2025Spring,4.33,7.17,9,1
120580,ANTHRO 2020,ANTHRO,2024Spring,4.43,4.86,12,1
120602,CHNSHIS 113,CHNSHIS,2023Spring,3.9,4.67,15,1
120653,GOV 1082,GOV,2023Spring,4.69,4.94,17,1
120662,ECON 2140,ECON,2023Spring,4.45,10.81,38,1
120662,ECON 2140,ECON,2024Spring,4.04,11.74,31,1
120662,ECON 2140,ECON,2025Spring,4.0,11.42,39,1
120668,ECON 2110,ECON,2022Fall,4.53,10.27,23,1
120668,ECON 2110,ECON,2023Fall,4.76,9.56,39,1
120668,ECON 2110,ECON,2024Fall,4.61,10.41,28,1
120677,WOMGEN 97,WOMGEN,2022Fall,4.33,4.11,11,1
120677,WOMGEN 97,WOMGEN,2023Spring,4.67,5.33,13,1
120677,WOMGEN 97,WOMGEN,2023Fall,5.0,5.2,6,1
120677,WOMGEN 97,WOMGEN,2024Fall,4.75,7.57,10,1
120711,ECON 1011A,ECON,2022Fall,3.12,10.94,83,1
120711,ECON 1011A,ECON,2023Fall,4.0,9.78,60,1
120711,ECON 1011A,ECON,2024Fall,4.32,10.7,67,1
120717,RUSS 101,RUSS,2023Fall,4.54,6.9,8,2
120717,RUSS 101,RUSS,2024Fall,4.5,8.25,7,2
120783,E-PSCI 236,E-PSCI,2025Spring,3.39,4.82,25,1
120838,GERMAN 62,GERMAN,2023Spring,4.2,4.6,8,1
120881,GENED 1070,GENED,2024Spring,3.63,1.9,69,1
120881,GENED 1070,GENED,2025Spring,3.79,2.59,35,1
120952,YORUBA AA,YORUBA,2023Fall,4.71,2.8,9,1
120952,YORUBA AA,YORUBA,2024Fall,4.73,5.67,25,1
120953,YORUBA BA,YORUBA,2022Fall,4.6,3.8,6,2
121017,FYSEMR 41K,FYSEMR,2023Fall,5.0,4.13,12,1
121017,FYSEMR 41K,FYSEMR,2024Fall,5.0,4.67,14,1
121041,CHNSLIT 245R,CHNSLIT,2024Spring,5.0,10.13,17,1
121062,SOCIOL 2236,SOCIOL,2023Spring,4.73,9.91,14,1
121089,LING 102,LING,2022Fall,3.08,5.08,14,1
121089,LING 102,LING,2024Spring,4.75,2.75,10,1
121089,LING 102,LING,2025Spring,4.33,4.33,19,1
121110,ITAL 116,ITAL,2023Spring,4.5,4.0,10,1
121110,ITAL 116,ITAL,2024Fall,4.43,4.57,10,1
121141,ANTHRO 1130,ANTHRO,2023Fall,4.8,3.25,14,2
121189,LIFESCI 1A,LIFESCI,2022Fall,3.52,8.71,302,4
121189,LIFESCI 1A,LIFESCI,2023Fall,3.7,8.49,222,4
121189,LIFESCI 1A,LIFESCI,2024Fall,3.71,8.79,291,4
121191,LIFESCI 1B,LIFESCI,2023Spring,3.46,8.94,392,4
121191,LIFESCI 1B,LIFESCI,2024Spring,3.82,7.74,310,5
121191,LIFESCI 1B,LIFESCI,2025Spring,3.74,8.72,396,4
121282,BE 125,BE,2023Spring,3.47,6.29,27,1
121282,BE 125,BE,2024Spring,4.0,8.04,31,1
121282,BE 125,BE,2024Fall,4.75,6.38,12,1
121293,RELIGION 44,RELIGION,2024Spring,4.42,3.83,22,1
121311,STAT 303HFA,STAT,2022Fall,4.0,1.17,12,2
121311,STAT 303HFA,STAT,2023Fall,4.4,1.67,7,3
121320,MCB 208,MCB,2023Spring,4.65,2.86,43,3
121320,MCB 208,MCB,2024Spring,4.05,1.59,33,3
121320,MCB 208,MCB,2024Fall,4.08,2.0,26,3
121345,SOC-STD 98CL,SOC-STD,2023Spring,4.67,6.0,7,1
121345,SOC-STD 98CL,SOC-STD,2024Spring,4.86,5.63,8,1
121345,SOC-STD 98CL,SOC-STD,2025Spring,4.5,4.33,9,1
121346,ARABIC 131A,ARABIC,2022Fall,4.6,12.0,6,1
121346,ARABIC 131A,ARABIC,2023Fall,4.6,9.4,5,1
121346,ARABIC 131A,ARABIC,2024Fall,4.79,9.21,8,2
121351,GOV 2755,GOV,2024Spring,5.0,6.75,7,1
121403,APPHY 225,APPHY,2024Fall,4.8,4.25,19,1
121412,SWEDISH 10A,SWEDISH,2022Fall,4.83,4.0,6,1
121412,SWEDISH 10A,SWEDISH,2024Fall,4.83,5.33,7,1
121463,ESE 109,ESE,2023Spring,4.85,3.46,17,1
121463,ESE 109,ESE,2025Spring,4.36,5.71,42,1
121484,SANSKRIT 201BR,SANSKRIT,2023Spring,4.86,9.0,7,1
121484,SANSKRIT 201R,SANSKRIT,2024Spring,4.8,7.25,7,1
121508,COMPSCI 96,COMPSCI,2023Spring,4.67,6.25,15,1
121520,FRSEMR 26E,FYSEMR,2022Fall,3.4,1.63,12,1
121520,FYSEMR 26E,FYSEMR,2023Fall,3.5,3.67,9,1
121542,AFVS 51A,AFVS,2023Spring,4.43,11.71,9,1
121549,FRSEMR 26J,FYSEMR,2022Fall,3.5,2.5,12,1
121549,FYSEMR 26J,FYSEMR,2024Fall,4.56,4.0,10,1
121594,APPHY 218,APPHY,2024Fall,3.8,6.0,19,1
121621,HIST 83A,HIST,2023Fall,4.54,4.67,16,1
121681,SLAVIC 97,SLAVIC,2023Spring,4.67,5.5,6,1
121681,SLAVIC 97,SLAVIC,2024Spring,4.5,5.5,11,1
121681,SLAVIC 97,SLAVIC,2025Spring,5.0,5.6,6,1
121687,CHEM 153,CHEM,2023Spring,4.54,2.92,32,1
121687,CHEM 153,CHEM,2025Spring,4.79,4.09,28,1
121705,PHIL 155,PHIL,2023Fall,4.4,7.5,17,1
121724,GOV 1004,GOV,2023Spring,3.75,5.21,38,1
121728,GOV 1368,GOV,2023Fall,4.5,5.06,19,1
121728,GOV 1368,GOV,2024Fall,4.41,5.18,27,1
121738,PSY 1950,PSY,2022Fall,4.53,4.31,23,1
121738,PSY 1950,PSY,2023Fall,5.0,3.79,23,1
121738,PSY 1950,PSY,2024Fall,5.0,3.86,22,1
121745,GENETIC 228,GENETIC,2023Spring,4.71,2.58,43,1
121745,GENETIC 228,GENETIC,2024Spring,4.81,2.57,44,1
121745,GENETIC 228,GENETIC,2025Spring,4.69,2.93,67,1
121749,LATIN 112B,LATIN,2024Spring,4.25,7.38,13,1
121758,AFVS 15AR,AFVS,2022Fall,3.89,6.33,12,1
121758,AFVS 15AR,AFVS,2023Fall,4.0,8.0,9,1
121758,AFVS 15AR,AFVS,2025Spring,4.56,7.1,11,1
121778,GENED 1091,GENED,2022Fall,4.19,3.22,445,1
121778,GENED 1091,GENED,2024Fall,4.43,4.75,307,1
121791,HAA 14K,HAA,2023Spring,3.75,2.5,9,1
121820,BCMP 234,BCMP,2023Spring,4.11,7.59,25,14
121820,BCMP 234,BCMP,2024Spring,3.38,7.15,23,15
121820,BCMP 234,BCMP,2025Spring,3.92,3.91,24,15
121842,JAPNLIT 133,JAPNLIT,2025Spring,4.5,6.83,14,1
121896,MEDGREEK 115,MEDGREEK,2025Spring,5.0,6.25,5,1
121898,MUSIC 176R,MUSIC,2023Fall,4.82,3.09,14,1
121901,FRSEMR 31J,FYSEMR,2022Fall,3.89,2.56,11,1
121901,FYSEMR 31J,FYSEMR,2023Fall,3.5,1.5,12,1
121907,FRSEMR 49N,FYSEMR,2022Fall,4.56,3.0,10,1
121907,FYSEMR 49N,FYSEMR,2023Fall,4.1,2.4,12,1
121907,FYSEMR 49N,FYSEMR,2024Fall,4.1,3.11,12,1
121928,ISLAMCIV 145,ISLAMCIV,2023Fall,4.87,4.68,27,1
121934,PORTUG 20,PORTUG,2022Fall,4.88,5.25,8,1
121934,PORTUG 20,PORTUG,2023Fall,5.0,5.4,7,1
121941,PHYSICS 175,PHYSICS,2023Spring,4.3,6.0,17,1
121941,PHYSICS 175,PHYSICS,2024Spring,3.6,7.4,15,1
121954,PHIL 125,PHIL,2022Fall,4.85,8.55,18,1
121970,PHYSICS 271,PHYSICS,2022Fall,4.36,11.5,42,1
121970,PHYSICS 271,PHYSICS,2024Fall,4.14,11.78,39,1
121973,ARABIC 134,ARABIC,2023Spring,5.0,6.3,12,1
121975,APPHY 217,APPHY,2022Fall,4.14,10.83,10,2
121975,APPHY 217,APPHY,2024Fall,3.94,8.5,28,1
121984,COMPSCI 248,COMPSCI,2024Spring,4.64,10.64,31,1
121985,COMPSCI 279R,COMPSCI,2022Fall,3.88,10.21,45,1
121985,COMPSCI 279R,COMPSCI,2023Fall,4.2,8.4,45,1
121985,COMPSCI 2790R,COMPSCI,2024Fall,4.2,8.24,45,2
121989,APMTH 108,APMTH,2023Spring,4.12,11.47,41,1
121989,APMTH 108,APMTH,2024Spring,3.94,8.71,25,1
121989,APMTH 108,APMTH,2025Spring,4.43,9.54,20,1
121993,PHYSICS 191,PHYSICS,2022Fall,4.67,10.17,10,2
121993,PHYSICS 191,PHYSICS,2023Spring,4.62,9.6,16,4
121993,PHYSICS 191,PHYSICS,2023Fall,4.33,7.56,9,2
121993,PHYSICS 191,PHYSICS,2024Spring,4.8,10.2,21,3
121993,PHYSICS 191,PHYSICS,2024Fall,4.3,10.6,17,4
121993,PHYSICS 191,PHYSICS,2025Spring,4.43,8.36,22,4
122029,GERMAN 20AB,GERMAN,2022Fall,4.6,9.8,5,1
122029,GERMAN 20AB,GERMAN,2024Spring,4.8,11.2,6,1
122029,GERMAN 20AB,GERMAN,2025Spring,4.8,11.4,8,1
122031,GERMAN 61,GERMAN,2023Fall,4.14,5.86,8,1
122085,HIST 2271,HIST,2024Spring,4.8,13.4,11,1
122093,E-PSCI 133,E-PSCI,2023Spring,4.74,4.53,24,1
122093,E-PSCI 133,E-PSCI,2024Spring,4.63,5.38,13,1
122093,E-PSCI 133,E-PSCI,2025Spring,4.7,6.22,11,1
122094,APMTH 104,APMTH,2022Fall,3.55,7.71,63,1
122094,APMTH 104,APMTH,2023Fall,3.49,7.62,82,1
122094,APMTH 104,APMTH,2024Fall,3.92,8.9,102,1
122149,ANTHRO 1836BR,ANTHRO,2024Spring,5.0,17.5,8,2
122175,CHEM 170,CHEM,2022Fall,4.84,4.04,32,2
122175,CHEM 170,CHEM,2024Spring,4.46,3.76,52,1
122184,AFVS 41A,AFVS,2023Fall,4.57,4.0,11,1
122184,AFVS 41A,AFVS,2025Spring,4.5,8.33,10,1
122214,GOV 1521,GOV,2024Spring,4.37,5.16,24,1
122224,PSY 1201,PSY,2022Fall,4.61,3.51,122,1
122224,PSY 1201,PSY,2023Fall,4.55,3.43,145,1
122224,PSY 1201,PSY,2024Fall,4.58,4.25,113,1
122233,MATH 266,MATH,2024Fall,5.0,8.5,33,1
122276,WOMGEN 2000,WOMGEN,2023Spring,4.38,5.57,14,1
122276,WOMGEN 2000,WOMGEN,2024Fall,4.67,4.0,8,1
122277,GENED 1113,GENED,2023Spring,4.12,3.44,113,1
122277,GENED 1113,GENED,2024Spring,4.39,2.64,55,1
122306,STAT 170,STAT,2023Spring,3.98,9.8,60,1
122315,PSY 975,PSY,2023Spring,4.0,5.33,16,2
122315,PSY 975,PSY,2024Spring,4.43,4.83,8,2
122315,PSY 975,PSY,2025Spring,1.71,10.29,8,2
122318,SOCIOL 1165,SOCIOL,2022Fall,3.4,2.4,6,1
122318,SOCIOL 1165,SOCIOL,2023Fall,2.17,3.67,9,1
122339,ENG-SCI 53,ENG-SCI,2022Fall,4.26,9.37,47,2
122339,ENG-SCI 53,ENG-SCI,2023Fall,3.86,11.11,57,2
122339,ENG-SCI 53,ENG-SCI,2024Fall,3.85,8.1,48,2
122340,ENG-SCI 221,ENG-SCI,2023Spring,3.88,4.16,37,1
122340,ENG-SCI 221,ENG-SCI,2024Fall,4.53,4.33,45,1
122341,BE 130,BE,2023Spring,3.91,8.0,13,1
122341,BE 130,BE,2024Spring,4.21,7.08,15,1
122342,ENG-SCI 249,ENG-SCI,2023Spring,3.91,8.0,13,1
122342,ENG-SCI 249,ENG-SCI,2024Spring,4.21,7.08,15,1
122410,MCB 199,MCB,2023Spring,3.88,6.82,22,1
122410,MCB 199,MCB,2025Spring,4.0,8.67,10,1
122419,CELTIC 101,CELTIC,2024Fall,4.67,3.2,23,1
122422,MCB 294,MCB,2023Fall,4.29,2.33,8,1
122422,MCB 294,MCB,2024Fall,3.82,2.91,16,1
122439,ANTHRO 2690,ANTHRO,2023Spring,4.88,8.5,10,1
122444,FOLKMYTH 161,FOLKMYTH,2022Fall,4.08,2.81,33,1
122458,FRSEMR 25N,FYSEMR,2022Fall,4.83,3.25,12,1
122458,FYSEMR 25N,FYSEMR,2023Fall,4.13,2.71,13,1
122458,FYSEMR 25N,FYSEMR,2024Fall,4.3,3.1,12,1
122467,SOCIOL 1129,SOCIOL,2024Fall,4.6,3.41,35,1
122487,AFRAMER 112,AFRAMER,2023Spring,4.67,4.17,32,1
122496,AFRAMER 174X,AFRAMER,2022Fall,3.67,6.0,16,1
122498,AFRAMER 192X,AFRAMER,2024Spring,4.0,4.33,18,1
122514,LING 83,LING,2023Spring,4.37,4.21,105,1
122514,LING 83,LING,2024Spring,4.41,2.98,75,1
122514,LING 83,LING,2025Spring,3.64,6.03,67,1
122515,LING 116,LING,2022Fall,4.78,5.56,9,1
122529,MCB 91,MCB,2022Fall,4.78,13.78,13,2
122529,MCB 91,MCB,2023Spring,4.91,14.45,15,1
122529,MCB 91,MCB,2023Fall,4.75,16.0,11,2
122529,MCB 91,MCB,2024Spring,5.0,14.0,15,2
122529,MCB 91,MCB,2024Fall,5.0,15.25,8,2
122529,MCB 91R,MCB,2025Spring,4.83,10.2,10,2
122530,MCB 99A,MCB,2022Fall,4.33,14.5,25,2
122530,MCB 99A,MCB,2023Fall,4.53,16.18,19,2
122530,MCB 99A,MCB,2024Fall,4.5,16.5,30,2
122549,E-PSCI 208,E-PSCI,2022Fall,4.13,7.86,11,1
122549,E-PSCI 208,E-PSCI,2024Fall,4.64,6.55,14,1
122550,HUMAN 20,HUMAN,2022Fall,4.59,5.48,65,5
122550,HUMAN 20,HUMAN,2023Fall,4.17,5.18,62,5
122550,HUMAN 20,HUMAN,2024Fall,4.6,7.19,34,6
122564,APMTH 50,APMTH,2023Spring,4.21,6.39,35,1
122564,APMTH 50,APMTH,2024Spring,4.09,4.91,71,1
122564,APMTH 50,APMTH,2025Spring,4.21,5.71,68,1
122575,PHYSCI 2,PHYSCI,2022Fall,4.15,6.37,174,3
122575,PHYSCI 2,PHYSCI,2023Fall,3.89,6.63,233,2
122575,PHYSCI 2,PHYSCI,2024Fall,3.81,7.46,175,2
122576,PHYSCI 3,PHYSCI,2023Spring,2.91,7.3,130,2
122576,PHYSCI 3,PHYSCI,2024Spring,3.74,6.7,152,2
122576,PHYSCI 3,PHYSCI,2025Spring,3.65,7.91,132,3
122591,CPB 91,CPB,2023Spring,5.0,13.0,5,2
122592,CPB 99A,CPB,2022Fall,4.71,18.92,21,2
122592,CPB 99A,CPB,2023Fall,4.0,12.33,8,2
122592,CPB 99A,CPB,2024Fall,4.71,13.6,9,2
122595,HEB 99A,HEB,2022Fall,4.83,7.5,8,1
122595,HEB 99A,HEB,2023Fall,4.5,6.9,13,1
122595,HEB 99A,HEB,2024Fall,4.86,7.0,9,2
122596,BCMP 218,BCMP,2022Fall,4.69,2.87,21,2
122596,BCMP 218,BCMP,2023Fall,4.77,3.55,26,2
122596,BCMP 218,BCMP,2024Fall,4.59,3.19,28,2
122603,MATH 122,MATH,2022Fall,3.77,8.45,36,1
122603,MATH 122,MATH,2023Fall,2.8,10.73,74,1
122603,MATH 122,MATH,2024Fall,4.54,8.41,66,1
122603,MATH 122,MATH,2025Spring,4.09,7.0,21,1
122608,PSY 2020,PSY,2023Spring,3.29,7.67,12,1
122608,PSY 2020,PSY,2024Fall,3.8,3.6,16,1
122616,HISTSCI 2953,HISTSCI,2024Spring,3.94,6.23,22,1
122625,HEB 97,HEB,2023Spring,4.67,4.44,24,2
122625,HEB 97,HEB,2024Spring,4.0,5.55,26,2
122625,HEB 97,HEB,2025Spring,4.8,5.8,6,1
122674,HAA 310A,HAA,2022Fall,4.67,12.33,9,1
122674,HAA 310A,HAA,2023Fall,4.5,11.0,9,1
122674,HAA 310A,HAA,2024Fall,4.33,7.75,10,1
122679,AFVS 107,AFVS,2022Fall,4.71,3.65,18,1
122679,AFVS 107,AFVS,2024Fall,4.87,5.36,19,1
122708,MICROBI 213,MICROBI,2023Spring,4.75,5.75,6,6
122708,MICROBI 213,MICROBI,2025Spring,4.22,3.88,20,7
122718,HISTSCI 2985,HISTSCI,2022Fall,4.29,11.31,18,1
122718,HISTSCI 2985,HISTSCI,2023Fall,4.73,8.5,19,1
122718,HISTSCI 2985,HISTSCI,2024Fall,4.47,7.93,18,1
122752,ECON 970,ECON,2022Fall,4.92,7.83,9,4
122752,ECON 970,ECON,2023Spring,4.25,6.94,9,8
122752,ECON 970,ECON,2023Fall,4.08,7.11,10,6
122752,ECON 970,ECON,2024Spring,4.48,7.14,10,11
122752,ECON 970,ECON,2024Fall,4.23,7.41,10,6
122752,ECON 970,ECON,2025Spring,4.36,7.2,10,13
122813,COMPSCI 262,COMPSCI,2023Spring,4.28,8.09,131,1
122813,COMPSCI 2620,COMPSCI,2025Spring,4.13,8.21,107,1
122814,RUSS 114,RUSS,2023Spring,5.0,13.83,7,1
122814,RUSS 114,RUSS,2023Fall,4.67,10.67,8,1
122818,PHYSICS 268AR,PHYSICS,2022Fall,3.45,5.27,21,1
122846,NEURO 91,NEURO,2022Fall,4.67,12.73,59,2
122846,NEURO 91,NEURO,2023Spring,4.76,13.24,57,2
122846,NEURO 91,NEURO,2023Fall,4.83,15.23,45,2
122846,NEURO 91,NEURO,2024Spring,4.76,13.22,52,2
122846,NEURO 91,NEURO,2024Fall,4.92,14.43,45,2
122846,NEURO 91,NEURO,2025Spring,4.76,11.5,48,2
122847,NEURO 99,NEURO,2022Fall,4.75,16.67,5,2
122847,NEURO 99,NEURO,2023Spring,4.82,15.04,47,2
122847,NEURO 99,NEURO,2024Spring,4.88,17.18,45,2
122847,NEURO 99,NEURO,2025Spring,4.88,15.08,42,2
122848,HIST 2272,HIST,2022Fall,4.6,9.4,9,1
122848,HIST 2272,HIST,2024Fall,5.0,12.0,9,1
122850,GOV 1008,GOV,2022Fall,4.32,3.96,45,1
122850,GOV 1008,GOV,2023Fall,4.0,4.29,26,1
122850,GOV 1008,GOV,2024Fall,4.36,5.68,30,1
122852,GOV 1009,GOV,2023Spring,4.64,5.31,27,1
122852,GOV 1009,GOV,2024Spring,4.6,5.75,7,1
122852,GOV 1009,GOV,2025Spring,4.0,4.17,17,1
122855,ENG-SCI 271R,ENG-SCI,2022Fall,5.0,6.86,11,1
122855,ENG-SCI 271R,ENG-SCI,2023Fall,5.0,5.25,7,1
122906,TDM 112R,TDM,2023Spring,4.8,7.0,12,1
122906,TDM 112R,TDM,2024Spring,4.9,5.4,12,1
122906,TDM 112R,TDM,2025Spring,5.0,6.8,11,1
122907,RUSS AA,RUSS,2024Fall,4.8,9.25,6,2
122910,AFRAMER 10,AFRAMER,2023Spring,3.89,4.11,34,2
122910,AFRAMER 10,AFRAMER,2024Fall,4.11,5.47,24,1
122916,RELIGION 2002,RELIGION,2023Fall,3.6,3.33,10,1
122916,RELIGION 2002,RELIGION,2024Fall,3.4,3.75,9,1
122930,PHYSICS 253A,PHYSICS,2022Fall,4.27,15.21,33,1
122930,PHYSICS 253A,PHYSICS,2023Fall,4.5,16.75,27,1
122930,PHYSICS 253A,PHYSICS,2024Fall,4.75,19.68,32,1
122943,MATH 101,MATH,2022Fall,4.23,8.69,30,1
122943,MATH 101,MATH,2023Spring,4.42,9.46,61,1
122943,MATH 101,MATH,2023Fall,4.06,8.47,21,1
122943,MATH 101,MATH,2024Spring,4.15,8.63,35,1
122943,MATH 101,MATH,2024Fall,4.56,10.5,19,1
122943,MATH 101,MATH,2025Spring,3.83,8.39,27,1
122980,WOMGEN 98S,WOMGEN,2023Spring,4.38,6.44,11,1
122980,WOMGEN 98S,WOMGEN,2024Spring,4.17,4.33,10,1
122980,WOMGEN 98S,WOMGEN,2025Spring,4.67,6.5,9,1
122988,WOMGEN 1170,WOMGEN,2023Fall,4.6,3.1,13,1
122989,PHIL 97,PHIL,2022Fall,4.63,6.25,9,1
122989,PHIL 97,PHIL,2023Spring,4.57,5.48,10,2
122989,PHIL 97,PHIL,2024Spring,4.89,7.67,9,1
122989,PHIL 97,PHIL,2025Spring,4.23,4.27,8,2
123003,ECON 1420,ECON,2022Fall,4.09,4.33,110,2
123003,ECON 1420,ECON,2023Fall,4.37,4.15,49,2
123022,CHEM 100R,CHEM,2022Fall,4.8,5.5,11,2
123022,CHEM 100R,CHEM,2023Spring,4.88,4.14,9,2
123022,CHEM 100R,CHEM,2023Fall,4.38,7.88,10,1
123022,CHEM 100R,CHEM,2024Spring,4.89,4.44,10,1
123033,ECON 1123,ECON,2022Fall,3.71,8.52,117,1
123033,ECON 1123,ECON,2023Spring,4.04,8.14,168,1
123033,ECON 1123,ECON,2023Fall,3.86,7.72,131,1
123033,ECON 1123,ECON,2024Spring,3.97,8.99,133,1
123033,ECON 1123,ECON,2024Fall,3.95,8.13,163,1
123033,ECON 1123,ECON,2025Spring,3.74,8.46,186,1
123045,SANSKRIT 101A,SANSKRIT,2022Fall,4.67,9.0,7,1
123045,SANSKRIT 101A,SANSKRIT,2023Fall,4.83,6.83,6,1
123045,SANSKRIT 101A,SANSKRIT,2024Fall,4.29,7.0,9,1
123051,PERSIAN AA,PERSIAN,2022Fall,4.22,5.63,12,1
123051,PERSIAN AA,PERSIAN,2023Fall,4.5,6.56,13,1
123051,PERSIAN AA,PERSIAN,2024Fall,4.33,6.5,8,1
123076,PLSH AA,PLSH,2024Fall,4.67,7.17,6,1
123080,TDM 130R,TDM,2022Fall,4.75,9.63,9,1
123080,TDM 130R,TDM,2024Spring,4.78,7.89,9,1
123092,PHIL 167,PHIL,2022Fall,4.38,3.0,9,1
123092,PHIL 167,PHIL,2023Fall,3.14,3.29,16,1
123098,HIST 72F,HIST,2024Spring,4.56,6.22,13,1
123102,GHHP 99,GHHP,2023Spring,4.4,4.2,10,1
123102,GHHP 99,GHHP,2024Spring,4.4,4.6,11,1
123102,GHHP 99,GHHP,2025Spring,4.83,3.6,9,1
123105,ECON 3004,ECON,2023Fall,5.0,0,14,1
123105,ECON 3004,ECON,2024Spring,4.0,1.0,16,2
123105,ECON 3004,ECON,2024Fall,5.0,2.0,14,1
123105,ECON 3004,ECON,2025Spring,5.0,0,11,2
123126,CHEM 40,CHEM,2023Spring,4.27,5.67,41,1
123126,CHEM 40,CHEM,2024Spring,3.57,9.3,54,1
123126,CHEM 40,CHEM,2025Spring,4.31,7.0,54,1
123195,ANTHRO 1131,ANTHRO,2024Spring,4.36,3.2,12,2
123211,MATH 130,MATH,2024Spring,4.4,5.95,28,1
123211,MATH 130,MATH,2025Spring,3.67,6.65,27,1
123212,MATH 132,MATH,2023Spring,4.18,10.14,32,1
123212,MATH 132,MATH,2024Spring,3.25,7.94,20,1
123212,MATH 132,MATH,2025Spring,3.3,10.64,16,1
123220,AFVS 158AR,AFVS,2024Spring,4.0,16.67,9,2
123227,MATH 114,MATH,2022Fall,2.77,10.69,33,1
123227,MATH 114,MATH,2023Fall,3.33,7.33,10,1
123227,MATH 114,MATH,2024Fall,4.57,6.99,84,1
123232,MATH 221,MATH,2022Fall,4.71,9.85,21,1
123232,MATH 221,MATH,2023Fall,2.86,10.57,12,1
123232,MATH 221,MATH,2024Fall,4.75,11.75,8,1
123238,MATH 222,MATH,2023Spring,4.5,7.11,30,1
123238,MATH 222,MATH,2024Spring,3.71,10.29,18,1
123238,MATH 222,MATH,2025Spring,4.78,9.75,24,1
123239,MATH 223A,MATH,2023Fall,4.83,13.67,17,1
123242,MATH 229,MATH,2024Spring,4.0,7.2,8,1
123243,MATH 231A,MATH,2022Fall,4.15,10.5,21,1
123243,MATH 231A,MATH,2023Fall,3.94,10.06,24,1
123243,MATH 231A,MATH,2024Fall,4.27,10.9,13,1
123271,MCB 145,MCB,2022Fall,4.0,3.67,7,1
123271,MCB 145,MCB,2024Fall,4.5,7.08,23,1
123272,MCB 146,MCB,2023Spring,4.0,3.5,46,1
123305,PSY 1750,PSY,2023Fall,5.0,4.73,13,1
123305,PSY 1750,PSY,2024Fall,4.78,8.89,13,1
123351,ENG-SCI 273,ENG-SCI,2022Fall,3.3,5.7,16,1
123351,ENG-SCI 273,ENG-SCI,2024Spring,3.75,11.25,17,1
123351,ENG-SCI 273,ENG-SCI,2025Spring,4.22,11.11,16,1
123375,GOV 2710,GOV,2022Fall,4.88,8.71,13,2
123375,GOV 2710,GOV,2023Fall,4.5,11.33,6,2
123375,GOV 2710,GOV,2024Fall,4.71,10.86,11,2
123398,HISTSCI 100,HISTSCI,2022Fall,4.33,4.54,83,1
123398,HISTSCI 100,HISTSCI,2023Fall,4.39,3.12,66,2
123398,HISTSCI 100,HISTSCI,2024Fall,4.3,4.06,65,2
123425,GREEK 129,GREEK,2023Fall,4.83,4.33,7,1
123433,MATH 231BR,MATH,2023Spring,5.0,13.0,7,1
123433,MATH 231BR,MATH,2024Spring,5.0,8.5,15,1
123433,MATH 231BR,MATH,2025Spring,4.8,12.0,18,1
123435,AFRAMER 197,AFRAMER,2023Fall,4.0,3.0,20,1
123435,AFRAMER 197,AFRAMER,2024Fall,4.72,4.67,38,1
123439,LING 115,LING,2022Fall,4.29,5.14,8,1
123439,LING 115,LING,2023Fall,3.6,8.25,6,1
123441,MATH 232A,MATH,2022Fall,4.59,15.71,20,1
123441,MATH 232AR,MATH,2023Fall,4.8,8.0,28,1
123441,MATH 232AR,MATH,2024Fall,4.17,14.5,18,1
123443,GOV 51,GOV,2023Spring,4.05,5.25,26,1
123443,GOV 51,GOV,2024Spring,4.33,5.67,26,1
123443,GOV 51,GOV,2025Spring,4.54,8.0,22,1
123444,MATH 232BR,MATH,2023Spring,5.0,17.5,16,1
123444,MATH 232BR,MATH,2024Spring,5.0,12.2,22,1
123448,LING 132,LING,2024Fall,4.38,5.71,11,2
123501,GOV 94DN,GOV,2023Spring,4.6,4.0,12,1
123580,ENG-SCI 252R,ENG-SCI,2023Spring,4.6,8.8,8,1
123580,ENG-SCI 252R,ENG-SCI,2025Spring,4.75,6.75,9,1
123590,AFRAMER 97,AFRAMER,2023Spring,4.88,6.0,12,1
123590,AFRAMER 97,AFRAMER,2024Spring,4.82,3.8,14,1
123590,AFRAMER 97,AFRAMER,2025Spring,4.83,3.6,8,1
123591,AFRAMER 11,AFRAMER,2022Fall,4.62,4.92,13,1
123591,AFRAMER 11,AFRAMER,2023Fall,4.1,3.05,22,1
123591,AFRAMER 11,AFRAMER,2024Fall,4.6,10.2,7,2
123611,LING 117R,LING,2022Fall,4.0,7.0,5,1
123611,LING 117R,LING,2024Fall,4.5,3.5,5,1
123623,COMPSCI 61,COMPSCI,2022Fall,4.14,14.58,188,1
123623,COMPSCI 61,COMPSCI,2023Fall,4.2,13.37,195,2
123623,COMPSCI 61,COMPSCI,2024Fall,3.96,14.28,254,2
123625,LATIN 129,LATIN,2023Fall,4.75,6.13,15,1
123658,FYSEMR 22I,FYSEMR,2023Fall,3.44,1.0,11,1
123658,FYSEMR 22I,FYSEMR,2024Fall,5.0,1.78,12,1
123662,APMTH 121,APMTH,2022Fall,4.34,8.16,82,1
123662,APMTH 121,APMTH,2023Fall,4.53,6.69,75,1
123662,APMTH 121,APMTH,2024Fall,4.22,7.78,74,1
123674,LIFESCI 2,LIFESCI,2022Fall,4.17,7.71,101,4
123674,LIFESCI 2,LIFESCI,2023Fall,4.23,7.45,102,4
123674,LIFESCI 2,LIFESCI,2024Fall,4.14,9.57,105,5
123680,MATH 1A,MATH,2022Fall,3.69,9.55,28,4
123680,MATH 1A,MATH,2023Spring,4.23,7.1,32,1
123680,MATH 1A,MATH,2023Fall,3.48,9.66,24,4
123680,MATH 1A,MATH,2024Spring,3.59,7.81,45,1
123680,MATH 1A,MATH,2024Fall,3.75,10.29,24,4
123680,MATH 1A,MATH,2025Spring,4.21,9.61,42,1
123710,LING 250,LING,2023Fall,4.75,9.5,7,1
123790,HIND-URD 123,HIND-URD,2023Spring,4.56,7.22,15,1
123790,HIND-URD 123,HIND-URD,2025Spring,4.56,6.14,19,1
123833,LPS A,LPS,2022Fall,4.16,7.35,167,3
123833,LPS A,LPS,2023Fall,3.97,7.27,217,3
123833,LPS A,LPS,2024Fall,3.99,7.91,191,4
123837,MCB 195,MCB,2023Spring,5.0,2.4,5,1
123837,MCB 195,MCB,2024Spring,4.13,2.75,11,1
123837,MCB 195,MCB,2025Spring,5.0,3.8,8,1
123849,ECON 2040,ECON,2023Fall,4.67,8.22,13,1
123849,ECON 2040,ECON,2024Fall,5.0,5.78,14,1
123850,LING 108,LING,2023Fall,4.64,3.09,11,1
123852,MODGRK 100,MODGRK,2023Spring,5.0,2.14,9,1
123858,ESPP 90N,ESPP,2022Fall,4.25,3.5,14,1
123858,ESPP 90N,ESPP,2023Fall,4.5,3.0,22,1
123858,ESPP 90N,ESPP,2024Fall,4.0,2.33,10,1
123880,COMPLIT 264,COMPLIT,2024Spring,4.5,5.17,13,1
123893,ECON 1050,ECON,2023Spring,4.0,4.09,17,1
123893,ECON 1050,ECON,2024Spring,3.55,4.36,37,1
123893,ECON 1050,ECON,2025Spring,4.38,5.79,23,1
123934,ENGLISH CALR,ENGLISH,2024Spring,4.5,5.33,12,1
123934,ENGLISH CALR,ENGLISH,2025Spring,4.71,4.57,12,1
123941,PSY 1,PSY,2022Fall,3.79,5.3,201,2
123941,PSY 1,PSY,2023Spring,3.44,4.75,153,2
123941,PSY 1,PSY,2023Fall,4.33,4.48,239,2
123941,PSY 1,PSY,2024Spring,4.29,4.88,70,2
123941,PSY 1,PSY,2024Fall,4.5,4.89,237,2
123941,PSY 1,PSY,2025Spring,4.0,4.38,80,2
123963,JAPAN 140B,JAPAN,2024Spring,5.0,6.43,10,1
123963,JAPAN 140B,JAPAN,2025Spring,5.0,6.63,8,1
123964,SOC-STD 10B,SOC-STD,2023Spring,4.52,7.15,80,15
123964,SOC-STD 10B,SOC-STD,2024Spring,4.66,6.85,97,15
123964,SOC-STD 10B,SOC-STD,2025Spring,4.43,8.04,96,16
123971,COMPSCI 79,COMPSCI,2022Fall,4.44,6.93,74,1
123971,COMPSCI 79,COMPSCI,2023Fall,4.08,6.84,93,1
123973,PSY 18,PSY,2022Fall,4.61,4.16,117,1
123973,PSY 18,PSY,2024Spring,4.62,3.8,142,1
123973,PSY 18,PSY,2025Spring,4.74,4.34,143,1
124043,KOREAN 120B,KOREAN,2023Spring,4.75,5.13,11,1
124043,KOREAN 120B,KOREAN,2024Spring,4.23,6.31,19,1
124043,KOREAN 120B,KOREAN,2025Spring,4.6,6.8,14,1
124050,CLS-STDY 97B,CLS-STDY,2023Spring,3.88,4.8,39,1
124050,CLS-STDY 97B,CLS-STDY,2024Spring,4.11,4.83,24,1
124050,CLS-STDY 97B,CLS-STDY,2025Spring,4.46,7.23,18,1
124063,RELIGION 1803,RELIGION,2024Fall,4.67,5.5,11,1
124076,ECON 2726,ECON,2023Spring,4.33,5.17,19,2
124076,ECON 2726,ECON,2024Spring,3.91,4.89,32,2
124076,ECON 2726,ECON,2025Spring,4.25,5.63,14,2
124093,GERMAN 10AB,GERMAN,2023Fall,4.9,11.7,14,1
124093,GERMAN 10AB,GERMAN,2024Spring,5.0,8.63,9,1
124093,GERMAN 10AB,GERMAN,2024Fall,4.78,9.88,10,1
124093,GERMAN 10AB,GERMAN,2025Spring,4.8,9.75,12,1
124099,ASTRON 201,ASTRON,2023Spring,3.5,6.67,16,1
124099,ASTRON 201,ASTRON,2025Spring,4.4,5.2,10,1
124105,RUSS 103,RUSS,2023Spring,4.75,8.63,8,2
124105,RUSS 103,RUSS,2024Spring,4.8,7.22,6,2
124105,RUSS 103,RUSS,2025Spring,4.5,7.5,8,2
124108,PHYSICS 123,PHYSICS,2023Fall,3.83,8.8,12,1
124108,PHYSICS 123,PHYSICS,2024Fall,4.86,9.14,12,1
124109,MICROBI 210,MICROBI,2023Spring,4.23,3.0,16,1
124109,MICROBI 210,MICROBI,2024Spring,4.4,3.93,21,1
124109,MICROBI 210,MICROBI,2025Spring,4.14,5.29,10,1
124127,GENED 1093,GENED,2022Fall,4.01,4.44,156,3
124127,GENED 1093,GENED,2023Fall,4.15,3.27,159,3
124134,ECON 2010A,ECON,2022Fall,3.42,13.25,27,2
124134,ECON 2010A,ECON,2023Fall,4.5,11.71,25,2
124134,ECON 2010A,ECON,2024Fall,4.0,15.11,26,2
124139,ECON 2010B,ECON,2023Spring,3.79,7.33,25,2
124139,ECON 2010B,ECON,2024Spring,3.65,7.53,26,2
124139,ECON 2010B,ECON,2025Spring,4.16,9.56,26,3
124154,PHYSICS 15C,PHYSICS,2022Fall,4.33,9.47,21,3
124154,PHYSICS 15C,PHYSICS,2023Spring,3.5,7.23,55,1
124154,PHYSICS 15C,PHYSICS,2023Fall,3.96,5.77,34,4
124154,PHYSICS 15C,PHYSICS,2024Spring,4.55,7.4,24,3
124154,PHYSICS 15C,PHYSICS,2024Fall,4.38,6.81,26,4
124154,PHYSICS 15C,PHYSICS,2025Spring,4.12,5.41,24,3
124213,HIST 1026,HIST,2024Fall,4.6,7.6,16,1
124235,CHNSE 130XA,CHNSE,2022Fall,4.85,6.31,14,1
124235,CHNSE 130XA,CHNSE,2023Fall,5.0,5.88,10,1
124235,CHNSE 130XA,CHNSE,2024Fall,5.0,6.17,8,1
124237,CHNSE BB,CHNSE,2023Spring,5.0,6.75,7,1
124237,CHNSE BB,CHNSE,2024Spring,4.77,7.31,16,1
124237,CHNSE BB,CHNSE,2025Spring,4.82,6.91,18,1
124238,CHNSE 130XB,CHNSE,2023Spring,5.0,6.25,8,1
124238,CHNSE 130XB,CHNSE,2024Spring,5.0,8.0,8,1
124238,CHNSE 130XB,CHNSE,2025Spring,4.8,5.4,9,1
124240,KOREAN BB,KOREAN,2023Spring,4.85,3.58,20,1
124240,KOREAN BB,KOREAN,2024Spring,4.78,4.67,16,1
124240,KOREAN BB,KOREAN,2025Spring,4.57,5.0,13,1
124258,JAPAN BB,JAPAN,2023Spring,5.0,6.17,9,1
124258,JAPAN BB,JAPAN,2024Spring,4.71,4.33,10,1
124258,JAPAN BB,JAPAN,2025Spring,5.0,8.33,12,1
124296,KOREAN BA,KOREAN,2022Fall,4.64,5.09,15,1
124296,KOREAN BA,KOREAN,2023Fall,4.67,5.5,10,1
124296,KOREAN BA,KOREAN,2024Fall,4.86,8.33,11,1
124297,HIST 2968,HIST,2023Fall,4.0,4.56,17,2
124312,CHEM 20,CHEM,2023Spring,4.67,9.76,60,1
124312,CHEM 20,CHEM,2024Spring,4.08,11.29,63,1
124312,CHEM 20,CHEM,2025Spring,4.66,11.23,68,1
124332,FRENCH 15,FRENCH,2023Spring,4.71,6.0,10,1
124332,FRENCH 15,FRENCH,2024Spring,4.64,7.56,12,1
124332,FRENCH 15,FRENCH,2025Spring,4.6,7.6,6,1
124352,MATH 297X,MATH,2024Fall,4.33,6.2,20,1
124364,COMPSCI 171,COMPSCI,2022Fall,4.12,10.37,77,1
124364,COMPSCI 171,COMPSCI,2023Fall,3.98,10.11,102,2
124364,COMPSCI 1710,COMPSCI,2024Fall,4.15,10.71,62,1
124385,HAA 100R,HAA,2023Spring,4.56,4.11,15,2
124385,HAA 100R,HAA,2024Spring,4.29,4.0,14,3
124385,HAA 100R,HAA,2025Spring,4.75,4.25,13,3
124404,HIST 1700,HIST,2022Fall,4.5,4.75,11,1
124404,HIST 1700,HIST,2024Spring,4.6,7.0,10,1
124414,GOV 10,GOV,2023Spring,4.18,4.84,29,1
124414,GOV 10,GOV,2024Spring,4.06,6.07,46,1
124414,GOV 10,GOV,2025Spring,4.64,6.36,24,1
124495,HIST 82F,HIST,2022Fall,4.43,6.62,15,1
124495,HIST 82F,HIST,2023Fall,4.25,7.63,10,1
124495,HIST 82F,HIST,2024Fall,4.69,6.54,15,1
124506,HIST 1270,HIST,2022Fall,4.31,6.92,20,1
124506,HIST 1270,HIST,2023Fall,4.67,6.6,7,1
124506,HIST 1270,HIST,2024Fall,4.75,7.88,11,1
124524,PORTUG 40,PORTUG,2023Spring,5.0,5.14,7,1
124524,PORTUG 40,PORTUG,2024Fall,4.8,4.8,8,1
124534,CHNSLIT 229R,CHNSLIT,2022Fall,4.6,10.6,9,1
124534,CHNSLIT 229R,CHNSLIT,2024Fall,4.67,9.0,11,1
124633,HAA 12M,HAA,2022Fall,4.75,4.13,17,2
124652,CHNSLIT 248,CHNSLIT,2023Fall,4.67,9.25,10,1
124708,RELIGION 1615,RELIGION,2025Spring,4.38,4.0,11,1
124723,APPHY 235,APPHY,2022Fall,4.31,8.77,19,1
124723,APPHY 235,APPHY,2023Fall,4.6,7.8,9,1
124723,APPHY 235,APPHY,2024Fall,4.5,7.67,10,1
124754,LING 99B,LING,2023Spring,5.0,9.0,6,1
124754,LING 99B,LING,2024Spring,4.75,16.0,8,1
124775,GOV 94IA,GOV,2024Spring,4.89,6.71,12,1
124775,GOV 94IA,GOV,2025Spring,4.78,5.44,10,1
124780,GOV 2001,GOV,2022Fall,3.62,9.93,44,1
124780,GOV 2001,GOV,2024Spring,4.13,14.25,17,1
124780,GOV 2001,GOV,2025Spring,4.15,7.46,19,1
124788,PHIL 8,PHIL,2023Spring,4.72,5.79,47,1
124788,PHIL 8,PHIL,2025Spring,4.5,6.88,73,1
124803,ANTHRO 2856,ANTHRO,2024Fall,4.88,13.2,11,1
124817,MCB 129,MCB,2024Fall,4.24,5.13,49,1
124836,GOV 2034,GOV,2022Fall,5.0,5.8,6,1
124879,RELIGION 1059,RELIGION,2022Fall,4.4,3.75,8,1
124899,MCB 291,MCB,2023Spring,2.33,2.67,17,2
124900,MCB 292,MCB,2022Fall,3.67,3.6,17,3
124900,MCB 292,MCB,2023Fall,3.75,3.0,15,3
124901,MCB 293,MCB,2023Spring,3.67,6.56,16,2
124901,MCB 293,MCB,2024Spring,3.25,3.75,15,1
124905,CHEM 301HFA,CHEM,2022Fall,3.77,1.83,30,3
124905,CHEM 301HFA,CHEM,2023Fall,3.82,2.08,34,2
124905,CHEM 301HFA,CHEM,2024Fall,4.18,2.27,33,2
124933,ECON 2330,ECON,2023Spring,4.76,5.93,27,2
124933,ECON 2330,ECON,2024Spring,5.0,5.1,20,2
124966,ASTRON 200,ASTRON,2022Fall,4.86,7.43,11,1
124966,ASTRON 200,ASTRON,2023Fall,4.15,11.0,19,1
124966,ASTRON 200,ASTRON,2024Fall,3.0,8.43,12,1
124969,CLS-STDY 165,CLS-STDY,2023Fall,3.73,3.13,20,1
124969,CLS-STDY 165,CLS-STDY,2025Spring,4.09,3.71,36,1
124982,SPANSH 10,SPANSH,2022Fall,4.2,3.67,13,1
124982,SPANSH 10,SPANSH,2023Spring,4.17,3.83,12,1
124982,SPANSH 10,SPANSH,2023Fall,3.25,5.5,17,1
124982,SPANSH 10,SPANSH,2024Spring,3.71,5.29,9,1
124982,SPANSH 10,SPANSH,2024Fall,4.63,3.25,13,1
124982,SPANSH 10,SPANSH,2025Spring,5.0,5.4,8,1
125011,SPANSH 20,SPANSH,2022Fall,4.18,5.82,17,1
125011,SPANSH 20,SPANSH,2023Spring,4.0,7.0,13,1
125011,SPANSH 20,SPANSH,2023Fall,3.9,4.8,12,1
125011,SPANSH 20,SPANSH,2024Spring,3.83,4.33,8,1
125011,SPANSH 20,SPANSH,2024Fall,3.45,5.56,15,1
125011,SPANSH 20,SPANSH,2025Spring,3.5,6.3,14,1
125014,SPANSH 40,SPANSH,2022Fall,4.73,3.82,13,1
125014,SPANSH 40,SPANSH,2023Spring,4.91,4.0,14,1
125014,SPANSH 40,SPANSH,2023Fall,4.83,4.0,8,1
125014,SPANSH 40,SPANSH,2024Spring,4.4,4.8,10,1
125014,SPANSH 40,SPANSH,2024Fall,4.57,3.86,9,1
125014,SPANSH 40,SPANSH,2025Spring,5.0,3.75,16,1
125049,HIST 1024,HIST,2022Fall,4.46,4.42,100,1
125049,HIST 1024,HIST,2023Fall,4.71,3.61,74,1
125058,SPANSH 11,SPANSH,2022Fall,4.0,5.14,14,2
125058,SPANSH 11,SPANSH,2023Spring,3.4,4.4,8,1
125058,SPANSH 11,SPANSH,2023Fall,4.8,3.7,10,2
125058,SPANSH 11,SPANSH,2024Spring,4.64,3.2,13,1
125058,SPANSH 11,SPANSH,2024Fall,4.86,5.43,12,1
125058,SPANSH 11,SPANSH,2025Spring,4.2,3.22,15,1
125061,ITAL 11,ITAL,2023Spring,4.25,10.0,10,1
125061,ITAL 11,ITAL,2023Fall,4.8,8.75,7,2
125061,ITAL 11,ITAL,2024Spring,4.5,7.38,11,2
125061,ITAL 11,ITAL,2024Fall,5.0,7.0,9,1
125061,ITAL 11,ITAL,2025Spring,4.67,8.0,9,1
125089,SOCIOL 2205,SOCIOL,2023Spring,4.0,5.43,9,1
125089,SOCIOL 2205,SOCIOL,2024Fall,4.57,8.0,12,1
125097,HIST 3920A,HIST,2022Fall,4.4,2.75,16,1
125097,HIST 3920A,HIST,2024Fall,4.0,1.33,12,1
125125,RELIGION 55,RELIGION,2024Spring,5.0,4.83,7,1
125185,SCRB 190,SCRB,2022Fall,4.38,4.25,25,1
125185,SCRB 190,SCRB,2023Fall,4.81,6.0,31,1
125185,SCRB 190,SCRB,2024Fall,4.43,3.08,29,1
125186,GENED 1057,GENED,2024Spring,3.69,4.17,57,1
125200,SCRB 167,SCRB,2023Spring,4.65,3.33,22,1
125200,SCRB 167,SCRB,2024Spring,4.36,4.33,35,2
125200,SCRB 167,SCRB,2025Spring,4.54,4.27,19,2
125211,GOV 94OA,GOV,2022Fall,4.83,7.42,14,1
125211,GOV 94OA,GOV,2024Spring,4.6,11.0,9,1
125211,GOV 94OA,GOV,2025Spring,4.5,7.43,11,1
125212,MUSIC 51A,MUSIC,2022Fall,4.0,3.9,12,1
125212,MUSIC 51A,MUSIC,2023Fall,4.5,5.67,10,1
125212,MUSIC 51A,MUSIC,2024Fall,3.89,4.76,25,1
125213,MUSIC 51B,MUSIC,2023Spring,3.5,4.5,11,1
125216,GENED 1097,GENED,2022Fall,3.3,4.86,36,1
125227,EXPOS 40,EXPOS,2022Fall,4.79,3.22,14,5
125227,EXPOS 40,EXPOS,2023Spring,4.94,3.23,14,6
125227,EXPOS 40,EXPOS,2023Fall,4.88,3.0,14,7
125227,EXPOS 40,EXPOS,2024Spring,4.96,3.3,15,6
125227,EXPOS 40,EXPOS,2024Fall,4.9,4.09,14,5
125227,EXPOS 40,EXPOS,2025Spring,4.95,3.51,14,4
125262,BIOSTAT 238,BIOSTAT,2023Spring,2.83,7.17,9,1
125372,ECON 2410A,ECON,2023Spring,4.2,6.75,8,1
125372,ECON 2410A,ECON,2024Spring,4.29,9.67,16,1
125372,ECON 2410A,ECON,2025Spring,4.67,7.25,23,1
125374,ENG-SCI 301,ENG-SCI,2023Spring,4.4,1.0,7,1
125380,ENG-SCI 231,ENG-SCI,2023Spring,4.1,9.5,15,1
125380,ENG-SCI 231,ENG-SCI,2025Spring,4.21,10.64,16,1
125396,MATH 18A,MATH,2022Fall,4.06,7.72,39,1
125396,MATH 18A,MATH,2023Fall,4.19,9.0,21,1
125396,MATH 18A,MATH,2024Fall,4.43,9.36,20,1
125407,COMPSCI 105,COMPSCI,2022Fall,4.76,4.57,48,1
125407,COMPSCI 105,COMPSCI,2023Fall,4.76,5.28,47,1
125407,COMPSCI 1050,COMPSCI,2024Fall,4.72,6.13,47,1
125496,GENED 1159,GENED,2024Spring,4.06,5.0,93,1
125517,HIST 74N,HIST,2023Spring,4.14,6.0,13,1
125517,HIST 74N,HIST,2024Spring,4.43,5.57,12,1
125538,COMPLIT 154,COMPLIT,2025Spring,4.57,5.57,39,1
125573,GOV 94EK,GOV,2022Fall,5.0,3.55,16,1
125573,GOV 94EK,GOV,2023Fall,5.0,3.5,16,1
125573,GOV 94EK,GOV,2024Fall,4.5,3.92,16,1
125588,ANTHRO 1080,ANTHRO,2024Spring,4.4,2.79,21,1
125611,GENED 1042,GENED,2022Fall,4.3,4.05,71,1
125611,GENED 1042,GENED,2023Fall,4.33,3.67,31,1
125611,GENED 1042,GENED,2025Spring,4.13,5.0,34,1
125614,ANTHRO 2250A,ANTHRO,2022Fall,4.33,8.67,6,1
125615,JAPNLIT 162,JAPNLIT,2024Spring,4.83,4.5,10,1
125650,MES 299B,MES,2025Spring,3.67,14.0,6,1
125656,PHYSICS 129,PHYSICS,2024Spring,4.29,7.54,17,1
125694,CHNSHIS 253,CHNSHIS,2024Fall,4.89,16.14,19,2
125716,ECON 1425,ECON,2023Spring,4.88,5.44,19,1
125716,ECON 1425,ECON,2024Spring,5.0,6.25,19,1
125716,ECON 1425,ECON,2025Spring,5.0,8.57,18,1
125790,LING 104,LING,2023Fall,4.47,4.93,19,1
125790,LING 104,LING,2024Fall,4.71,5.14,9,1
125800,SCRB 10,SCRB,2022Fall,4.07,7.16,73,2
125800,SCRB 10,SCRB,2023Fall,4.02,7.14,63,1
125800,SCRB 10,SCRB,2024Fall,4.29,9.41,38,2
125803,NEURO 180,NEURO,2024Fall,4.31,5.5,19,1
125804,SCRB 91R,SCRB,2023Fall,4.38,14.38,15,1
125813,JAPAN 210A,JAPAN,2023Fall,4.6,6.67,6,1
125825,CELLBIO 212,CELLBIO,2023Spring,4.61,2.67,25,18
125825,CELLBIO 212,CELLBIO,2025Spring,4.38,2.46,28,18
125860,GOV 1092,GOV,2023Spring,5.0,3.75,7,1
125860,GOV 1092,GOV,2024Spring,3.89,3.44,14,1
125880,ASTRON 100,ASTRON,2023Spring,4.43,4.43,9,1
125880,ASTRON 100,ASTRON,2024Spring,2.67,4.0,15,1
125880,ASTRON 100,ASTRON,2025Spring,4.75,8.75,6,1
125881,ASTRON 110,ASTRON,2022Fall,4.93,3.71,15,1
125881,ASTRON 110,ASTRON,2024Fall,4.75,6.67,19,1
125883,ASTRON 130,ASTRON,2022Fall,4.6,6.4,12,1
125883,ASTRON 130,ASTRON,2024Fall,4.75,4.81,20,1
125884,ASTRON 17,ASTRON,2022Fall,3.8,6.76,29,1
125884,ASTRON 17,ASTRON,2023Fall,4.06,5.53,22,1
125884,ASTRON 17,ASTRON,2024Fall,3.44,6.83,22,1
125910,ISLAMCIV 186,ISLAMCIV,2022Fall,5.0,8.25,8,1
125932,GENED 1079,GENED,2022Fall,4.19,5.13,58,1
125932,GENED 1079,GENED,2023Fall,4.26,4.84,83,1
125964,FRSEMR 35E,FRSEMR,2022Fall,3.67,3.0,8,1
125979,PSY 1654,PSY,2023Spring,4.8,8.2,7,1
125982,SOC-STD 98LF,SOC-STD,2023Spring,4.63,4.5,10,1
125982,SOC-STD 98LF,SOC-STD,2023Fall,4.67,4.6,9,1
125982,SOC-STD 98LF,SOC-STD,2024Fall,4.8,6.25,10,1
126001,GOV 2328,GOV,2022Fall,4.75,5.33,6,1
126001,GOV 2328,GOV,2024Spring,4.71,5.43,9,1
126004,GENED 1110,GENED,2023Spring,3.62,3.64,175,1
126004,GENED 1110,GENED,2024Spring,3.78,3.36,77,1
126035,CHEM 154,CHEM,2023Spring,4.56,6.0,12,1
126035,CHEM 154,CHEM,2024Spring,4.43,6.57,15,1
126038,FRENCH 180,FRENCH,2023Spring,4.75,4.08,19,1
126065,ANE 120B,ANE,2024Spring,4.33,4.0,9,1
126065,ANE 120B,ANE,2025Spring,4.88,4.71,14,1
126074,ECON 2465,ECON,2023Spring,4.6,7.44,15,1
126074,ECON 2465,ECON,2024Spring,4.86,8.43,13,1
126074,ECON 2465,ECON,2025Spring,5.0,13.25,13,1
126103,E-PSCI 182,E-PSCI,2024Fall,4.14,4.29,9,1
126109,CLASSIC 98,CLASSIC,2023Spring,4.6,4.4,5,1
126109,CLASSIC 98,CLASSIC,2024Fall,5.0,4.6,5,1
126154,SCRB 155,SCRB,2024Spring,4.43,5.07,20,1
126154,SCRB 155,SCRB,2025Spring,4.0,7.0,17,1
126174,E-PSCI 53,E-PSCI,2022Fall,4.14,4.21,17,1
126174,E-PSCI 53,E-PSCI,2024Spring,4.5,3.86,19,1
126174,E-PSCI 53,E-PSCI,2024Fall,4.8,4.4,8,1
126176,E-PSCI 286,E-PSCI,2022Fall,4.2,4.2,8,2
126176,E-PSCI 286,E-PSCI,2024Fall,5.0,4.5,5,1
126181,AFVS 54S,AFVS,2024Spring,4.78,6.67,12,2
126190,ANTHRO 2855,ANTHRO,2024Spring,4.4,8.2,16,1
126193,GENED 1063,GENED,2023Spring,4.52,3.71,53,1
126193,GENED 1063,GENED,2024Spring,4.34,3.9,103,1
126199,EASTD 141,EASTD,2023Spring,4.63,3.96,30,1
126199,EASTD 141,EASTD,2025Spring,4.83,3.67,11,1
126211,FRSEMR 33O,FRSEMR,2022Fall,4.3,5.0,10,1
126248,SOCIOL 98M,SOCIOL,2023Spring,4.88,5.71,9,1
126248,SOCIOL 98M,SOCIOL,2025Spring,4.86,6.0,12,1
126258,GOV 40,GOV,2023Spring,4.18,4.33,56,1
126258,GOV 40,GOV,2024Spring,3.9,3.81,75,1
126258,GOV 40,GOV,2025Spring,3.69,6.04,47,1
126269,MICROBI 202,MICROBI,2022Fall,4.63,7.86,12,5
126269,MICROBI 202,MICROBI,2024Fall,4.33,4.5,13,7
126271,MICROBI 201,MICROBI,2024Spring,4.8,9.4,8,4
126271,MICROBI 201,MICROBI,2025Spring,4.8,9.0,15,5
126275,MUSIC 127R,MUSIC,2023Spring,4.75,6.5,16,1
126275,MUSIC 127R,MUSIC,2023Fall,5.0,4.75,7,1
126300,AMHARIC AA,AMHARIC,2023Fall,4.0,2.17,14,1
126306,HAITIAN AA,HAITIAN,2022Fall,3.33,3.0,8,1
126306,HAITIAN AA,HAITIAN,2023Fall,1.6,1.33,5,1
126308,IGBO AA,IGBO,2022Fall,4.5,4.13,9,1
126308,IGBO AA,IGBO,2023Fall,2.5,1.8,11,1
126308,IGBO AA,IGBO,2024Fall,4.0,5.5,9,1
126316,ZULU AA,ZULU,2022Fall,4.43,3.63,50,1
126316,ZULU AA,ZULU,2023Fall,4.79,3.0,29,1
126316,ZULU AA,ZULU,2024Fall,4.82,4.65,35,1
126347,GOV 2093,GOV,2024Spring,4.33,3.4,13,2
126347,GOV 2093,GOV,2025Spring,4.25,6.0,15,2
126403,E-PSCI 239,E-PSCI,2024Fall,4.71,5.67,14,1
126477,E-PSCI 261,E-PSCI,2025Spring,4.89,3.75,13,1
126514,HAA 310B,HAA,2023Spring,4.75,0.67,9,1
126514,HAA 310B,HAA,2025Spring,4.33,1.67,10,1
126531,MOD-HEB 130B,MOD-HEB,2023Spring,5.0,6.25,5,1
126539,HAA 97R,HAA,2022Fall,4.36,3.91,13,1
126539,HAA 97R,HAA,2023Spring,4.78,3.67,13,1
126539,HAA 97R,HAA,2023Fall,4.64,3.14,15,1
126539,HAA 97R,HAA,2024Spring,4.58,3.83,15,1
126539,HAA 97R,HAA,2024Fall,4.0,5.86,15,1
126539,HAA 97R,HAA,2025Spring,3.8,7.75,10,1
126545,HIST 1323,HIST,2023Fall,4.56,6.77,42,1
126546,HIST 1324,HIST,2024Spring,4.75,6.08,49,1
126551,PSY 14,PSY,2022Fall,3.92,4.0,46,2
126551,PSY 14,PSY,2023Fall,3.96,4.41,32,2
126551,PSY 14,PSY,2024Fall,4.05,5.18,22,2
126556,PSY 1005,PSY,2022Fall,4.39,2.96,118,1
126556,PSY 1005,PSY,2023Fall,4.46,2.54,76,1
126556,PSY 1005,PSY,2024Fall,4.78,3.84,75,1
126603,GENED 1031,GENED,2024Fall,4.45,3.67,36,1
126627,JAPNHIST 270,JAPNHIST,2024Spring,5.0,4.8,7,1
126633,GENED 1094,GENED,2022Fall,4.49,3.04,136,1
126633,GENED 1094,GENED,2023Fall,3.82,2.42,225,1
126633,GENED 1094,GENED,2024Fall,3.82,4.14,135,1
126638,GENED 1104,GENED,2022Fall,4.19,4.13,182,2
126638,GENED 1104,GENED,2023Fall,4.18,3.98,88,1
126638,GENED 1104,GENED,2024Fall,4.31,4.46,70,2
126641,GENED 1099,GENED,2023Spring,3.59,3.76,94,1
126641,GENED 1099,GENED,2025Spring,3.88,5.49,63,1
126648,SWEDISH 10B,SWEDISH,2023Spring,5.0,4.0,6,1
126648,SWEDISH 10B,SWEDISH,2025Spring,4.8,4.6,7,1
126650,SCAND 90R.C,SCAND,2024Fall,4.0,5.0,6,1
126650,SCAND 90R.C,SCAND,2025Spring,4.25,6.0,7,1
126728,AFRAMER 124,AFRAMER,2025Spring,4.14,8.0,12,1
126744,SCRB 140,SCRB,2024Spring,4.67,2.83,8,1
126777,ECON 980B,ECON,2023Spring,4.88,5.75,12,2
126777,ECON 980B,ECON,2024Spring,4.36,6.73,16,2
126777,ECON 980B,ECON,2025Spring,4.56,5.78,11,1
126812,TDM 131,TDM,2023Spring,4.25,6.25,6,1
126812,TDM 131,TDM,2025Spring,5.0,4.5,10,1
126838,FRSEMR 35N,FYSEMR,2022Fall,4.8,3.0,12,1
126838,FYSEMR 35N,FYSEMR,2023Fall,4.7,4.09,12,1
126838,FYSEMR 35N,FYSEMR,2024Fall,4.82,4.27,12,1
126853,SPANSH 71B,SPANSH,2024Spring,3.4,6.2,7,1
126860,SPANSH 80T,SPANSH,2022Fall,4.92,3.33,12,1
126860,SPANSH 80T,SPANSH,2023Fall,5.0,1.75,12,1
126908,GENED 1123,GENED,2023Spring,4.14,4.17,66,1
126908,GENED 1123,GENED,2024Fall,4.09,5.94,81,1
126926,GOV 1372,GOV,2023Fall,4.66,4.82,61,1
126933,FRENCH 10,FRENCH,2022Fall,4.5,5.0,12,1
126933,FRENCH 10,FRENCH,2023Spring,4.57,5.57,13,1
126933,FRENCH 10,FRENCH,2023Fall,4.33,4.5,6,1
126933,FRENCH 10,FRENCH,2024Spring,4.86,5.83,7,1
126933,FRENCH 10,FRENCH,2024Fall,4.5,6.17,11,1
126933,FRENCH 10,FRENCH,2025Spring,4.89,5.67,13,1
126935,FRENCH 11,FRENCH,2022Fall,4.38,5.71,13,1
126935,FRENCH 11,FRENCH,2023Spring,4.17,5.5,7,1
126935,FRENCH 11,FRENCH,2023Fall,4.6,3.0,9,1
126935,FRENCH 11,FRENCH,2024Spring,3.8,3.4,7,1
126935,FRENCH 11,FRENCH,2024Fall,3.83,3.0,10,1
126935,FRENCH 11,FRENCH,2025Spring,4.33,3.5,8,1
126938,FRENCH 20,FRENCH,2022Fall,4.67,5.75,16,1
126938,FRENCH 20,FRENCH,2023Spring,4.67,4.33,9,1
126938,FRENCH 20,FRENCH,2023Fall,4.5,4.13,11,1
126938,FRENCH 20,FRENCH,2024Spring,4.5,4.75,9,1
126938,FRENCH 20,FRENCH,2024Fall,4.5,6.4,8,2
126938,FRENCH 20,FRENCH,2025Spring,4.67,6.67,9,1
126942,FRENCH 30,FRENCH,2022Fall,4.62,3.73,16,1
126942,FRENCH 30,FRENCH,2023Spring,4.5,3.67,11,1
126942,FRENCH 30,FRENCH,2023Fall,4.64,3.64,16,1
126942,FRENCH 30,FRENCH,2024Spring,4.5,4.13,10,1
126942,FRENCH 30,FRENCH,2024Fall,3.14,5.33,10,1
126942,FRENCH 30,FRENCH,2025Spring,3.8,3.44,14,1
126944,BIOSTAT 281,BIOSTAT,2023Spring,3.71,10.14,17,2
126944,BIOSTAT 281,BIOSTAT,2024Spring,3.56,7.33,20,2
126944,BIOSTAT 281,BIOSTAT,2025Spring,2.67,8.4,21,2
126997,FRENCH 40,FRENCH,2022Fall,4.38,3.71,12,1
126997,FRENCH 40,FRENCH,2023Spring,3.67,4.33,5,1
126997,FRENCH 40,FRENCH,2023Fall,4.14,3.33,11,1
126997,FRENCH 40,FRENCH,2024Spring,4.67,5.33,7,1
126997,FRENCH 40,FRENCH,2024Fall,4.5,4.0,7,1
126997,FRENCH 40,FRENCH,2025Spring,5.0,5.8,7,1
126998,FRENCH 50,FRENCH,2022Fall,4.83,4.5,7,1
126998,FRENCH 50,FRENCH,2023Spring,4.63,5.0,11,1
126998,FRENCH 50,FRENCH,2023Fall,4.43,5.71,10,1
126998,FRENCH 50,FRENCH,2024Spring,4.57,5.86,9,1
126998,FRENCH 50,FRENCH,2024Fall,5.0,9.6,5,1
126998,FRENCH 50,FRENCH,2025Spring,4.27,5.91,14,1
127050,ANTHRO 1250,ANTHRO,2022Fall,4.33,5.07,17,1
127050,ANTHRO 1250,ANTHRO,2024Fall,5.0,3.86,10,1
127064,GOV 1115,GOV,2022Fall,3.38,4.67,18,1
127078,PSY 1901,PSY,2022Fall,3.67,4.16,53,1
127078,PSY 1901,PSY,2023Spring,3.74,4.73,64,1
127078,PSY 1901,PSY,2023Fall,4.42,4.0,26,1
127078,PSY 1901,PSY,2024Spring,3.52,3.95,38,1
127078,PSY 1901,PSY,2024Fall,3.77,4.23,56,1
127078,PSY 1901,PSY,2025Spring,3.95,4.75,39,1
127177,AFVS 24,AFVS,2023Spring,4.5,8.88,16,1
127177,AFVS 24,AFVS,2024Spring,4.86,10.86,13,1
127184,MUSIC 220R,MUSIC,2024Fall,4.71,6.14,12,1
127206,HEB 1210,HEB,2023Spring,4.5,6.0,5,1
127206,HEB 1210,HEB,2024Spring,3.83,3.5,7,1
127206,HEB 110,HEB,2025Spring,4.86,6.0,9,2
127207,BBS 301,BBS,2022Fall,2.5,1.2,23,1
127369,CELTIC 106,CELTIC,2023Spring,4.27,3.6,16,1
127369,CELTIC 106,CELTIC,2025Spring,4.73,4.42,23,1
127382,GOV 2887,GOV,2022Fall,4.11,6.56,12,1
127465,HAA 171M,HAA,2023Fall,4.83,7.5,10,1
127469,AFVS 60X,AFVS,2023Fall,3.14,8.43,10,1
127469,AFVS 60X,AFVS,2024Fall,3.43,5.57,8,1
127469,AFVS 60X,AFVS,2025Spring,4.29,6.14,9,1
127491,TAM 101A,TAM,2023Fall,5.0,3.6,9,1
127491,TAM 101A,TAM,2024Fall,4.86,5.71,9,1
127492,TAM 101B,TAM,2024Spring,5.0,4.0,8,1
127492,TAM 101B,TAM,2025Spring,4.71,5.86,8,1
127507,MED-SCI 300QC,MED-SCI,2022Fall,3.77,1.43,157,17
127507,MED-SCI 300QC,MED-SCI,2023Fall,3.92,1.54,166,18
127507,MED-SCI 300QC,MED-SCI,2024Fall,3.4,1.87,176,2
127519,ECON 1432,ECON,2022Fall,4.43,3.71,16,1
127519,ECON 1432,ECON,2023Fall,4.54,3.54,20,1
127519,ECON 1432,ECON,2024Fall,4.15,4.33,22,1
127533,RUSS 113,RUSS,2022Fall,4.6,9.8,6,1
127533,RUSS 113,RUSS,2024Fall,5.0,6.6,6,1
127556,SPANSH 109,SPANSH,2023Spring,4.92,3.64,14,1
127561,APMTH 207,APMTH,2022Fall,4.24,11.35,35,1
127561,APMTH 207,APMTH,2023Fall,3.72,12.5,49,1
127561,APMTH 207,APMTH,2024Fall,4.03,9.74,50,1
127565,SCRB 157,SCRB,2023Spring,4.09,3.36,13,1
127565,SCRB 157,SCRB,2024Spring,4.86,3.33,8,1
127565,SCRB 157,SCRB,2025Spring,4.25,5.27,20,1
127572,ESPP 90S,ESPP,2023Spring,4.52,4.1,29,1
127572,ESPP 90S,ESPP,2024Spring,4.52,3.36,37,1
127572,ESPP 90S,ESPP,2025Spring,4.52,3.58,39,1
127573,SPANSH 61N,SPANSH,2022Fall,5.0,5.9,11,1
127573,SPANSH 61N,SPANSH,2023Fall,4.89,4.56,9,1
127573,SPANSH 61N,SPANSH,2024Fall,4.5,5.8,7,1
127589,ENG-SCI 176,ENG-SCI,2022Fall,3.92,5.92,26,1
127589,ENG-SCI 176,ENG-SCI,2023Fall,4.29,8.71,13,1
127590,ENG-SCI 276,ENG-SCI,2022Fall,3.92,5.92,26,1
127590,ENG-SCI 276,ENG-SCI,2023Fall,4.29,8.71,13,1
127601,BPH 304QC,BPH,2022Fall,4.67,3.4,10,3
127601,BPH 304QC,BPH,2024Fall,4.67,2.0,8,3
127639,ENG-SCI 227,ENG-SCI,2023Spring,4.33,17.33,17,2
127639,ENG-SCI 227,ENG-SCI,2024Spring,3.69,19.8,16,2
127639,ENG-SCI 227,ENG-SCI,2025Spring,4.11,16.78,16,2
127654,HIST-LIT 90AN,HIST-LIT,2023Spring,4.86,4.57,8,1
127654,HIST-LIT 90AN,HIST-LIT,2024Fall,4.1,4.8,14,1
127668,MUSIC 123R,MUSIC,2024Fall,4.25,3.73,22,1
127724,GERMAN 115,GERMAN,2023Fall,5.0,6.4,5,1
127768,STAT 98,STAT,2023Spring,2.83,7.17,10,1
127768,STAT 98,STAT,2024Spring,3.4,6.6,7,1
127804,ARABIC BB,ARABIC,2023Spring,4.54,9.96,8,2
127804,ARABIC BB,ARABIC,2024Spring,4.17,9.88,8,2
127804,ARABIC BB,ARABIC,2025Spring,4.08,12.23,6,2
127817,SOC-STD 98NB,SOC-STD,2022Fall,4.75,7.5,9,1
127836,HAA 194W,HAA,2024Spring,4.44,3.13,13,1
127856,STAT 244,STAT,2022Fall,3.86,8.12,53,1
127856,STAT 244,STAT,2024Fall,4.45,7.62,60,1
127859,FOLKMYTH 172,FOLKMYTH,2023Spring,4.36,4.82,13,1
127859,FOLKMYTH 172,FOLKMYTH,2024Spring,4.56,6.0,12,1
127859,FOLKMYTH 172,FOLKMYTH,2025Spring,4.63,5.0,12,1
127863,PORTUG 11,PORTUG,2023Spring,5.0,4.0,7,1
127889,ITAL 50,ITAL,2022Fall,5.0,4.8,6,1
127889,ITAL 50,ITAL,2023Spring,5.0,8.0,8,1
127889,ITAL 50,ITAL,2025Spring,4.8,7.0,13,1
127937,COMPSCI 246,COMPSCI,2023Spring,4.2,8.3,20,1
127937,COMPSCI 246,COMPSCI,2024Spring,4.36,6.44,16,1
127947,MATH 117,MATH,2025Spring,3.6,5.0,10,1
127948,HIST 1405,HIST,2023Fall,4.0,7.33,12,1
127960,AFRAMER 191X,AFRAMER,2023Spring,5.0,4.14,9,1
127960,AFRAMER 191X,AFRAMER,2024Spring,4.67,5.21,16,1
127960,AFRAMER 191X,AFRAMER,2025Spring,4.5,7.67,12,1
127972,FYSEMR 23Y,FYSEMR,2023Fall,4.0,1.5,9,1
127974,JAPAN 150B,JAPAN,2023Spring,5.0,5.6,7,1
127974,JAPAN 150B,JAPAN,2024Spring,5.0,6.8,6,1
127976,FRSEMR 24G,FYSEMR,2022Fall,5.0,3.25,13,1
127976,FYSEMR 24G,FYSEMR,2023Fall,5.0,2.92,13,1
127976,FYSEMR 24G,FYSEMR,2024Fall,4.73,2.4,12,1
127979,PHYSICS 295B,PHYSICS,2023Spring,4.27,9.45,23,1
127979,PHYSICS 295B,PHYSICS,2024Spring,4.05,9.53,26,1
127979,PHYSICS 295B,PHYSICS,2025Spring,4.5,7.0,13,1
127980,PHYSICS 295A,PHYSICS,2022Fall,3.39,11.18,28,1
127980,PHYSICS 295A,PHYSICS,2023Fall,3.14,10.25,27,1
127980,PHYSICS 295A,PHYSICS,2024Fall,4.4,9.79,24,1
128002,ANTHRO 2085,ANTHRO,2024Spring,4.83,9.6,7,1
128009,GOV 94OF,GOV,2022Fall,4.3,7.2,12,1
128009,GOV 94OF,GOV,2023Fall,4.6,4.75,11,1
128009,GOV 94OF,GOV,2024Fall,4.62,4.33,14,1
128024,GOV 1510,GOV,2023Fall,4.55,6.03,132,1
128026,AFVS 125S,AFVS,2023Spring,3.88,6.43,12,1
128057,SOC-STD 98ND,SOC-STD,2023Fall,4.6,8.6,7,1
128057,SOC-STD 98ND,SOC-STD,2024Fall,4.75,6.67,6,1
128073,COMPSCI 20,COMPSCI,2023Spring,3.93,6.63,182,2
128073,COMPSCI 20,COMPSCI,2024Spring,3.28,7.85,144,2
128073,COMPSCI 20,COMPSCI,2024Fall,3.46,13.55,16,2
128073,COMPSCI 20,COMPSCI,2025Spring,3.38,9.57,84,2
128103,APCOMP 275,APCOMP,2023Spring,4.2,11.8,23,1
128103,APCOMP 275,APCOMP,2024Spring,4.46,11.0,22,1
128104,COMPSCI 205,COMPSCI,2023Spring,4.13,10.53,84,1
128104,COMPSCI 205,COMPSCI,2024Spring,2.82,11.28,75,2
128104,COMPSCI 2050,COMPSCI,2025Spring,4.07,7.28,60,3
128105,APCOMP 207,APCOMP,2022Fall,3.45,10.17,230,1
128105,APCOMP 207,APCOMP,2023Fall,1.94,8.88,171,1
128114,COMPLIT 131,COMPLIT,2023Fall,4.88,4.63,8,1
128118,FRSEMR 24K,FYSEMR,2023Spring,4.6,1.5,11,1
128118,FYSEMR 24K,FYSEMR,2024Spring,3.89,1.75,13,1
128122,FRSEMR 24U,FYSEMR,2023Spring,5.0,1.71,10,1
128122,FYSEMR 24U,FYSEMR,2024Spring,4.67,1.63,11,1
128122,FYSEMR 24U,FYSEMR,2025Spring,4.56,1.22,12,1
128124,FRSEMR 36G,FYSEMR,2023Spring,4.2,4.2,8,1
128124,FYSEMR 36G,FYSEMR,2023Fall,4.4,2.7,13,1
128149,COMPSCI 247R,COMPSCI,2022Fall,4.67,11.6,8,1
128155,HAA 18P,HAA,2024Spring,5.0,5.0,28,1
128164,COMPSCI 136,COMPSCI,2023Fall,4.52,10.03,83,3
128164,COMPSCI 1360,COMPSCI,2025Spring,4.46,7.28,97,1
128209,COMPLIT 274,COMPLIT,2024Spring,4.38,6.43,11,1
128224,E-PSCI 50,E-PSCI,2022Fall,3.88,3.88,20,1
128224,E-PSCI 50,E-PSCI,2023Fall,3.87,4.6,17,1
128265,ITAL 20,ITAL,2022Fall,4.25,6.5,12,1
128265,ITAL 20,ITAL,2023Fall,4.7,8.3,11,2
128265,ITAL 20,ITAL,2024Fall,3.89,8.5,12,1
128265,ITAL 20,ITAL,2025Spring,5.0,7.0,6,1
128266,ITAL 30,ITAL,2022Fall,5.0,4.67,6,1
128266,ITAL 30,ITAL,2023Spring,4.88,5.5,10,1
128266,ITAL 30,ITAL,2024Spring,5.0,3.89,10,2
128266,ITAL 30,ITAL,2025Spring,4.67,6.17,9,1
128283,GOV 2340A,GOV,2024Fall,4.0,4.75,10,2
128327,GENED 1133,GENED,2023Spring,3.83,3.66,51,1
128327,GENED 1133,GENED,2023Fall,4.45,3.42,48,1
128327,GENED 1133,GENED,2025Spring,4.15,4.3,110,1
130000,ENGLISH CHCR,ENGLISH,2023Spring,4.82,3.91,12,1
130000,ENGLISH CHCR,ENGLISH,2023Fall,5.0,6.5,12,1
130000,ENGLISH CHCR,ENGLISH,2024Fall,5.0,6.0,12,1
130000,ENGLISH CHCR,ENGLISH,2025Spring,4.9,4.71,11,1
130236,OEB 50,OEB,2022Fall,4.41,4.5,31,2
130236,OEB 50,OEB,2023Fall,3.74,4.71,56,2
130236,OEB 50,OEB,2024Fall,4.0,5.38,31,2
130245,ENGLISH 182,ENGLISH,2022Fall,4.55,4.09,35,1
130246,ENGLISH 184,ENGLISH,2023Spring,4.7,3.67,17,1
130247,ENGLISH 90QM,ENGLISH,2022Fall,4.55,3.5,18,1
130247,ENGLISH 90QM,ENGLISH,2023Fall,4.67,3.17,15,1
130247,ENGLISH 90QM,ENGLISH,2024Fall,3.9,4.8,11,1
130331,OEB 56,OEB,2023Spring,4.25,2.21,25,2
130331,OEB 56,OEB,2024Spring,4.43,2.86,20,2
130331,OEB 56,OEB,2025Spring,4.17,4.33,15,2
130342,IMMUN 305QC,IMMUN,2023Spring,4.4,1.88,27,2
130342,IMMUN 305QC,IMMUN,2024Spring,4.67,3.0,18,2
130342,IMMUN 305QC,IMMUN,2025Spring,4.72,2.0,33,2
130614,IMMUN 307QC,IMMUN,2022Fall,4.5,6.5,10,4
130614,IMMUN 307QC,IMMUN,2023Fall,4.0,6.4,14,4
130614,IMMUN 307QC,IMMUN,2024Fall,4.4,4.4,16,4
130670,ENGLISH 90FD,ENGLISH,2023Fall,4.36,4.3,20,1
130670,ENGLISH 90FD,ENGLISH,2024Fall,4.8,4.79,28,1
130807,ENGLISH 90YP,ENGLISH,2023Spring,4.5,5.0,8,1
130911,ENGLISH 239,ENGLISH,2024Spring,4.75,10.5,8,1
130958,ENGLISH 90CP,ENGLISH,2023Spring,4.27,4.9,13,1
131261,OEB 212R,OEB,2025Spring,4.5,7.75,9,1
131270,ENG-SCI 120,ENG-SCI,2023Spring,3.85,11.04,39,1
131270,ENG-SCI 120,ENG-SCI,2024Spring,3.38,10.5,34,1
131270,ENG-SCI 120,ENG-SCI,2025Spring,3.4,7.67,44,1
131331,APPHY 195A,APPHY,2022Fall,4.79,7.72,35,1
131331,APPHY 195A,APPHY,2023Fall,4.67,7.07,41,1
131331,APPHY 195A,APPHY,2024Fall,4.75,7.25,24,1
131334,CHNSHIS 270A,CHNSHIS,2023Fall,4.83,13.5,10,1
131392,APPHY 284,APPHY,2022Fall,3.91,12.21,52,1
131392,APPHY 284,APPHY,2023Fall,4.16,10.85,46,1
131392,APPHY 284,APPHY,2024Fall,4.1,10.83,57,2
131407,ENG-SCI 201,ENG-SCI,2023Spring,4.37,8.68,38,1
131407,ENG-SCI 201,ENG-SCI,2024Spring,4.39,8.41,24,1
131446,OEB 57,OEB,2023Spring,4.0,3.7,62,3
131446,OEB 57,OEB,2024Spring,4.05,4.51,63,2
131493,COMPSCI 153,COMPSCI,2023Fall,4.48,10.67,35,1
131521,ENG-SCI 240,ENG-SCI,2022Fall,4.2,12.4,8,1
131521,ENG-SCI 240,ENG-SCI,2024Fall,4.33,10.67,12,1
131554,ENG-SCI 159,ENG-SCI,2022Fall,4.5,9.86,11,1
131554,ENG-SCI 159,ENG-SCI,2023Fall,4.29,10.53,24,1
131554,ENG-SCI 159,ENG-SCI,2024Fall,4.18,11.55,21,1
131579,OEB 52,OEB,2024Spring,4.45,4.72,30,2
131579,OEB 52,OEB,2025Spring,4.93,4.85,38,2
131583,OEB 252,OEB,2022Fall,4.25,5.5,9,1
131583,OEB 252,OEB,2024Fall,4.45,5.5,15,1
131584,OEB 253R,OEB,2023Spring,4.8,3.3,12,1
132056,GOV 2131,GOV,2024Spring,4.91,11.64,13,1
132127,APMTH 101,APMTH,2023Spring,4.69,4.93,45,1
132127,APMTH 101,APMTH,2024Spring,3.43,6.32,56,1
132206,OEB 55,OEB,2022Fall,4.21,4.67,36,2
132206,OEB 55,OEB,2023Fall,4.0,4.55,42,2
132206,OEB 55,OEB,2024Fall,3.38,5.0,13,2
132738,PHIL 14,PHIL,2023Fall,4.17,4.13,25,1
132738,PHIL 14,PHIL,2024Fall,4.33,4.42,18,1
132844,ENGLISH 10,ENGLISH,2022Fall,3.47,4.36,94,2
132844,ENGLISH 10,ENGLISH,2023Fall,3.65,4.88,39,2
132844,ENGLISH 10,ENGLISH,2024Fall,2.91,4.37,34,1
133181,PHIL 6,PHIL,2022Fall,3.67,4.43,26,1
133281,PHYSICS 245,PHYSICS,2023Fall,4.8,6.4,9,1
133281,PHYSICS 245,PHYSICS,2024Fall,4.9,8.88,12,1
133525,ENG-SCI 128,ENG-SCI,2023Spring,4.4,14.21,39,1
133525,ENG-SCI 128,ENG-SCI,2024Spring,4.5,13.5,22,1
133525,ENG-SCI 128,ENG-SCI,2024Fall,4.4,14.6,14,1
134052,ENG-SCI 259,ENG-SCI,2022Fall,4.5,9.86,11,1
134052,ENG-SCI 259,ENG-SCI,2023Fall,4.29,10.53,24,1
134052,ENG-SCI 259,ENG-SCI,2024Fall,4.18,11.55,21,1
134075,COMPLIT 290,COMPLIT,2025Spring,4.5,6.44,21,2
134096,CHEM 245,CHEM,2024Spring,5.0,12.0,9,1
134096,CHEM 245,CHEM,2025Spring,4.56,10.88,15,1
134893,FOLKMYTH 97,FOLKMYTH,2024Spring,5.0,5.8,5,1
134893,FOLKMYTH 97,FOLKMYTH,2025Spring,4.8,5.2,8,1
135449,APMTH 106,APMTH,2025Spring,4.2,7.22,10,1
135598,ENG-SCI 181,ENG-SCI,2022Fall,3.19,10.39,60,1
135598,ENG-SCI 181,ENG-SCI,2023Fall,3.63,6.5,43,2
135598,ENG-SCI 181,ENG-SCI,2024Fall,3.41,10.51,64,1
136603,PHIL 186,PHIL,2023Spring,4.5,7.88,11,1
137124,SLAVIC 165,SLAVIC,2024Fall,5.0,6.6,5,1
137573,ESE 162,ESE,2023Spring,4.13,4.75,11,1
138072,MUSIC 142R,MUSIC,2024Spring,4.77,3.53,12,2
138072,MUSIC 142R,MUSIC,2024Fall,4.67,4.33,11,1
138516,PHYSICS 286,PHYSICS,2022Fall,4.43,8.43,21,1
138516,PHYSICS 286,PHYSICS,2023Fall,4.19,10.88,42,1
139163,PHIL 166,PHIL,2023Spring,4.09,5.27,14,1
140008,ENG-SCI 50,ENG-SCI,2023Spring,3.75,8.41,86,2
140008,ENG-SCI 50,ENG-SCI,2024Spring,4.08,7.95,56,1
140008,ENG-SCI 50,ENG-SCI,2025Spring,3.51,9.8,98,2
140523,LING 103,LING,2023Spring,4.8,3.22,13,1
140523,LING 103,LING,2023Fall,4.86,2.71,12,1
140523,LING 103,LING,2024Fall,4.6,3.56,11,1
140622,MUSIC 121,MUSIC,2023Spring,4.83,3.8,11,1
140830,OEB 130,OEB,2023Spring,4.96,2.88,34,1
141012,SPANSH 122,SPANSH,2022Fall,5.0,5.0,13,1
141253,APPHY 216,APPHY,2023Spring,4.59,8.38,29,1
141253,APPHY 216,APPHY,2025Spring,4.41,8.3,43,1
141608,PHIL 18,PHIL,2023Spring,4.05,3.76,106,1
141608,PHIL 18,PHIL,2023Fall,4.1,4.0,58,1
141608,PHIL 18,PHIL,2025Spring,4.33,3.92,44,1
141676,FOLKMYTH 100,FOLKMYTH,2023Fall,4.32,2.75,32,2
141859,BCMP 213,BCMP,2023Spring,4.67,5.07,16,1
141859,BCMP 213,BCMP,2024Spring,4.67,6.0,11,1
141859,BCMP 213,BCMP,2025Spring,4.57,5.14,10,1
142149,AFVS 167,AFVS,2023Spring,4.38,5.25,10,1
142149,AFVS 167,AFVS,2024Spring,5.0,4.0,11,1
142149,AFVS 167,AFVS,2025Spring,5.0,4.25,12,1
142192,OEB 114,OEB,2022Fall,4.83,2.0,7,1
142224,OEB 53,OEB,2022Fall,4.78,4.59,31,1
142224,OEB 53,OEB,2023Fall,4.69,4.38,32,1
142224,OEB 53,OEB,2024Fall,4.94,5.11,24,1
142254,ENG-SCI 202,ENG-SCI,2024Spring,4.25,8.75,21,1
142447,GENED 1008,GENED,2024Spring,3.89,4.28,79,1
142451,GENED 1136,GENED,2023Fall,4.0,7.13,20,2
142451,GENED 1136,GENED,2024Fall,4.19,6.35,35,2
142657,HIST 1023,HIST,2022Fall,4.67,4.08,13,2
142659,ENG-SCI 242R,ENG-SCI,2022Fall,5.0,16.33,9,1
142688,OEB 155R,OEB,2023Fall,4.57,9.71,14,1
142694,MEDVLSTD 117,MEDVLSTD,2022Fall,4.0,6.83,9,1
142695,HIST 1878A,HIST,2023Spring,4.6,6.33,15,1
142819,WOMGEN 1210FT,WOMGEN,2023Fall,4.15,3.06,32,1
142819,WOMGEN 1210FT,WOMGEN,2025Spring,4.7,4.53,32,1
142998,APPHY 282,APPHY,2022Fall,3.6,18.0,10,1
143005,ENG-SCI 151,ENG-SCI,2022Fall,4.71,9.14,9,1
143005,ENG-SCI 151,ENG-SCI,2024Spring,4.71,4.14,9,1
143005,ENG-SCI 151,ENG-SCI,2025Spring,4.94,4.94,29,1
143023,GOV 3002A,GOV,2022Fall,4.0,1.0,19,1
143023,GOV 3002A,GOV,2024Fall,4.0,1.5,16,1
143028,ANTHRO 97Z,ANTHRO,2023Spring,3.67,7.92,16,1
143028,ANTHRO 97Z,ANTHRO,2024Spring,4.13,7.27,19,1
143028,ANTHRO 97Z,ANTHRO,2025Spring,4.5,7.71,11,1
143057,HBTM 201,HBTM,2022Fall,4.13,5.57,14,1
143057,HBTM 201,HBTM,2024Fall,4.08,3.38,29,2
143250,HAA 206,HAA,2024Fall,4.55,4.64,14,1
143254,IMMUN 204,IMMUN,2023Spring,4.33,3.8,11,1
143254,IMMUN 204,IMMUN,2024Spring,4.0,2.75,13,1
143254,IMMUN 204,IMMUN,2025Spring,4.4,6.8,10,1
143432,APMTH 105,APMTH,2023Spring,2.04,10.16,69,1
143432,APMTH 105,APMTH,2024Spring,3.96,9.27,81,1
143432,APMTH 105,APMTH,2025Spring,3.95,9.92,99,1
143433,ENG-SCI 154,ENG-SCI,2023Spring,4.09,14.2,14,1
143445,OEB 59,OEB,2022Fall,4.63,3.67,35,1
143450,PHYSICS 181,PHYSICS,2023Spring,3.7,9.23,56,1
143450,PHYSICS 181,PHYSICS,2024Spring,3.36,8.44,48,1
143450,PHYSICS 181,PHYSICS,2025Spring,4.15,9.95,54,1
143462,ECON 2535,ECON,2023Spring,4.75,8.25,6,2
143485,OEB 157,OEB,2024Fall,3.6,3.4,8,1
143667,COMPSCI 2610,COMPSCI,2025Spring,5.0,6.88,12,1
143833,EASTD 140,EASTD,2024Spring,4.73,4.73,11,1
143833,EASTD 140,EASTD,2025Spring,4.83,6.2,11,1
143845,OEB 275R,OEB,2022Fall,4.0,5.71,12,1
143846,OEB 190,OEB,2024Spring,4.64,4.21,21,1
143855,APPHY 295A,APPHY,2022Fall,3.39,11.18,28,1
143855,APPHY 295A,APPHY,2023Fall,3.14,10.25,27,1
143855,APPHY 295A,APPHY,2024Fall,4.4,9.79,24,1
143870,ENG-SCI 190,ENG-SCI,2023Spring,4.5,5.19,22,1
143870,ENG-SCI 190,ENG-SCI,2024Spring,4.38,4.66,48,1
143892,CHNSE 123XB,CHNSE,2023Spring,4.81,7.38,17,1
143892,CHNSE 123XB,CHNSE,2024Spring,5.0,7.0,11,1
143892,CHNSE 123XB,CHNSE,2025Spring,4.8,7.2,11,1
144024,ENG-SCI 247,ENG-SCI,2025Spring,4.71,11.0,11,1
144157,ENG-SCI 125,ENG-SCI,2022Fall,4.07,8.29,46,1
144157,ENG-SCI 125,ENG-SCI,2023Fall,4.38,9.22,35,1
144157,ENG-SCI 125,ENG-SCI,2024Fall,3.47,11.19,38,1
144180,OEB 125,OEB,2023Fall,4.08,7.0,13,1
144184,SWAHILI BA,SWAHILI,2022Fall,4.0,4.0,5,1
144350,ENG-SCI 100HFA,ENG-SCI,2022Fall,3.3,10.63,48,9
144350,ENG-SCI 100HFA,ENG-SCI,2024Fall,3.0,13.23,68,12
144583,OEB 103,OEB,2025Spring,4.91,4.6,16,1
144594,OEB 10,OEB,2022Fall,3.09,6.31,67,5
144594,OEB 10,OEB,2023Fall,3.83,4.84,67,5
144594,OEB 10,OEB,2024Fall,3.77,6.16,92,5
144597,OEB 51,OEB,2023Spring,4.67,2.33,10,1
144597,OEB 51,OEB,2024Spring,4.64,6.27,14,2
144597,OEB 51,OEB,2025Spring,4.86,4.57,14,1
144784,ANE 222,ANE,2022Fall,4.4,11.8,7,1
144952,ENG-SCI 123,ENG-SCI,2023Spring,2.09,8.68,64,1
144952,ENG-SCI 123,ENG-SCI,2024Spring,4.17,9.02,73,1
144952,ENG-SCI 123,ENG-SCI,2025Spring,3.94,8.69,72,1
144983,ENG-SCI 96,ENG-SCI,2022Fall,2.68,8.12,20,2
144983,ENG-SCI 96,ENG-SCI,2023Spring,3.19,5.71,31,2
144983,ENG-SCI 96,ENG-SCI,2023Fall,3.76,6.48,29,2
144983,ENG-SCI 96,ENG-SCI,2024Spring,3.71,5.15,14,4
144983,ENG-SCI 96,ENG-SCI,2024Fall,3.38,4.58,23,2
144983,ENG-SCI 96,ENG-SCI,2025Spring,2.33,6.27,13,3
145012,OEB 223,OEB,2023Spring,4.63,3.67,11,1
145012,OEB 223,OEB,2024Spring,4.25,3.55,22,1
145012,OEB 223,OEB,2025Spring,4.46,4.42,17,1
145020,OEB 167,OEB,2023Spring,4.55,3.65,25,1
145024,PHYSICS 247,PHYSICS,2022Fall,4.67,10.17,10,2
145024,PHYSICS 247,PHYSICS,2023Spring,4.63,9.81,17,2
145024,PHYSICS 247,PHYSICS,2023Fall,4.33,7.56,9,2
145024,PHYSICS 247,PHYSICS,2024Spring,4.8,10.2,21,1
145024,PHYSICS 247,PHYSICS,2024Fall,4.3,10.6,17,4
145024,PHYSICS 247,PHYSICS,2025Spring,4.43,8.36,22,4
145140,OEB 119,OEB,2024Fall,4.75,3.97,46,1
145331,SOCIOL 1156,SOCIOL,2023Spring,4.13,5.21,46,1
145331,SOCIOL 1156,SOCIOL,2023Fall,2.73,3.96,34,1
145331,SOCIOL 1156,SOCIOL,2024Fall,4.27,5.62,38,1
145357,ENGLISH 276X,ENGLISH,2024Spring,4.63,8.43,13,1
145357,ENGLISH 276X,ENGLISH,2025Spring,4.75,8.5,14,1
145402,ENGLISH CAMR,ENGLISH,2023Spring,4.89,4.13,12,1
145402,ENGLISH CAMR,ENGLISH,2025Spring,4.5,5.25,11,1
145409,OEB 242,OEB,2023Spring,4.27,4.4,21,2
145409,OEB 242,OEB,2025Spring,3.88,5.13,25,2
145419,EASTD 97AB,EASTD,2023Spring,4.53,4.66,34,1
145426,ENGLISH CNFR,ENGLISH,2022Fall,4.82,4.0,11,1
145426,ENGLISH CNFR,ENGLISH,2023Spring,4.7,3.7,12,1
145426,ENGLISH CNFR,ENGLISH,2024Spring,4.89,4.33,12,1
145426,ENGLISH CNFR,ENGLISH,2024Fall,5.0,4.14,12,1
145426,ENGLISH CNFR,ENGLISH,2025Spring,4.71,5.29,9,1
145857,OEB 145,OEB,2023Fall,4.14,5.29,7,1
145857,OEB 145,OEB,2024Fall,4.33,6.0,12,1
146214,ENGLISH 115B,ENGLISH,2022Fall,4.67,6.11,11,1
146214,ENGLISH 115B,ENGLISH,2024Spring,4.71,4.0,9,1
146247,ENGLISH CPWR,ENGLISH,2024Spring,5.0,6.5,13,1
146257,IMMUN 301QC,IMMUN,2023Spring,3.4,4.4,8,1
146590,ENGLISH 181A,ENGLISH,2022Fall,4.53,4.52,38,1
146632,ENGLISH CBBR,ENGLISH,2022Fall,5.0,4.86,12,1
146632,ENGLISH CBBR,ENGLISH,2023Spring,5.0,6.56,12,1
146632,ENGLISH CBBR,ENGLISH,2023Fall,4.71,6.14,11,1
146632,ENGLISH CBBR,ENGLISH,2024Fall,4.8,5.1,11,1
146632,ENGLISH CBBR,ENGLISH,2025Spring,4.9,3.78,12,1
146654,IMMUN 306QC,IMMUN,2023Spring,3.86,5.33,13,3
146676,ENGLISH 145A,ENGLISH,2024Fall,4.86,8.55,27,1
146697,ENGLISH 251,ENGLISH,2025Spring,4.8,10.75,15,1
146761,GOV 1295,GOV,2023Spring,4.67,7.08,69,1
146761,GOV 1295,GOV,2024Spring,4.71,7.15,51,1
146772,ENG-SCI 220,ENG-SCI,2025Spring,4.57,12.0,10,1
146886,PHIL 133,PHIL,2023Spring,4.73,4.42,70,1
146886,PHIL 133,PHIL,2024Fall,4.75,5.41,85,1
146948,APPHY 295B,APPHY,2023Spring,4.27,9.45,23,1
146948,APPHY 295B,APPHY,2024Spring,4.05,9.53,26,1
146948,APPHY 295B,APPHY,2025Spring,4.5,7.0,13,1
147213,GOV 1735,GOV,2022Fall,4.75,5.88,9,1
147213,GOV 1735,GOV,2024Fall,4.64,5.8,13,1
147622,LING 175,LING,2025Spring,3.6,3.5,9,2
147748,MEDVLSTD 119,MEDVLSTD,2024Spring,4.67,4.5,8,1
147748,MEDVLSTD 119,MEDVLSTD,2025Spring,4.5,6.5,7,1
147979,PHYSICS 268R,PHYSICS,2023Fall,4.7,7.0,18,1
148122,OEB 106,OEB,2023Fall,4.43,4.14,10,1
148148,ENG-SCI 156,ENG-SCI,2023Spring,4.5,10.5,15,1
148148,ENG-SCI 156,ENG-SCI,2024Spring,4.05,9.94,25,1
148148,ENG-SCI 156,ENG-SCI,2025Spring,4.35,10.12,29,1
148156,COMPSCI 181,COMPSCI,2023Spring,3.57,12.15,220,1
148156,COMPSCI 181,COMPSCI,2024Spring,3.33,11.2,185,2
148156,COMPSCI 1810,COMPSCI,2025Spring,3.46,10.43,96,3
148158,HIST 1878B,HIST,2023Fall,4.27,4.31,22,1
148176,AFVS 160,AFVS,2023Spring,4.73,3.71,16,1
148176,AFVS 160,AFVS,2024Spring,4.82,3.12,20,1
148176,AFVS 160,AFVS,2025Spring,4.86,4.0,21,1
148222,COMPLIT 162,COMPLIT,2023Spring,4.64,2.38,20,1
148222,COMPLIT 162,COMPLIT,2025Spring,4.93,4.09,60,1
148242,OEB 399,OEB,2022Fall,4.75,0,11,1
148242,OEB 399,OEB,2023Spring,4.5,0.83,12,1
148242,OEB 399,OEB,2023Fall,4.5,1.75,11,1
148242,OEB 399,OEB,2024Fall,4.25,0,12,1
148242,OEB 399,OEB,2025Spring,3.43,1.0,12,1
148273,ECON 985B,ECON,2023Spring,4.73,15.12,11,2
148273,ECON 985B,ECON,2024Spring,4.58,9.82,8,6
148273,ECON 985B,ECON,2025Spring,4.39,11.54,10,3
148283,GOV 2761,GOV,2023Fall,4.86,12.33,11,1
148434,ENG-SCI 51,ENG-SCI,2023Spring,3.84,9.31,52,1
148434,ENG-SCI 51,ENG-SCI,2023Fall,4.0,9.17,23,1
148434,ENG-SCI 51,ENG-SCI,2024Spring,3.22,11.37,25,1
148434,ENG-SCI 51,ENG-SCI,2024Fall,4.03,10.46,35,1
148434,ENG-SCI 51,ENG-SCI,2025Spring,3.52,11.61,46,1
148503,IMMUN 202,IMMUN,2023Spring,3.88,6.5,28,1
148503,IMMUN 202,IMMUN,2024Spring,4.05,5.12,34,1
148503,IMMUN 202,IMMUN,2025Spring,4.19,5.33,32,1
148547,IMMUN 201,IMMUN,2022Fall,4.3,10.52,36,17
148547,IMMUN 201,IMMUN,2023Fall,3.95,10.31,31,16
148547,IMMUN 201,IMMUN,2024Fall,4.04,12.48,38,16
150189,BE 110,BE,2022Fall,2.35,15.56,22,1
150189,BE 110,BE,2023Fall,3.39,12.4,39,1
150189,BE 110,BE,2024Fall,3.43,14.05,46,1
152514,COMPSCI 50,COMPSCI,2022Fall,3.78,9.95,567,2
152514,COMPSCI 50,COMPSCI,2023Spring,3.94,9.71,83,2
152514,COMPSCI 50,COMPSCI,2023Fall,3.87,8.59,437,3
152514,COMPSCI 50,COMPSCI,2024Spring,4.41,8.0,24,3
152514,COMPSCI 50,COMPSCI,2024Fall,3.96,9.12,366,2
152514,COMPSCI 50,COMPSCI,2025Spring,4.27,11.29,24,2
153042,MUSIC 189R,MUSIC,2022Fall,4.87,5.03,39,4
153042,MUSIC 189R,MUSIC,2023Spring,4.86,3.93,49,4
153042,MUSIC 189R,MUSIC,2023Fall,4.85,3.9,41,4
153042,MUSIC 189R,MUSIC,2024Spring,4.79,4.29,42,4
153042,MUSIC 189R,MUSIC,2024Fall,4.84,4.42,58,4
153042,MUSIC 189R,MUSIC,2025Spring,4.9,5.82,48,4
156010,MCB 165,MCB,2023Spring,4.32,4.52,33,1
156010,MCB 165,MCB,2025Spring,4.0,5.78,32,1
156020,PHIL 101,PHIL,2022Fall,2.53,4.33,21,1
156023,PHIL 145,PHIL,2024Spring,3.56,8.38,20,1
156024,PHIL 173,PHIL,2022Fall,4.59,7.0,28,1
156025,PHIL 164,PHIL,2023Fall,4.68,6.16,28,1
156025,PHIL 164,PHIL,2024Fall,4.69,5.47,17,1
156043,WOMGEN 1210QT,WOMGEN,2022Fall,4.18,5.0,15,1
156089,BBS 330,BBS,2022Fall,3.25,5.69,50,18
156089,BBS 330,BBS,2023Fall,3.47,7.14,44,17
156104,BCMP 236,BCMP,2023Spring,3.92,3.76,62,3
156104,BCMP 236,BCMP,2024Spring,2.79,3.21,37,2
156104,BCMP 236,BCMP,2025Spring,4.0,2.45,56,2
156107,GOV 1013,GOV,2025Spring,4.38,5.17,17,1
156115,GOV 1790,GOV,2022Fall,4.66,5.15,78,1
156115,GOV 1790,GOV,2024Fall,4.57,6.63,111,1
156116,PHIL 139,PHIL,2022Fall,4.83,5.52,35,1
156118,OEB 120,OEB,2023Fall,3.86,3.95,30,1
156119,MATH 145A,MATH,2024Spring,4.33,8.95,26,1
156120,MATH 145B,MATH,2025Spring,4.45,8.6,15,1
156126,PHIL 159S,PHIL,2024Spring,4.6,3.0,6,1
156137,PHIL 271,PHIL,2023Fall,5.0,6.67,13,1
156172,AFVS 189G,AFVS,2023Fall,4.33,6.4,11,1
156174,HEB 1480,HEB,2022Fall,4.38,8.27,15,1
156174,HEB 118,HEB,2024Fall,5.0,4.75,8,1
156182,FYSEMR 41U,FYSEMR,2024Spring,5.0,0.5,6,1
156186,PHIL 11,PHIL,2023Spring,4.05,5.39,27,1
156202,APCOMP 297R,APCOMP,2022Fall,4.27,8.55,66,1
156202,APCOMP 297R,APCOMP,2023Fall,3.79,10.82,65,1
156202,APCOMP 297R,APCOMP,2024Spring,4.21,10.58,28,1
156202,APCOMP 297R,APCOMP,2024Fall,3.74,8.32,38,1
156202,APCOMP 297R,APCOMP,2025Spring,2.32,6.53,36,1
156211,COMPSCI 224,COMPSCI,2023Fall,4.46,9.04,31,1
156211,COMPSCI 2243,COMPSCI,2024Fall,4.5,9.44,14,1
156219,ENG-SCI 291,ENG-SCI,2023Fall,3.64,7.55,14,2
156227,MODMDEST 158A,MODMDEST,2024Fall,4.8,6.33,10,1
156241,FRSEMR 34V,FYSEMR,2023Spring,5.0,2.75,6,1
156241,FYSEMR 34V,FYSEMR,2024Spring,4.75,2.8,10,1
156250,RELIGION 1497,RELIGION,2022Fall,4.8,4.5,13,1
156258,RELIGION 1462,RELIGION,2023Fall,4.5,5.67,8,1
156263,SOC-STD 98PV,SOC-STD,2022Fall,5.0,6.17,9,1
156263,SOC-STD 98PV,SOC-STD,2024Fall,5.0,7.29,10,1
156287,ENG-SCI 111,ENG-SCI,2022Fall,3.57,10.61,36,1
156287,ENG-SCI 111,ENG-SCI,2023Fall,4.25,10.75,10,1
156288,ENG-SCI 121,ENG-SCI,2022Fall,4.34,8.16,82,1
156288,ENG-SCI 121,ENG-SCI,2023Fall,4.53,6.69,75,1
156288,ENG-SCI 121,ENG-SCI,2024Fall,4.22,7.78,74,1
156296,RELIGION 1590,RELIGION,2022Fall,4.5,5.25,6,1
156305,LATIN 106B,LATIN,2024Fall,4.67,6.0,13,1
156313,CLS-STDY 112,CLS-STDY,2023Spring,4.75,3.88,10,2
156313,CLS-STDY 112,CLS-STDY,2024Spring,4.5,4.67,12,2
156313,CLS-STDY 112,CLS-STDY,2025Spring,4.4,4.6,11,1
156351,SOCIOL 1161,SOCIOL,2025Spring,4.43,6.86,11,1
156356,ECON 1759,ECON,2023Spring,4.41,5.69,42,1
156356,ECON 1759,ECON,2024Spring,4.53,4.76,124,1
156356,ECON 1759,ECON,2025Spring,4.38,4.78,191,1
156370,ECON 980CC,ECON,2023Spring,5.0,7.83,10,1
156371,ECON 2035,ECON,2022Fall,4.2,14.0,8,1
156371,ECON 2035,ECON,2023Fall,4.5,13.17,9,1
156390,ANTHRO 1836AR,ANTHRO,2024Spring,4.0,16.67,9,2
156395,CHEM 155,CHEM,2022Fall,4.8,9.0,6,1
156395,CHEM 155,CHEM,2024Fall,4.53,6.11,26,1
156425,STAT 120,STAT,2022Fall,4.25,8.07,40,1
156425,STAT 120,STAT,2024Fall,4.83,7.83,15,1
156427,ENG-SCI 115,ENG-SCI,2023Spring,3.59,6.66,115,1
156427,ENG-SCI 115,ENG-SCI,2024Spring,3.88,6.79,88,1
156427,ENG-SCI 115,ENG-SCI,2024Fall,3.5,6.96,47,1
156427,ENG-SCI 115,ENG-SCI,2025Spring,4.36,7.75,44,1
156433,RELIGION 47,RELIGION,2023Spring,4.78,4.0,12,1
156433,RELIGION 47,RELIGION,2025Spring,5.0,4.44,12,1
156435,GOV 2097,GOV,2024Fall,4.3,8.44,14,1
156438,GOV 2213,GOV,2023Fall,4.0,8.75,12,2
156438,GOV 2213,GOV,2024Fall,3.43,6.29,9,2
156449,FRSEMR 26O,FRSEMR,2022Fall,4.7,1.0,15,1
156450,FYSEMR 26K,FYSEMR,2023Fall,4.62,3.42,14,1
156452,STAT 212,STAT,2023Spring,4.59,9.87,21,1
156452,STAT 212,STAT,2024Spring,4.68,8.9,29,1
156452,STAT 212,STAT,2025Spring,4.1,11.8,31,1
156458,GOV 2340B,GOV,2023Spring,4.8,7.67,9,1
156458,GOV 2340B,GOV,2025Spring,3.0,18.0,10,1
156469,SLAVIC 185,SLAVIC,2023Spring,5.0,9.4,6,1
156469,SLAVIC 185,SLAVIC,2024Fall,5.0,10.2,6,1
156496,ESE 133,ESE,2023Spring,4.74,4.53,24,1
156496,ESE 133,ESE,2024Spring,4.63,5.38,13,1
156496,ESE 133,ESE,2025Spring,4.7,6.22,11,1
156500,ESE 131,ESE,2024Spring,5.0,7.4,21,1
156502,FRSEMR 41K,FRSEMR,2022Fall,4.83,2.83,12,1
156515,CLASARCH 133,CLASARCH,2024Fall,4.5,4.0,7,1
156523,GOV 2372,GOV,2023Fall,4.38,7.5,11,1
156548,ENG-SCI 158,ENG-SCI,2023Fall,4.86,6.86,10,1
156564,HIST 1993,HIST,2022Fall,4.67,8.0,11,1
156564,HIST 1993,HIST,2024Fall,4.57,8.0,8,1
156569,PSY 1454,PSY,2022Fall,5.0,2.75,13,1
156593,EASTD 271,EASTD,2023Spring,4.6,7.6,5,1
156593,EASTD 271,EASTD,2024Spring,4.33,9.67,7,1
156630,ENGLISH CIJR,ENGLISH,2022Fall,4.2,5.4,9,1
156726,ENG-SCI 256,ENG-SCI,2024Spring,4.57,7.57,9,1
156750,JAMAICAN AA,JAMAICAN,2023Fall,5.0,1.6,10,1
156925,STAT 286,STAT,2022Fall,3.47,11.61,43,1
156925,STAT 286,STAT,2023Fall,4.08,11.32,36,1
156933,ESE 161,ESE,2024Spring,4.61,5.65,24,1
156933,ESE 161,ESE,2025Spring,4.61,7.53,25,1
156936,COMPSCI 282R,COMPSCI,2023Fall,4.69,7.68,43,1
156936,COMPSCI 2822R,COMPSCI,2024Fall,3.71,6.04,80,1
156944,PORTUG 15,PORTUG,2024Spring,5.0,3.0,7,1
156947,ENG-SCI 24,ENG-SCI,2023Spring,5.0,2.35,21,1
156947,ENG-SCI 24,ENG-SCI,2024Spring,4.67,2.64,19,1
156947,ENG-SCI 24,ENG-SCI,2025Spring,4.82,3.6,19,1
156950,MCB 350,MCB,2024Fall,5.0,0,13,2
156952,MCB 352,MCB,2024Spring,4.8,1.0,12,2
159550,GENED 1145,GENED,2023Fall,4.43,4.33,53,1
159550,GENED 1145,GENED,2024Fall,4.27,4.9,28,1
159551,EAFM 111,EAFM,2024Spring,4.73,3.82,19,1
159555,HIST 1937,HIST,2024Fall,4.94,8.78,18,1
159556,HIST 1924,HIST,2024Fall,4.75,7.43,9,2
159563,HIST 2638,HIST,2022Fall,4.45,9.4,16,1
159565,HEB 1290,HEB,2024Spring,4.67,4.2,9,1
159566,MCB 290B,MCB,2023Spring,2.0,1.33,15,2
159593,HIST 1039,HIST,2024Spring,4.22,3.5,11,1
159595,JAPAN 120A,JAPAN,2022Fall,3.83,6.8,10,1
159595,JAPAN 120A,JAPAN,2023Fall,4.89,7.5,11,1
159595,JAPAN 120A,JAPAN,2024Fall,4.5,8.75,7,1
159596,JAPAN 120B,JAPAN,2023Spring,4.0,6.2,7,1
159596,JAPAN 120B,JAPAN,2024Spring,4.8,7.4,9,1
159596,JAPAN 120B,JAPAN,2025Spring,4.92,7.0,13,1
159614,HLTHPOL 2000B,HLTHPOL,2023Spring,3.17,3.17,13,1
159614,HLTHPOL 2000B,HLTHPOL,2024Spring,4.17,4.0,12,2
159614,HLTHPOL 2000B,HLTHPOL,2025Spring,3.86,3.71,11,1
159619,E-PSCI 99B,E-PSCI,2024Spring,3.67,13.0,5,2
159619,E-PSCI 99B,E-PSCI,2025Spring,5.0,14.0,6,2
159620,RUSS AB,RUSS,2025Spring,5.0,7.5,6,2
159629,CHNSE 130A,CHNSE,2022Fall,4.33,8.44,11,1
159629,CHNSE 130A,CHNSE,2023Fall,4.14,5.6,10,1
159629,CHNSE 130A,CHNSE,2024Fall,5.0,7.0,15,1
159631,CHNSE 130B,CHNSE,2023Spring,4.5,7.5,11,1
159631,CHNSE 130B,CHNSE,2024Spring,4.44,6.11,14,1
159631,CHNSE 130B,CHNSE,2025Spring,4.8,7.2,8,1
159639,ECON 2010D,ECON,2023Spring,4.42,8.12,27,2
159639,ECON 2010D,ECON,2024Spring,4.42,10.69,26,2
159639,ECON 2010D,ECON,2025Spring,4.37,11.29,31,2
159651,MCB 99B,MCB,2023Spring,4.24,18.06,24,2
159651,MCB 99B,MCB,2024Spring,3.71,14.93,19,2
159651,MCB 99B,MCB,2025Spring,4.64,17.17,30,2
159653,RUSS BB,RUSS,2023Spring,4.8,8.0,7,2
159653,RUSS BB,RUSS,2025Spring,4.88,8.63,11,2
159655,MCB 125,MCB,2023Spring,4.14,6.52,115,1
159657,HIST 1931,HIST,2024Spring,4.2,6.0,10,1
159683,HAA 192M,HAA,2023Fall,4.0,4.0,12,1
159688,PHIL 192,PHIL,2024Spring,4.63,5.13,23,1
159706,LIFESCI 50A,LIFESCI,2022Fall,4.9,15.74,34,4
159706,LIFESCI 50A,LIFESCI,2023Fall,4.41,15.78,40,5
159706,LIFESCI 50A,LIFESCI,2024Fall,4.68,14.47,42,6
159707,LIFESCI 50B,LIFESCI,2023Spring,4.67,12.33,34,6
159707,LIFESCI 50B,LIFESCI,2024Spring,4.57,12.3,35,7
159707,LIFESCI 50B,LIFESCI,2025Spring,4.3,13.52,41,5
159715,SCAND 55,SCAND,2023Spring,5.0,2.0,5,1
159715,SCAND 55,SCAND,2024Spring,4.73,2.0,21,1
159715,SCAND 55,SCAND,2025Spring,4.5,2.44,14,1
159732,CPB 99B,CPB,2023Spring,4.07,20.8,21,2
159732,CPB 99B,CPB,2024Spring,3.5,18.0,8,2
159732,CPB 99B,CPB,2025Spring,4.57,21.43,10,2
159736,FYSEMR 31D,FYSEMR,2023Fall,3.43,2.83,12,1
159754,PHIL 279,PHIL,2023Fall,4.86,5.57,13,1
159754,PHIL 279,PHIL,2025Spring,4.78,4.86,13,1
159763,MATH 157,MATH,2023Spring,4.0,8.48,38,1
159763,MATH 157,MATH,2024Spring,4.27,7.94,25,1
159763,MATH 157,MATH,2025Spring,4.25,7.26,35,1
159779,SOCIOL 1023,SOCIOL,2025Spring,4.73,5.64,31,1
159793,HIST-LIT 90BR,HIST-LIT,2024Fall,4.78,6.0,11,1
159800,ASTRON 99B,ASTRON,2023Spring,4.0,15.83,7,1
159800,ASTRON 99B,ASTRON,2025Spring,4.71,10.71,9,1
159802,STAT 213,STAT,2023Spring,4.23,13.45,14,1
159802,STAT 213,STAT,2024Spring,4.7,12.13,14,1
159802,STAT 213,STAT,2025Spring,4.4,12.67,19,1
159805,GERMAN 10B,GERMAN,2023Spring,4.83,4.82,14,1
159805,GERMAN 10B,GERMAN,2024Spring,4.38,9.25,13,1
159805,GERMAN 10B,GERMAN,2025Spring,4.22,9.88,13,1
159809,GENED 1121,GENED,2023Spring,3.81,4.36,88,1
159811,GOV 3004B,GOV,2023Spring,4.8,1.5,16,2
159811,GOV 3004B,GOV,2024Spring,4.67,2.0,21,2
159813,GOV 3005B,GOV,2023Spring,5.0,0,16,2
159813,GOV 3005B,GOV,2024Spring,4.67,0,16,2
159814,GOV 3006B,GOV,2023Spring,4.33,0,21,2
159814,GOV 3006B,GOV,2025Spring,5.0,0,26,2
159829,SWAHILI AB,SWAHILI,2025Spring,4.43,4.33,11,1
159830,FRSEMR 21R,FRSEMR,2023Spring,4.14,3.71,8,1
159836,FRSEMR 33C,FYSEMR,2022Fall,4.36,4.09,11,1
159836,FYSEMR 33C,FYSEMR,2023Fall,4.14,3.14,10,1
159836,FYSEMR 33C,FYSEMR,2025Spring,5.0,5.25,6,1
159837,FRSEMR 41R,FRSEMR,2022Fall,3.89,3.11,10,1
159840,MODGRK AA,MODGRK,2022Fall,5.0,2.8,7,1
159840,MODGRK AA,MODGRK,2023Fall,5.0,2.78,11,1
159841,MODGRK AB,MODGRK,2023Spring,5.0,3.25,8,1
159841,MODGRK AB,MODGRK,2024Spring,5.0,2.67,9,1
159843,MODGRK BB,MODGRK,2023Spring,4.8,1.8,5,1
159860,AFVS 50B,AFVS,2023Spring,5.0,14.75,10,1
159860,AFVS 50B,AFVS,2024Spring,5.0,15.0,7,1
159860,AFVS 50B,AFVS,2025Spring,5.0,15.83,9,1
159868,TURKISH AB,TURKISH,2025Spring,5.0,8.4,7,1
159869,TWI AB,TWI,2023Spring,4.25,2.75,8,1
159872,YORUBA AB,YORUBA,2023Spring,3.8,2.2,9,1
159872,YORUBA AB,YORUBA,2025Spring,4.8,3.3,26,1
159876,ARABIC AB,ARABIC,2023Spring,4.5,8.45,7,2
159876,ARABIC AB,ARABIC,2024Spring,4.42,8.19,12,2
159876,ARABIC AB,ARABIC,2024Fall,4.86,5.14,8,1
159876,ARABIC AB,ARABIC,2025Spring,4.52,10.71,9,3
159887,WOMGEN 1225,WOMGEN,2023Spring,4.68,4.36,63,1
159887,WOMGEN 1225,WOMGEN,2024Spring,4.53,4.61,38,1
159887,WOMGEN 1225,WOMGEN,2025Spring,4.76,5.0,21,1
159901,SOCIOL 1146,SOCIOL,2024Fall,4.93,4.93,22,1
159926,SOCIOL 1133,SOCIOL,2023Fall,4.22,4.75,14,1
159938,SPANSH 59H,SPANSH,2023Spring,4.93,3.64,17,1
159938,SPANSH 59H,SPANSH,2024Spring,4.67,4.33,15,1
159938,SPANSH 59H,SPANSH,2025Spring,4.89,4.78,14,1
159968,GOV 3007B,GOV,2023Spring,5.0,0,18,1
159968,GOV 3007B,GOV,2024Spring,4.8,1.25,21,2
159970,GOV 3009B,GOV,2023Spring,5.0,2.0,10,2
159970,GOV 3009B,GOV,2024Spring,3.5,0,12,3
159972,HAA 99B,HAA,2023Spring,4.0,9.33,14,1
159972,HAA 99B,HAA,2024Spring,4.14,10.33,10,1
159972,HAA 99B,HAA,2025Spring,4.75,12.0,9,1
159973,HIND-URD 101B,HIND-URD,2023Spring,4.64,4.73,14,2
159973,HIND-URD 101B,HIND-URD,2024Spring,4.3,5.65,18,3
159973,HIND-URD 101B,HIND-URD,2025Spring,5.0,3.98,9,2
159974,HIND-URD 102B,HIND-URD,2025Spring,4.6,6.2,12,1
159975,HIST 99B,HIST,2023Spring,4.5,12.08,28,1
159975,HIST 99B,HIST,2024Spring,4.71,14.5,28,1
159975,HIST 99B,HIST,2025Spring,4.88,14.6,37,1
159988,MOD-HEB BB,MOD-HEB,2024Spring,4.0,8.5,8,1
159990,FYSEMR 22H,FYSEMR,2023Fall,4.44,1.9,13,1
159990,FYSEMR 22H,FYSEMR,2024Fall,4.89,2.22,12,1
159991,PERSIAN AB,PERSIAN,2023Spring,4.33,3.67,10,1
159991,PERSIAN AB,PERSIAN,2024Spring,5.0,3.25,10,1
159991,PERSIAN AB,PERSIAN,2025Spring,3.25,9.4,6,1
159994,ECON 990B,ECON,2022Fall,4.8,13.0,7,2
159994,ECON 990B,ECON,2023Fall,5.0,19.0,6,1
159999,HAA 122X,HAA,2022Fall,4.44,4.56,15,1
160157,GREEK 187,GREEK,2024Fall,4.83,5.33,7,1
160196,FRSEMR 42C,FYSEMR,2023Spring,4.8,4.3,11,1
160196,FYSEMR 42C,FYSEMR,2024Spring,4.92,4.38,13,1
160196,FYSEMR 42C,FYSEMR,2025Spring,4.8,5.0,12,1
160197,FRSEMR 33R,FRSEMR,2022Fall,4.25,1.25,6,1
160203,FRSEMR 42H,FYSEMR,2022Fall,4.64,2.27,12,1
160203,FYSEMR 42H,FYSEMR,2023Fall,4.64,3.0,13,1
160203,FYSEMR 42H,FYSEMR,2024Fall,4.56,2.33,12,1
160215,FYSEMR 23H,FYSEMR,2023Fall,4.67,1.56,12,1
160215,FYSEMR 23H,FYSEMR,2025Spring,4.43,1.5,13,1
160219,FRSEMR 23I,FYSEMR,2022Fall,4.4,4.0,7,1
160219,FYSEMR 23I,FYSEMR,2023Fall,4.57,3.14,10,1
160219,FYSEMR 23I,FYSEMR,2024Fall,4.78,2.33,10,1
160221,FRSEMR 43F,FRSEMR,2022Fall,4.71,4.0,13,1
160230,E-PSCI 230,E-PSCI,2024Spring,4.0,4.17,8,1
160334,HISTSCI 1821,HISTSCI,2023Fall,4.5,3.25,50,1
160351,ECON 1342,ECON,2024Spring,4.06,4.0,76,1
160361,ECON 1080,ECON,2024Fall,4.75,5.25,10,1
160364,MCB 100,MCB,2023Spring,4.26,7.33,23,1
160364,MCB 100,MCB,2023Fall,4.0,6.0,6,1
160364,MCB 100,MCB,2024Spring,4.78,6.22,15,1
160364,MCB 100,MCB,2024Fall,4.83,5.83,8,1
160364,MCB 100,MCB,2025Spring,4.2,5.47,28,1
160366,HISTSCI 1337,HISTSCI,2022Fall,4.82,2.76,25,1
160371,HISTSCI 1825,HISTSCI,2023Spring,4.67,3.44,22,1
160371,HISTSCI 1825,HISTSCI,2025Spring,4.83,2.83,18,1
160373,GOV 1734,GOV,2022Fall,3.95,4.65,27,1
160382,HIST 2950B,HIST,2023Spring,4.17,7.8,10,2
160386,HIST 3920B,HIST,2023Spring,4.0,1.75,16,1
160405,GOV 2022,GOV,2023Fall,4.33,4.17,9,1
160441,ANTHRO 1826,ANTHRO,2023Spring,4.56,8.94,19,1
160441,ANTHRO 1826,ANTHRO,2025Spring,4.59,6.36,46,1
160447,APMTH 254,APMTH,2022Fall,4.6,7.73,25,1
160447,APMTH 254,APMTH,2024Fall,4.67,13.33,14,1
160448,ENG-SCI 254,ENG-SCI,2022Fall,4.6,7.73,25,1
160448,ENG-SCI 254,ENG-SCI,2024Fall,4.67,13.33,14,1
160452,ESE 160,ESE,2023Fall,4.25,3.92,17,1
160454,ENG-SCI 112,ENG-SCI,2023Spring,4.64,5.67,16,1
160454,ENG-SCI 112,ENG-SCI,2024Spring,4.25,6.1,18,1
160454,ENG-SCI 112,ENG-SCI,2025Spring,4.15,7.92,18,1
160459,OEB 217R,OEB,2024Spring,4.8,4.2,8,1
160462,ANTHRO 2705,ANTHRO,2023Spring,4.6,8.63,16,1
160495,CELTIC 105,CELTIC,2022Fall,4.69,3.56,23,1
160495,CELTIC 105,CELTIC,2024Fall,4.45,4.26,27,1
160496,HISTSCI 1770,HISTSCI,2025Spring,4.48,4.58,32,1
160503,HISTSCI 2843,HISTSCI,2024Spring,4.83,7.09,16,1
160525,COMPLIT 235,COMPLIT,2025Spring,4.82,4.3,21,1
160534,SOCIOL 92R,SOCIOL,2023Spring,4.83,4.6,12,1
160540,RSRA 298B,RSRA,2023Spring,5.0,3.0,9,1
160540,RSRA 298B,RSRA,2025Spring,5.0,4.0,10,1
160544,RSRA 299B,RSRA,2024Spring,5.0,6.67,8,1
160553,ENG-SCI 100HFB,ENG-SCI,2023Spring,3.56,13.63,45,11
160553,ENG-SCI 100HFB,ENG-SCI,2024Spring,2.81,16.9,51,10
160553,ENG-SCI 100HFB,ENG-SCI,2025Spring,3.53,16.5,66,10
160566,GOV 2003,GOV,2022Fall,3.47,11.61,43,1
160566,GOV 2003,GOV,2023Fall,4.08,11.32,36,1
160566,GOV 2003,GOV,2024Fall,2.22,8.89,11,1
160578,CHEM 301HFB,CHEM,2023Spring,4.2,2.2,30,3
160578,CHEM 301HFB,CHEM,2024Spring,4.17,7.5,32,1
160578,CHEM 301HFB,CHEM,2025Spring,4.45,8.71,33,3
160579,COMPSCI 263,COMPSCI,2024Spring,4.71,8.73,42,1
160579,COMPSCI 2630,COMPSCI,2024Fall,4.71,7.93,23,1
160580,CHEMBIO 300HFB,CHEMBIO,2023Spring,3.83,0.75,16,2
160624,COMPSCI 242,COMPSCI,2022Fall,4.04,7.43,38,1
160624,COMPSCI 242,COMPSCI,2023Fall,4.26,7.27,34,1
160624,COMPSCI 2420,COMPSCI,2024Fall,3.64,8.66,78,1
160641,BIOSTAT 234,BIOSTAT,2023Spring,4.13,5.5,22,1
160641,BIOSTAT 234,BIOSTAT,2024Spring,4.0,6.23,25,1
160645,MUSIC BHFB,MUSIC,2025Spring,5.0,1.83,7,1
160647,TDM 98,TDM,2023Fall,3.7,2.8,8,2
160647,TDM 98,TDM,2024Fall,3.5,7.75,5,1
160648,TDM 97,TDM,2023Spring,3.7,4.9,14,2
160648,TDM 97,TDM,2024Spring,4.5,7.17,7,1
160648,TDM 97,TDM,2025Spring,5.0,10.67,10,1
160653,TDM 90DR,TDM,2023Spring,4.6,2.5,8,1
160654,TDM 120,TDM,2022Fall,5.0,1.0,14,1
160654,TDM 120,TDM,2023Fall,4.83,1.55,13,1
160654,TDM 120,TDM,2024Fall,4.92,1.42,16,1
160656,PSY 1401,PSY,2024Spring,4.0,5.0,22,1
160669,STAT 300HFRB,STAT,2023Spring,5.0,0.67,26,2
160669,STAT 300HFRB,STAT,2024Spring,5.0,0,23,2
160669,STAT 300HFRB,STAT,2025Spring,5.0,0,20,2
160674,STAT 303HFB,STAT,2023Spring,4.25,2.83,11,2
160674,STAT 303HFB,STAT,2024Spring,3.5,1.0,8,2
160677,STAT 314HFRB,STAT,2023Spring,5.0,0,12,1
160713,FRSEMR 40D,FYSEMR,2023Spring,5.0,1.75,15,1
160713,FYSEMR 40D,FYSEMR,2023Fall,5.0,2.15,15,1
160713,FYSEMR 40D,FYSEMR,2024Fall,4.93,1.64,15,1
160736,STAT 151,STAT,2023Fall,4.29,10.16,37,1
160736,STAT 151,STAT,2024Fall,4.27,9.47,24,1
160748,EMR 123,EMR,2022Fall,4.5,5.25,6,1
160750,NEURO 130,NEURO,2023Fall,3.93,4.79,16,1
160752,EMR 121,EMR,2024Spring,4.5,6.0,9,1
160759,MBB 980M,MBB,2023Spring,4.82,3.8,16,1
160759,MBB 980M,MBB,2024Spring,4.9,4.0,14,1
160759,MBB 980M,MBB,2025Spring,4.64,3.91,15,1
160952,ENGLISH CFMR,ENGLISH,2022Fall,5.0,5.89,12,1
160952,ENGLISH CFMR,ENGLISH,2023Spring,4.9,5.8,11,1
160952,ENGLISH CFMR,ENGLISH,2023Fall,4.91,4.73,13,1
160953,ENGLISH CAFR,ENGLISH,2023Spring,5.0,7.5,12,1
160953,ENGLISH CAFR,ENGLISH,2024Spring,5.0,5.5,14,1
160957,E-PSCI 160,E-PSCI,2023Fall,4.25,3.92,17,1
160977,HIST 1217,HIST,2023Fall,4.35,4.93,25,1
161184,OEB 104,OEB,2022Fall,5.0,2.05,24,1
161184,OEB 104,OEB,2023Fall,4.8,2.11,24,1
161184,OEB 104,OEB,2024Fall,5.0,3.53,24,1
161201,PHYSICS 201,PHYSICS,2023Spring,4.75,8.13,14,1
161207,SCRB 145,SCRB,2023Fall,5.0,3.4,29,1
161207,SCRB 145,SCRB,2024Fall,4.84,3.63,26,1
161215,E-PSCI 112,E-PSCI,2023Spring,4.64,5.67,16,1
161215,E-PSCI 112,E-PSCI,2024Spring,4.25,6.1,18,1
161215,E-PSCI 112,E-PSCI,2025Spring,4.15,7.92,18,1
161239,FRENCH 106,FRENCH,2023Spring,3.75,4.33,15,1
161249,SPANSH 270,SPANSH,2024Spring,4.43,6.86,8,1
161259,APMTH 232,APMTH,2024Spring,4.25,8.75,21,1
161261,FYSEMR 23R,FYSEMR,2025Spring,4.6,2.86,12,1
161263,ESE 166,ESE,2025Spring,4.5,4.67,8,1
161267,MBB 980N,MBB,2022Fall,4.83,3.08,16,1
161267,MBB 980N,MBB,2023Fall,4.5,2.94,17,1
161268,GHHP 70,GHHP,2023Spring,4.63,3.39,28,2
161268,GHHP 70,GHHP,2024Spring,4.22,3.41,30,2
161268,GHHP 70,GHHP,2025Spring,4.69,2.75,14,1
161274,ROM-STD 110,ROM-STD,2022Fall,4.8,5.4,8,1
161278,KOREAN 123XB,KOREAN,2023Spring,4.82,6.64,15,1
161278,KOREAN 123XB,KOREAN,2025Spring,4.75,7.5,10,1
161280,MED-SCI 316QC,MED-SCI,2022Fall,4.75,0.5,13,2
161297,FOLKMYTH 176,FOLKMYTH,2022Fall,5.0,3.88,12,1
161297,FOLKMYTH 176,FOLKMYTH,2023Fall,4.43,4.14,11,1
161297,FOLKMYTH 176,FOLKMYTH,2024Fall,4.6,8.4,7,1
202992,GENED 1056,GENED,2023Fall,3.38,5.22,67,1
202992,GENED 1056,GENED,2024Fall,4.32,5.84,31,2
202996,HIST 2639,HIST,2024Fall,4.33,8.25,8,1
203001,FRSEMR 60C,FRSEMR,2022Fall,3.5,5.0,6,1
203014,FYSEMR 70K,FYSEMR,2023Fall,4.89,3.33,12,1
203014,FYSEMR 70K,FYSEMR,2024Fall,4.69,3.62,15,1
203018,HIST 1776,HIST,2023Fall,4.44,6.78,12,1
203023,ENGLISH 131P,ENGLISH,2023Spring,4.36,4.36,23,1
203023,ENGLISH 131P,ENGLISH,2024Spring,4.38,3.48,34,1
203023,ENGLISH 131P,ENGLISH,2025Spring,4.59,5.14,28,1
203024,GREEK 1,GREEK,2022Fall,5.0,5.4,5,1
203024,GREEK 1,GREEK,2023Fall,4.63,3.29,11,1
203024,GREEK 1,GREEK,2024Fall,4.64,6.55,14,1
203025,LATIN 1,LATIN,2022Fall,4.33,5.83,7,1
203025,LATIN 1,LATIN,2023Fall,4.2,5.1,14,1
203025,LATIN 1,LATIN,2024Fall,4.7,4.1,13,1
203044,HIST 1008,HIST,2025Spring,4.56,6.58,54,1
203055,ENGLISH 298DH,ENGLISH,2023Spring,4.33,5.8,7,1
203059,ENGLISH 160JE,ENGLISH,2024Spring,4.77,5.08,18,1
203065,ENGLISH 188GF,ENGLISH,2023Fall,4.6,5.5,13,1
203077,GENED 1022,GENED,2024Spring,4.45,4.54,50,1
203078,HAA 61G,HAA,2022Fall,4.78,6.75,14,1
203081,MCB 112,MCB,2022Fall,4.59,11.89,85,1
203081,MCB 112,MCB,2024Fall,4.58,11.84,56,1
203092,COMPLIT 114,COMPLIT,2024Fall,4.24,4.33,22,1
203101,STAT 109A,STAT,2022Fall,3.94,10.18,304,2
203101,STAT 109A,STAT,2023Fall,4.14,9.75,308,2
203101,STAT 109A,STAT,2024Fall,3.86,9.52,450,3
203102,STAT 109B,STAT,2023Spring,3.9,13.34,172,2
203102,STAT 109B,STAT,2024Spring,4.25,10.62,179,3
203102,STAT 109B,STAT,2025Spring,4.29,11.41,277,3
203104,STAT 117,STAT,2023Spring,4.47,4.75,22,1
203104,STAT 117,STAT,2024Spring,4.38,5.31,23,1
203104,STAT 117,STAT,2025Spring,4.92,8.45,18,1
203128,HISTSCI 1820,HISTSCI,2022Fall,4.83,4.0,18,1
203128,HISTSCI 1820,HISTSCI,2024Fall,4.5,4.65,30,1
203129,GENED 1046,GENED,2024Spring,4.02,3.48,196,1
203129,GENED 1046,GENED,2025Spring,4.28,4.26,171,1
203208,PSY 1202,NEURO,2024Spring,3.94,4.56,25,1
203208,NEURO 1202,NEURO,2025Spring,4.46,4.55,19,1
203211,PSY 1451,PSY,2022Fall,3.67,3.75,8,1
203227,LATIN 3,LATIN,2022Fall,4.7,3.1,11,1
203227,LATIN 3,LATIN,2023Fall,4.82,3.18,11,1
203227,LATIN 3,LATIN,2024Fall,4.5,5.0,9,1
203228,LATIN 10,LATIN,2022Fall,4.8,9.0,6,1
203228,LATIN 10,LATIN,2023Spring,4.5,4.67,6,1
203228,LATIN 10,LATIN,2023Fall,5.0,4.4,6,1
203228,LATIN 10,LATIN,2025Spring,5.0,3.0,5,1
203229,GREEK 3,GREEK,2023Fall,4.89,4.44,10,1
203230,GREEK 10,GREEK,2022Fall,4.83,5.4,6,1
203230,GREEK 10,GREEK,2024Spring,5.0,3.0,7,1
203230,GREEK 10,GREEK,2024Fall,4.8,5.5,5,1
203230,GREEK 10,GREEK,2025Spring,4.8,10.0,5,1
203237,MEDLATIN 10,MEDLATIN,2023Spring,4.8,5.8,6,1
203237,MEDLATIN 10,MEDLATIN,2024Spring,4.43,4.86,8,1
203237,MEDLATIN 10,MEDLATIN,2025Spring,4.75,10.25,6,1
203240,COMPLIT 244,COMPLIT,2024Spring,3.8,7.67,11,1
203245,CELTIC 120,CELTIC,2024Spring,4.48,2.2,35,1
203252,MUSIC 179R,MUSIC,2025Spring,4.67,6.4,9,1
203253,LATIN 2,LATIN,2023Spring,4.14,6.43,13,1
203253,LATIN 2,LATIN,2024Spring,4.43,3.33,11,1
203253,LATIN 2,LATIN,2025Spring,4.57,7.5,10,1
203256,GREEK 2,GREEK,2023Spring,4.0,5.8,7,1
203256,GREEK 2,GREEK,2024Spring,4.67,4.67,10,1
203256,GREEK 2,GREEK,2025Spring,4.56,6.25,14,1
203264,ENGLISH CPY,ENGLISH,2023Fall,5.0,3.67,12,1
203264,ENGLISH CPY,ENGLISH,2024Spring,5.0,4.22,12,1
203264,ENGLISH CPY,ENGLISH,2024Fall,5.0,3.9,12,1
203264,ENGLISH CPY,ENGLISH,2025Spring,4.75,3.5,10,1
203266,ENGLISH CTV,ENGLISH,2022Fall,4.38,4.5,11,1
203266,ENGLISH CTV,ENGLISH,2024Fall,4.86,9.29,13,1
203268,FRSEMR 60K,FRSEMR,2023Spring,5.0,2.88,10,1
203272,SOCIOL 1186,SOCIOL,2023Fall,4.63,4.08,40,1
203272,SOCIOL 1186,SOCIOL,2025Spring,4.71,5.7,26,1
203280,GERMAN 140,GERMAN,2023Fall,4.56,6.77,42,1
203281,GERMAN 291,GERMAN,2023Fall,4.29,10.14,13,2
203281,GERMAN 291,GERMAN,2024Fall,4.17,9.58,18,2
203290,HAA 241P,HAA,2022Fall,4.88,9.0,13,1
203308,ITAL 245,ITAL,2022Fall,4.5,6.33,8,1
203312,AFVS 12,AFVS,2022Fall,4.82,6.1,14,1
203312,AFVS 12,AFVS,2024Spring,4.82,7.45,14,1
203314,AFVS 14,AFVS,2022Fall,3.83,5.36,17,1
203314,AFVS 14,AFVS,2023Fall,3.71,5.83,16,1
203325,HIST 2525A,HIST,2024Fall,4.75,16.75,8,2
203329,PHS 2000A,PHS,2022Fall,4.17,10.64,41,2
203329,PHS 2000A,PHS,2023Fall,4.13,9.57,39,2
203329,PHS 2000A,PHS,2024Fall,4.18,7.22,42,1
203330,PHS 2000B,PHS,2023Spring,3.88,10.48,42,2
203330,PHS 2000B,PHS,2024Spring,4.38,9.69,41,3
203330,PHS 2000B,PHS,2025Spring,4.04,7.17,41,3
203333,SOCIOL 1104,SOCIOL,2022Fall,5.0,4.31,14,1
203368,SOCIOL 1131,SOCIOL,2023Spring,3.74,4.22,23,2
203377,YIDDISH 115,YIDDISH,2024Spring,4.5,3.0,9,1
203381,FRENCH 128,FRENCH,2022Fall,4.88,6.75,9,1
203385,FRENCH 153,FRENCH,2024Fall,4.78,7.38,10,1
203389,FRSEMR 70P,FRSEMR,2022Fall,4.85,2.08,15,1
203424,FRSEMR 50P,FRSEMR,2022Fall,4.55,1.18,12,1
203431,PHYSICS 212,PHYSICS,2023Spring,4.5,8.0,16,1
203431,PHYSICS 212,PHYSICS,2024Spring,4.5,8.4,19,1
203431,PHYSICS 212,PHYSICS,2025Spring,4.22,7.33,14,1
203440,SOCIOL 1106,SOCIOL,2025Spring,4.33,4.5,19,1
203447,PHIL 177,PHIL,2023Spring,4.88,4.13,10,1
203447,PHIL 177,PHIL,2023Fall,4.75,3.88,12,1
203453,PHIL 106,PHIL,2024Spring,4.09,5.09,13,1
203456,PHIL 173X,PHIL,2025Spring,5.0,5.5,8,1
203483,GOV 2170,GOV,2022Fall,4.71,7.5,9,1
203485,SOCIOL 1182,SOCIOL,2023Fall,4.39,4.41,44,1
203485,SOCIOL 1182,SOCIOL,2024Fall,4.09,5.46,41,1
203500,TDM CAMR,TDM,2025Spring,4.5,5.25,11,1
203501,FRSEMR 60R,FYSEMR,2022Fall,4.83,1.5,9,1
203501,FYSEMR 60R,FYSEMR,2024Spring,5.0,1.17,7,1
203507,LING 73A,LING,2022Fall,4.72,3.18,22,1
203507,LING 73A,LING,2023Fall,4.89,2.5,23,1
203507,LING 73A,LING,2024Fall,4.5,4.76,18,3
203512,PHYSICS 264,PHYSICS,2023Spring,4.5,9.5,8,1
203513,LING 73B,LING,2023Spring,4.69,3.31,21,1
203513,LING 73B,LING,2024Spring,4.83,2.45,22,1
203513,LING 73B,LING,2025Spring,4.63,3.28,16,3
203546,COMPSCI 109B,COMPSCI,2023Spring,3.9,13.34,172,2
203546,COMPSCI 109B,COMPSCI,2024Spring,4.25,10.62,179,3
203546,COMPSCI 1090B,COMPSCI,2025Spring,4.29,11.41,277,3
203547,APCOMP 209B,APCOMP,2023Spring,3.9,13.34,172,2
203547,APCOMP 209B,APCOMP,2024Spring,4.25,10.62,179,3
203547,APCOMP 209B,APCOMP,2025Spring,4.29,11.41,277,3
203548,APMTH 231,APMTH,2023Spring,4.37,8.68,38,1
203548,APMTH 231,APMTH,2024Spring,4.39,8.41,24,1
203555,ECON 1057,ECON,2022Fall,4.0,6.71,32,2
203555,ECON 1057,ECON,2023Fall,4.07,5.86,29,2
203555,ECON 1057,ECON,2024Fall,4.39,6.19,29,2
203585,APMTH 158,APMTH,2023Fall,4.86,6.86,10,1
203588,HIST-LIT 90CM,HIST-LIT,2023Fall,4.9,4.4,11,1
203588,HIST-LIT 90CM,HIST-LIT,2024Fall,4.88,6.88,9,1
203602,HISTSCI 3003A,HISTSCI,2022Fall,4.89,11.25,11,2
203602,HISTSCI 3003A,HISTSCI,2023Fall,4.64,8.9,13,2
203602,HISTSCI 3003A,HISTSCI,2024Fall,4.7,8.14,17,2
203603,HISTSCI 3003B,HISTSCI,2024Spring,4.43,7.57,10,1
203610,HISTSCI 1829,HISTSCI,2024Spring,4.75,3.88,32,1
203652,CLASPHIL 235,CLASPHIL,2025Spring,4.82,4.3,21,1
203670,MEDVLSTD 109,MEDVLSTD,2023Fall,5.0,6.0,5,1
203670,MEDVLSTD 109,MEDVLSTD,2025Spring,5.0,5.25,6,1
203866,ECON 980Z,ECON,2023Spring,4.67,5.17,16,1
203866,ECON 980Z,ECON,2024Spring,4.75,4.63,17,1
203866,ECON 980Z,ECON,2025Spring,4.8,5.2,14,1
203888,E-PSCI 10,E-PSCI,2023Spring,4.8,3.06,29,1
203888,E-PSCI 10,E-PSCI,2023Fall,4.41,1.67,34,1
203888,E-PSCI 10,E-PSCI,2024Fall,4.34,4.15,48,1
203917,PSY 980JS,PSY,2022Fall,4.71,3.62,16,2
203921,SOCIOL 3316,SOCIOL,2024Fall,5.0,0,7,2
204006,SCRB 195,SCRB,2022Fall,4.31,4.19,23,1
204006,SCRB 195,SCRB,2023Fall,4.53,3.78,29,1
204006,SCRB 195,SCRB,2024Fall,4.31,4.77,17,1
204010,HEB 1410,HEB,2023Fall,4.38,4.71,16,1
204010,HEB 114,HEB,2024Fall,5.0,5.2,11,1
204031,TDM 143,TDM,2022Fall,4.8,0.86,53,1
204031,TDM 143,TDM,2023Fall,4.86,1.72,47,1
204040,CLASPHIL 285,CLASPHIL,2024Fall,4.83,5.33,7,1
204095,MATH ESPA,MATH,2022Fall,4.67,0.55,20,1
204110,WSTAFRCN AA,WSTAFRCN,2022Fall,4.14,2.77,28,2
204110,WSTAFRCN AA,WSTAFRCN,2023Fall,5.0,2.67,17,1
204172,SOCIOL 1144,SOCIOL,2023Spring,4.04,3.71,87,1
204172,SOCIOL 1144,SOCIOL,2024Spring,4.3,4.11,22,1
204358,SCRB 197,SCRB,2023Fall,4.62,4.83,19,3
204358,SCRB 197,SCRB,2024Fall,4.64,4.55,52,3
204369,PSY 2070,PSY,2022Fall,4.86,3.56,23,1
204396,BCMP 250,BCMP,2023Spring,3.62,5.4,32,4
204396,BCMP 250,BCMP,2024Spring,3.6,5.27,27,5
204396,BCMP 250,BCMP,2025Spring,3.31,4.5,24,5
204416,GENED 1089,GENED,2022Fall,4.6,3.21,124,1
204416,GENED 1089,GENED,2024Fall,4.4,5.43,176,1
204418,MUSIC 20,MUSIC,2023Spring,4.57,2.97,37,1
204418,MUSIC 20,MUSIC,2024Spring,4.52,3.89,59,1
204421,ECON 1036,ECON,2023Spring,2.8,4.6,6,1
204433,ECON 1078,ECON,2023Spring,4.8,4.0,9,1
204433,ECON 1078,ECON,2023Fall,4.2,4.1,12,1
204470,BE 128,BE,2024Spring,4.45,6.1,16,1
204471,ENG-SCI 26,ENG-SCI,2025Spring,3.92,3.38,34,1
204480,SYSBIO 220,SYSBIO,2023Spring,2.0,7.4,10,2
204539,GOV 2312,GOV,2023Spring,4.67,4.6,9,1
204928,FRSEMR 61F,FRSEMR,2022Fall,4.67,1.4,6,1
204955,APPHY 296,APPHY,2022Fall,5.0,12.2,9,1
204955,APPHY 296,APPHY,2023Fall,4.85,8.1,18,1
204955,APPHY 296,APPHY,2025Spring,4.77,8.16,43,1
204958,GOV 1759,GOV,2023Spring,4.41,2.65,530,1
204958,GOV 1759,GOV,2024Spring,4.38,2.55,706,1
204958,GOV 1759,GOV,2025Spring,4.33,3.16,476,1
204959,GOV 1290,GOV,2022Fall,4.55,5.88,75,1
204959,GOV 1290,GOV,2025Spring,4.71,7.24,81,1
204964,COMPSCI 191,COMPSCI,2023Spring,4.28,3.94,74,1
204964,COMPSCI 191,COMPSCI,2024Spring,4.38,3.45,104,1
204964,COMPSCI 1910,COMPSCI,2025Spring,4.65,4.16,104,1
204965,ANTHRO 1450,ANTHRO,2022Fall,4.4,5.33,13,1
204966,GENED 1023,GENED,2023Spring,3.32,3.92,122,1
204966,GENED 1023,GENED,2024Spring,4.0,3.89,34,1
204967,MUSIC 97F,MUSIC,2023Fall,4.83,5.0,6,1
204967,MUSIC 97F,MUSIC,2024Fall,3.4,6.0,6,1
204972,COMPSCI 126,COMPSCI,2022Fall,3.87,11.93,20,1
204972,COMPSCI 126,COMPSCI,2023Fall,4.33,12.0,12,1
204972,COMPSCI 1260,COMPSCI,2024Fall,3.25,11.13,21,1
204975,MUSIC 97S,MUSIC,2025Spring,3.13,4.75,10,1
204984,JAPNLIT 260,JAPNLIT,2024Spring,5.0,8.71,9,1
204985,JAPNLIT 170,JAPNLIT,2023Fall,5.0,3.58,25,1
204987,HIST 97L,HIST,2023Spring,3.17,6.67,8,1
204989,OEB 58,OEB,2022Fall,4.64,4.86,16,2
204989,OEB 58,OEB,2023Fall,4.25,4.85,25,2
204991,EAFM 151,EAFM,2023Fall,4.75,4.79,28,1
205015,SLAVIC 189,SLAVIC,2023Spring,4.67,5.0,7,1
205023,TDM 90AR,TDM,2022Fall,4.8,2.0,8,1
205023,TDM 90AR,TDM,2023Fall,4.33,5.44,12,2
205023,TDM 90AR,TDM,2024Fall,2.75,7.0,11,1
205031,TDM 90BR,TDM,2023Spring,4.8,6.8,10,2
205031,TDM 90BR,TDM,2024Spring,2.33,3.8,11,3
205031,TDM 90BR,TDM,2025Spring,3.17,11.6,18,2
205039,SOCIOL 1130,SOCIOL,2023Spring,4.92,4.46,14,1
205045,COMPLIT 166,COMPLIT,2024Spring,3.59,3.25,34,1
205046,COMPLIT 296,COMPLIT,2023Spring,4.6,8.25,12,2
205060,PHIL 178Z,PHIL,2023Spring,4.71,4.35,33,1
205060,PHIL 178Z,PHIL,2023Fall,4.54,4.28,44,1
205060,PHIL 178Z,PHIL,2025Spring,4.89,4.92,40,1
205076,HIST 1908,HIST,2025Spring,4.5,10.0,26,2
205079,GENED 1015,GENED,2024Spring,3.81,3.51,92,1
205086,SLAVIC 175,SLAVIC,2023Fall,4.5,4.8,7,1
205088,GENED 1044,GENED,2022Fall,4.07,5.54,47,2
205088,GENED 1044,GENED,2024Fall,4.3,5.91,36,2
205105,NEURO 120,NEURO,2022Fall,4.15,7.09,15,1
205105,NEURO 120,NEURO,2024Spring,4.64,4.82,15,1
205105,NEURO 120,NEURO,2025Spring,4.73,5.7,18,1
205109,GOV 2749,GOV,2025Spring,5.0,10.33,9,1
205111,LING 73C,LING,2022Fall,4.67,3.13,9,1
205111,LING 73C,LING,2024Fall,4.17,3.67,12,1
205113,HIST 1610,HIST,2023Spring,4.07,5.26,34,1
205122,HAA 292,HAA,2023Spring,4.75,7.5,8,1
205124,LING 73D,LING,2023Spring,5.0,4.0,9,1
205124,LING 73D,LING,2024Spring,5.0,3.0,7,1
205124,LING 73D,LING,2025Spring,3.67,3.83,8,1
205147,ENGLISH CAJR,ENGLISH,2022Fall,4.71,4.86,10,1
205151,ENGLISH CIHR,ENGLISH,2024Fall,5.0,7.29,12,1
205152,ENGLISH 110FF,ENGLISH,2023Spring,4.58,3.92,17,1
205152,ENGLISH 110FF,ENGLISH,2025Spring,4.33,5.09,18,1
205158,MBB 980P,MBB,2022Fall,5.0,3.09,13,1
205158,MBB 980P,MBB,2023Fall,4.83,2.73,15,1
205158,MBB 980P,MBB,2024Fall,4.83,5.17,15,1
205161,FRENCH 86,FRENCH,2023Fall,4.84,6.25,23,1
205164,SPANSH 81,SPANSH,2023Spring,4.53,4.67,19,1
205164,SPANSH 81,SPANSH,2023Fall,4.64,4.22,15,1
205177,FRSEMR 50V,FRSEMR,2022Fall,4.92,1.82,13,1
205179,FYSEMR 70Z,FYSEMR,2023Fall,4.77,2.69,15,1
205179,FYSEMR 70Z,FYSEMR,2024Fall,4.91,3.64,14,1
205180,FYSEMR 71C,FYSEMR,2024Spring,4.8,3.22,13,1
205180,FYSEMR 71C,FYSEMR,2025Spring,4.22,3.22,12,1
205181,FRSEMR 61U,FRSEMR,2022Fall,4.73,3.91,12,1
205183,AFVS 215,AFVS,2024Spring,4.83,8.2,10,2
205184,ANTHRO 99A,ANTHRO,2022Fall,4.57,7.25,19,1
205185,ANTHRO 99B,ANTHRO,2023Spring,4.06,9.73,19,1
205185,ANTHRO 99B,ANTHRO,2025Spring,5.0,11.0,6,1
205193,E-PSCI 120,E-PSCI,2022Fall,4.3,6.3,14,1
205193,E-PSCI 120,E-PSCI,2024Spring,5.0,2.6,5,1
205194,E-PSCI 139,E-PSCI,2024Spring,4.0,4.17,8,1
205205,SOCIOL 1157,SOCIOL,2024Spring,4.67,7.17,6,1
205213,STAT 234,STAT,2024Spring,4.44,6.2,22,1
205213,STAT 234,STAT,2025Spring,4.08,5.27,25,1
205241,AFVS 155,AFVS,2023Spring,5.0,9.88,10,1
205241,AFVS 155,AFVS,2024Spring,5.0,9.0,10,1
205257,HIST 1001,HIST,2024Fall,4.56,6.26,38,1
205259,HISTSCI 1228,HISTSCI,2023Spring,4.7,6.3,11,1
205260,ROM-STD 201,ROM-STD,2022Fall,4.13,8.29,11,2
205260,ROM-STD 201,ROM-STD,2023Fall,4.29,10.14,13,2
205260,ROM-STD 201,ROM-STD,2024Fall,4.17,9.58,18,2
205265,GOV 94RG,GOV,2023Fall,4.86,5.14,12,1
205269,ENGLISH 290MH,ENGLISH,2023Spring,4.22,5.86,22,2
205269,ENGLISH 290MH,ENGLISH,2024Spring,4.57,6.33,9,1
205269,ENGLISH 290MH,ENGLISH,2025Spring,4.5,6.44,21,2
205281,KORLIT 134,KORLIT,2022Fall,4.38,7.13,9,1
205290,ARABIC 152,ARABIC,2022Fall,4.6,8.4,6,1
205290,ARABIC 152R,ARABIC,2024Spring,4.8,4.4,5,1
205295,NEUROBIO 215A,NEUROBIO,2022Fall,4.25,8.38,27,11
205295,NEUROBIO 215A,NEUROBIO,2023Fall,3.0,9.88,30,10
205295,NEUROBIO 215A,NEUROBIO,2024Fall,3.07,8.79,28,11
205339,FRSEMR 50Y,FRSEMR,2022Fall,3.55,4.45,12,1
205350,PHIL 107,PHIL,2024Fall,5.0,9.0,8,1
205358,TDM 119B,TDM,2023Spring,4.75,2.13,14,1
205358,TDM 119B,TDM,2024Spring,4.5,4.38,11,1
205358,TDM 119B,TDM,2025Spring,4.67,3.5,12,1
205365,TDM 194,TDM,2023Fall,5.0,3.91,15,2
205382,HISTSCI 2226,HISTSCI,2025Spring,5.0,6.56,11,1
205383,SPANSH 61PH,SPANSH,2023Spring,4.88,4.17,13,1
205383,SPANSH 61PH,SPANSH,2024Spring,4.33,4.5,11,1
205383,SPANSH 61PH,SPANSH,2025Spring,4.5,4.17,9,1
205397,ANE 227,ANE,2023Spring,5.0,4.5,8,1
205401,HAA 56G,HAA,2024Fall,4.67,5.41,24,1
205410,AFVS 63,AFVS,2023Fall,4.71,4.43,11,1
205411,AFVS 165V,AFVS,2022Fall,4.5,4.67,10,1
205412,GENED 1080,GENED,2022Fall,4.06,3.87,91,1
205412,GENED 1080,GENED,2023Fall,4.47,3.84,78,1
205412,GENED 1080,GENED,2024Fall,4.73,5.34,69,1
205416,ASTRON 315,ASTRON,2023Spring,4.83,1.67,11,1
205489,WOMGEN 1217,WOMGEN,2022Fall,4.31,3.92,14,1
205489,WOMGEN 1217,WOMGEN,2023Fall,4.75,4.08,15,1
205489,WOMGEN 1217,WOMGEN,2024Fall,4.78,4.67,12,1
205490,HEB 1328,HEB,2022Fall,4.58,5.19,43,1
205490,HEB 1328,HEB,2024Spring,4.59,3.37,27,1
205494,ANTHRO 98A,ANTHRO,2022Fall,4.08,2.69,18,1
205494,ANTHRO 98A,ANTHRO,2023Fall,4.2,3.83,18,1
205494,ANTHRO 98A,ANTHRO,2024Fall,4.5,4.5,15,1
205519,ASTRON 5,ASTRON,2023Spring,4.72,2.74,27,1
205519,ASTRON 5,ASTRON,2024Spring,4.68,2.16,25,1
205519,ASTRON 5,ASTRON,2025Spring,4.93,2.79,25,1
205522,ANTHRO 98B,ANTHRO,2023Spring,5.0,4.71,8,1
205522,ANTHRO 98B,ANTHRO,2024Spring,4.67,4.25,13,1
205522,ANTHRO 98B,ANTHRO,2025Spring,4.18,5.64,13,1
205523,ECON 2115,ECON,2023Spring,3.0,7.53,30,1
205523,ECON 2115,ECON,2024Spring,4.0,9.05,33,1
205523,ECON 2115,ECON,2025Spring,2.71,6.57,27,1
205527,SLAVIC 154,SLAVIC,2022Fall,4.76,4.79,36,1
205527,SLAVIC 154,SLAVIC,2024Fall,4.43,7.03,50,1
205632,TDM CKR,TDM,2023Fall,4.75,5.14,11,1
205831,AFRIKAAN AB,AFRIKAAN,2023Spring,5.0,3.2,29,1
205831,AFRIKAAN AB,AFRIKAAN,2024Spring,5.0,4.0,7,1
205831,AFRIKAAN AB,AFRIKAAN,2025Spring,4.89,4.0,10,1
205834,AFRAMER 192Y,AFRAMER,2023Spring,4.57,3.14,11,1
205842,WSTAFRCN AB,WSTAFRCN,2023Spring,4.5,1.91,27,1
205842,WSTAFRCN AB,WSTAFRCN,2024Spring,5.0,2.27,18,2
205844,JAMAICAN AB,JAMAICAN,2024Spring,5.0,2.5,9,1
205845,AMHARIC 101AR,AMHARIC,2024Fall,4.75,2.67,6,1
205849,ZULU AB,ZULU,2023Spring,4.63,3.42,48,1
205849,ZULU AB,ZULU,2024Spring,4.93,2.21,29,1
205849,ZULU AB,ZULU,2025Spring,5.0,3.75,34,1
205853,AMHARIC BA,AMHARIC,2022Fall,5.0,2.33,8,1
205854,IGBO AB,IGBO,2023Spring,4.63,2.71,9,1
205854,IGBO AB,IGBO,2024Spring,4.5,2.5,10,1
205854,IGBO AB,IGBO,2025Spring,4.33,6.0,9,1
205859,HAITIAN AB,HAITIAN,2023Spring,3.6,2.25,10,1
205859,HAITIAN AB,HAITIAN,2024Spring,4.83,1.67,6,1
205860,IGBO BA,IGBO,2022Fall,4.0,4.25,7,1
205871,WSTAFRCN BB,WSTAFRCN,2023Spring,4.8,3.8,5,1
205873,AFRAMER 132Z,AFRAMER,2025Spring,4.78,6.0,10,1
206575,OROMO AA,OROMO,2023Fall,3.8,2.8,8,1
206579,OROMO AB,OROMO,2024Spring,4.6,3.0,7,1
206597,GULLAH AA,GULLAH,2022Fall,4.5,5.0,17,1
206598,GULLAH AB,GULLAH,2023Spring,5.0,3.0,13,1
206814,GOV 2071,GOV,2022Fall,4.57,4.43,10,1
206892,MUSIC 143R,MUSIC,2023Spring,3.63,4.38,9,1
206892,MUSIC 143R,MUSIC,2025Spring,4.0,6.4,12,1
206979,HIST 2006,HIST,2025Spring,4.9,10.38,16,1
207005,PHYSICS 19,PHYSICS,2022Fall,4.52,8.2,69,1
207005,PHYSICS 19,PHYSICS,2023Fall,4.16,8.23,52,4
207005,PHYSICS 19,PHYSICS,2024Fall,4.67,9.13,33,3
207010,HIST 13T,HIST,2024Fall,4.57,5.67,16,1
207090,MBB 980R,MBB,2022Fall,5.0,2.62,15,2
207091,MBB 980S,MBB,2022Fall,4.85,3.92,15,2
207091,MBB 980S,MBB,2024Fall,4.5,5.7,14,1
207092,MBB 980T,MBB,2024Spring,4.45,2.22,15,1
207092,MBB 980T,MBB,2025Spring,4.3,2.6,15,1
207093,APCOMP 221,APCOMP,2023Spring,3.97,5.65,70,1
207093,APCOMP 221,APCOMP,2024Spring,3.8,4.21,79,2
207093,APCOMP 221,APCOMP,2025Spring,4.06,4.3,85,3
207100,NEUROBIO 215B,NEUROBIO,2023Spring,3.83,7.0,25,3
207100,NEUROBIO 215B,NEUROBIO,2024Spring,3.55,8.3,30,2
207100,NEUROBIO 215B,NEUROBIO,2025Spring,3.36,7.36,26,2
207118,SOCIOL 90I,SOCIOL,2022Fall,4.6,8.4,6,1
207167,ISLAMCIV 181,ISLAMCIV,2025Spring,4.83,5.08,12,1
207170,ECON 1015,ECON,2024Spring,4.23,3.54,75,1
207170,ECON 1015,ECON,2025Spring,4.11,4.17,30,1
207476,NEURO 80,NEURO,2022Fall,4.3,6.02,215,2
207476,NEURO 80,NEURO,2023Fall,4.12,5.87,264,2
207476,NEURO 80,NEURO,2024Fall,4.25,7.19,267,1
207479,JAPNLIT 281,JAPNLIT,2023Fall,5.0,7.14,8,1
207485,MATH 22A,MATH,2022Fall,4.38,9.19,221,1
207485,MATH 22A,MATH,2023Fall,3.4,8.96,226,1
207485,MATH 22A,MATH,2024Fall,2.85,8.83,190,1
207486,MATH 22B,MATH,2023Spring,4.73,7.49,91,1
207486,MATH 22B,MATH,2024Spring,3.9,11.18,89,1
207486,MATH 22B,MATH,2025Spring,3.43,6.73,70,1
207494,CHNSE 140XA,CHNSE,2022Fall,5.0,6.0,8,1
207494,CHNSE 140XA,CHNSE,2023Fall,4.83,4.45,12,1
207494,CHNSE 140XA,CHNSE,2024Fall,5.0,5.67,7,1
207495,CHNSE 140XB,CHNSE,2025Spring,4.83,8.0,6,1
207500,MATH 141A,MATH,2024Fall,4.28,7.28,25,2
207507,FRSEMR 71G,FYSEMR,2022Fall,4.1,3.0,12,1
207507,FYSEMR 71G,FYSEMR,2023Fall,4.33,3.0,10,1
207507,FYSEMR 71G,FYSEMR,2024Fall,4.89,3.11,12,1
207514,FYSEMR 51C,FYSEMR,2023Fall,4.7,1.3,10,1
207514,FYSEMR 51C,FYSEMR,2024Fall,4.38,2.14,12,1
207519,HIST 97M,HIST,2023Spring,4.25,7.92,16,1
207523,HIST 1006,HIST,2022Fall,4.74,4.38,33,2
207525,HIST 1939,HIST,2023Fall,5.0,4.75,15,1
207528,NEURO 105,MCB,2023Spring,4.19,4.8,44,1
207528,NEURO 105,MCB,2024Spring,3.81,3.97,49,1
207528,MCB 105,MCB,2025Spring,4.0,5.57,33,2
207530,NEURO 115,MCB,2023Spring,4.58,6.42,16,2
207530,NEURO 115,MCB,2024Spring,4.7,6.61,25,2
207530,MCB 115,MCB,2025Spring,4.77,6.69,24,2
207531,HIST 1902,HIST,2022Fall,4.91,6.27,15,1
207531,HIST 1902,HIST,2023Fall,4.88,4.57,12,1
207531,HIST 2902,HIST,2024Fall,4.82,8.6,13,1
207532,HIST 1018,HIST,2024Spring,4.28,3.53,90,1
207533,NEURO 125,MCB,2023Spring,4.14,6.52,115,1
207533,MCB 125,MCB,2025Spring,4.27,6.37,150,1
207534,NEURO 57,NEURO,2023Spring,4.0,3.7,62,3
207534,NEURO 57,NEURO,2024Spring,4.05,4.51,63,3
207555,ENGLISH 185E,ENGLISH,2022Fall,4.66,3.95,84,1
207555,ENGLISH 185E,ENGLISH,2024Spring,4.58,3.4,69,1
207555,ENGLISH 185E,ENGLISH,2025Spring,4.68,4.03,107,1
207566,SLAVIC 132,SLAVIC,2023Spring,4.62,4.75,35,1
207566,SLAVIC 132,SLAVIC,2024Fall,4.59,5.47,18,1
207568,PSY 2442R,PSY,2022Fall,4.5,5.5,9,1
207568,PSY 2442R,PSY,2023Spring,5.0,6.33,10,1
207571,TDM 109,TDM,2022Fall,4.3,4.7,12,1
207571,TDM 109,TDM,2023Fall,4.5,5.5,12,1
207571,TDM 109,TDM,2024Fall,5.0,6.43,12,1
207573,PSY 1309,PSY,2022Fall,4.38,3.58,22,1
207574,COMPLIT 107,COMPLIT,2022Fall,4.7,3.0,11,1
207574,COMPLIT 107,COMPLIT,2023Fall,5.0,4.43,10,1
207581,PSY 980JL,PSY,2023Spring,4.86,3.29,15,2
207581,PSY 980JL,PSY,2024Spring,4.83,2.75,15,2
207581,PSY 980JL,PSY,2025Spring,5.0,2.78,12,2
207592,ENGLISH 210Q,ENGLISH,2022Fall,4.67,8.33,7,1
207592,ENGLISH 210Q,ENGLISH,2025Spring,4.83,6.5,10,1
207597,ENG-SCI 152,ENG-SCI,2022Fall,4.5,14.4,16,1
207597,ENG-SCI 152,ENG-SCI,2023Fall,4.77,15.92,18,1
207597,ENG-SCI 152,ENG-SCI,2024Fall,4.54,15.38,22,1
207599,SOCIOL 2175,SOCIOL,2023Fall,4.71,9.0,9,1
207614,ENG-SCI 297,ENG-SCI,2022Fall,4.46,4.08,17,2
207614,ENG-SCI 297,ENG-SCI,2023Spring,4.58,4.09,19,2
207614,ENG-SCI 297,ENG-SCI,2023Fall,4.87,5.57,17,1
207614,ENG-SCI 297,ENG-SCI,2024Spring,4.3,4.11,18,1
207614,ENG-SCI 297,ENG-SCI,2024Fall,4.55,4.18,18,2
207614,ENG-SCI 297,ENG-SCI,2025Spring,4.89,5.33,17,2
207615,NEURO 101LA,NEURO,2022Fall,4.22,2.5,12,3
207615,NEURO 101LA,NEURO,2023Fall,4.71,3.14,11,3
207615,NEURO 101L,NEURO,2025Spring,4.83,3.0,14,3
207616,NEURO 101LB,NEURO,2023Spring,4.44,2.56,12,1
207616,NEURO 101LB,NEURO,2024Spring,4.88,2.75,11,3
207617,HISTSCI 1833,HISTSCI,2023Fall,4.0,4.09,14,1
207618,ECON 1746,ECON,2023Spring,4.57,4.52,99,1
207618,ECON 1746,ECON,2024Spring,4.43,4.3,127,1
207622,E-PSCI 220,E-PSCI,2022Fall,4.3,6.3,14,1
207622,E-PSCI 220,E-PSCI,2024Spring,5.0,2.6,5,1
207625,E-PSCI 248,E-PSCI,2025Spring,4.86,5.33,10,1
207626,ENG-SCI 155,ENG-SCI,2022Fall,4.1,8.55,29,1
207626,ENG-SCI 155,ENG-SCI,2023Fall,4.27,8.65,31,1
207626,ENG-SCI 155,ENG-SCI,2024Fall,3.9,9.63,34,1
207630,SOCIOL 1148,SOCIOL,2025Spring,5.0,3.57,13,1
207633,ENGLISH CNSR,ENGLISH,2022Fall,5.0,7.5,12,1
207633,ENGLISH CNSR,ENGLISH,2024Fall,4.8,7.0,11,1
207641,ECON 2360,ECON,2023Fall,4.73,12.56,14,1
207641,ECON 2360,ECON,2024Fall,4.43,7.33,10,1
207645,NEURO 140,NEURO,2023Spring,4.2,5.64,58,1
207645,NEURO 140,NEURO,2024Spring,4.26,4.8,77,1
207645,NEURO 140,NEURO,2025Spring,4.13,4.94,142,1
207658,HAA 194M,HAA,2023Spring,4.25,3.5,14,1
207669,HAA 127M,HAA,2024Fall,4.94,6.93,19,1
207672,HAA 286S,HAA,2022Fall,4.67,6.5,10,1
207673,HAA 265R,HAA,2023Spring,4.6,8.8,10,1
207680,CHEM 156,CHEM,2023Fall,4.44,4.77,33,1
207681,PSY 980JO,PSY,2023Spring,4.8,3.0,6,2
207681,PSY 980JO,PSY,2024Spring,4.71,5.33,11,2
207690,HAA 92R,HAA,2023Fall,4.8,12.8,5,1
207701,LING 241B,LING,2023Spring,4.6,3.25,6,1
207703,STAT 195,STAT,2024Spring,3.74,7.57,34,1
207703,STAT 195,STAT,2025Spring,4.0,8.48,32,1
207711,GOV 1433,GOV,2022Fall,4.07,3.93,43,1
207711,GOV 1433,GOV,2023Fall,4.22,4.37,33,2
207711,GOV 1433,GOV,2024Fall,3.76,4.43,47,1
207715,GOV 2102,GOV,2024Fall,5.0,8.8,12,2
207717,GOV 2014,GOV,2024Spring,4.0,7.0,15,2
207723,GOV 94CT,GOV,2022Fall,4.1,7.6,15,1
207723,GOV 94CT,GOV,2025Spring,4.5,6.0,12,1
207727,CELTIC 111,CELTIC,2022Fall,4.91,1.7,17,1
207729,GOV 3003A,GOV,2024Fall,5.0,2.0,58,1
207731,NEURO 231,NEURO,2024Spring,4.12,9.41,21,1
207732,NEURO 1401,NEURO,2024Spring,4.0,5.0,22,1
207735,HAA 17K,HAA,2023Fall,3.88,3.52,50,1
207735,HAA 17K,HAA,2024Fall,3.77,3.54,17,1
207740,HAA 278K,HAA,2024Fall,4.73,5.36,12,1
207741,ENGLISH 90B,ENGLISH,2024Spring,5.0,7.53,24,1
207743,HAA 197P,HAA,2023Fall,4.85,2.38,26,1
207743,HAA 197P,HAA,2024Fall,4.57,4.67,20,1
207763,FRSEMR 62I,FRSEMR,2022Fall,4.71,2.2,9,1
207770,NEURO 170,MCB,2023Spring,4.5,5.0,17,1
207770,NEURO 170,MCB,2024Spring,4.92,4.82,17,1
207770,MCB 170,MCB,2025Spring,4.07,6.33,18,1
207772,MCB 143,MCB,2024Spring,4.74,3.84,21,1
207773,NEURO 143,NEURO,2024Spring,4.74,3.84,21,1
207776,FRSEMR 51M,FYSEMR,2022Fall,4.88,3.29,10,1
207776,FYSEMR 51M,FYSEMR,2023Fall,4.44,3.33,10,1
207776,FYSEMR 51M,FYSEMR,2024Fall,4.88,2.5,10,1
207777,FRSEMR 71O,FYSEMR,2023Spring,5.0,2.78,12,1
207777,FYSEMR 71O,FYSEMR,2024Spring,4.42,3.45,13,1
207780,GOV 1021,GOV,2022Fall,3.88,5.47,23,1
207786,WOMGEN 1274,WOMGEN,2023Spring,4.57,3.67,20,1
207786,WOMGEN 1274,WOMGEN,2025Spring,4.5,3.75,14,1
207799,FRSEMR 51H,FRSEMR,2022Fall,4.22,1.78,11,1
207804,EMR 131,WOMGEN,2022Fall,4.55,7.0,14,1
207804,WOMGEN 1283,WOMGEN,2025Spring,4.57,6.0,15,1
207810,FRSEMR 62L,FRSEMR,2022Fall,4.17,4.0,8,1
207815,FYSEMR 71K,FYSEMR,2023Fall,4.6,5.64,12,1
207817,FRSEMR 71M,FRSEMR,2023Spring,4.73,1.73,13,1
207819,TDM 164H,TDM,2022Fall,4.57,5.86,12,1
207824,PSY 980JT,PSY,2023Spring,4.63,3.38,14,2
207834,FRSEMR 51F,FRSEMR,2022Fall,3.64,3.1,11,1
207836,SPANSH 72,SPANSH,2022Fall,4.94,3.63,19,1
207836,SPANSH 72,SPANSH,2024Fall,4.68,5.56,22,1
207847,HIST-LIT 90DH,HIST-LIT,2024Spring,4.83,4.4,10,1
207862,COMPSCI 229BR,COMPSCI,2022Fall,4.09,8.82,13,1
207862,COMPSCI 229BR,COMPSCI,2023Spring,4.0,4.42,42,1
207862,COMPSCI 2281R,COMPSCI,2024Fall,4.03,5.41,66,1
207863,HLTHPOL 3040,HLTHPOL,2023Spring,4.5,1.0,26,2
207864,HLTHPOL 3002,HLTHPOL,2023Spring,4.33,2.83,8,2
207917,GENED 1083,GENED,2023Spring,4.25,4.11,24,2
207917,GENED 1083,GENED,2024Spring,3.83,3.71,25,2
207920,GOV 93B,GOV,2022Fall,4.0,4.8,8,1
207920,GOV 93B,GOV,2023Fall,4.5,4.43,8,2
207940,ECON 2416,ECON,2022Fall,4.75,8.86,8,1
207940,ECON 2416,ECON,2023Fall,3.86,12.0,9,1
207940,ECON 2416,ECON,2024Spring,4.14,8.0,9,1
207940,ECON 2416,ECON,2024Fall,4.6,8.33,5,1
207950,ITAL 138,ITAL,2023Spring,4.8,5.5,14,1
207950,ITAL 138,ITAL,2023Fall,4.95,4.45,24,1
207950,ITAL 138,ITAL,2025Spring,4.74,4.91,42,1
207984,GOV 1783,GOV,2022Fall,4.3,5.6,15,1
207984,GOV 1783,GOV,2023Fall,4.2,6.8,16,1
207984,GOV 1783,GOV,2024Fall,4.57,6.43,10,1
208004,ENG-SCI 280,ENG-SCI,2022Fall,1.83,3.8,27,2
208004,ENG-SCI 280,ENG-SCI,2023Fall,3.73,2.82,25,2
208004,ENG-SCI 280,ENG-SCI,2024Fall,1.69,1.83,29,2
208013,IMMUN 315QC,IMMUN,2022Fall,4.71,2.57,8,1
208016,BMIF 201,BMIF,2022Fall,2.42,6.92,20,4
208016,BMIF 201,BMIF,2023Fall,4.33,7.08,21,4
208016,BMIF 201,BMIF,2024Fall,3.78,10.25,25,3
208019,LING 90A,LING,2023Fall,4.0,1.8,7,1
208019,LING 90A,LING,2024Fall,4.5,7.0,9,1
208031,RSEA 350,RSEA,2022Fall,4.07,3.91,25,1
208031,RSEA 350,RSEA,2023Fall,4.4,3.23,24,2
208031,RSEA 350,RSEA,2024Fall,3.83,3.29,20,2
208045,ENG-SCI 105HFR,ENG-SCI,2022Fall,4.59,3.18,25,1
208045,ENG-SCI 105HFR,ENG-SCI,2023Spring,4.58,3.38,27,1
208045,ENG-SCI 105HFR,ENG-SCI,2023Fall,4.73,5.27,28,1
208045,ENG-SCI 105HFR,ENG-SCI,2024Spring,4.38,4.33,30,1
208045,ENG-SCI 105HFR,ENG-SCI,2024Fall,4.06,6.38,23,1
208045,ENG-SCI 105HFR,ENG-SCI,2025Spring,4.07,5.5,25,1
208060,MUSIC 195RS,MUSIC,2023Fall,4.43,4.0,12,1
208060,MUSIC 195AS,MUSIC,2024Fall,4.5,4.0,9,1
208113,ESPP 90G,ESPP,2022Fall,4.6,4.47,17,1
208113,ESPP 90G,ESPP,2023Fall,4.67,4.07,18,1
208113,ESPP 90G,ESPP,2024Fall,4.56,6.1,11,1
208114,EMR 133,EMR,2023Fall,4.64,5.0,13,1
208135,SLAVIC 114,SLAVIC,2023Spring,4.67,3.17,12,1
208154,ANTHRO 1900,ANTHRO,2023Spring,4.54,4.92,19,1
208314,COMPSCI 145,COMPSCI,2023Spring,3.57,9.25,28,1
208314,COMPSCI 145,COMPSCI,2024Spring,4.0,8.13,26,1
208314,COMPSCI 1450,COMPSCI,2025Spring,3.5,10.0,14,1
208317,HISTSCI 1887,HISTSCI,2025Spring,4.63,4.5,13,1
208364,ECON 50,ECON,2023Spring,4.21,4.16,489,2
208364,ECON 50,ECON,2024Spring,4.28,4.49,421,2
210859,ECON 2912,ECON,2022Fall,5.0,0,16,5
210859,ECON 2912,ECON,2023Fall,5.0,2.0,16,4
210860,ECON 2907,ECON,2022Fall,5.0,4.0,20,2
210860,ECON 2907,ECON,2023Fall,5.0,2.0,8,1
210888,PERSIAN 108,PERSIAN,2023Fall,5.0,4.4,7,1
210888,PERSIAN 108,PERSIAN,2024Fall,5.0,5.5,11,1
211109,ANTHRO 2738,ANTHRO,2023Spring,4.67,8.4,10,1
211120,SPANSH 88,SPANSH,2024Fall,4.73,5.36,14,1
211175,STAT 236,STAT,2023Fall,4.62,4.7,30,1
211175,STAT 236,STAT,2024Fall,4.44,3.54,58,1
211177,OEB 207,OEB,2025Spring,3.67,3.33,17,1
211184,TDM 165H,TDM,2023Spring,4.29,5.43,8,1
211184,TDM 165H,TDM,2025Spring,4.6,4.75,6,1
211196,LING 90B,LING,2024Spring,4.0,1.8,7,1
211196,LING 90B,LING,2025Spring,2.5,3.0,6,2
211197,HAA 279P,HAA,2023Spring,4.73,4.1,15,2
211197,HAA 279P,HAA,2024Spring,5.0,4.4,16,2
211197,HAA 279P,HAA,2025Spring,4.75,3.25,15,2
211204,ECON 1436,ECON,2023Fall,4.22,3.72,69,1
211228,RELIGION 1084,RELIGION,2022Fall,5.0,7.0,7,1
211332,ECON 2906,ECON,2022Fall,4.4,1.33,14,4
211334,APMTH 22A,APMTH,2022Fall,3.44,7.55,49,1
211334,APMTH 22A,APMTH,2023Fall,3.37,6.77,37,1
211334,APMTH 22A,APMTH,2024Fall,3.77,8.69,42,1
211336,COMPSCI 229CR,COMPSCI,2023Spring,4.63,13.37,20,1
211349,COMPSCI 271,COMPSCI,2024Spring,3.71,6.5,30,1
211359,BE 129,BE,2023Spring,4.33,6.0,17,1
211359,BE 129,BE,2024Spring,4.33,5.67,18,1
211392,ECON 1042,ECON,2023Spring,3.89,4.61,102,1
211392,ECON 1042,ECON,2024Spring,4.15,4.43,54,1
211392,ECON 1042,ECON,2025Spring,4.61,4.16,71,1
211395,COMPSCI 2080,COMPSCI,2025Spring,3.75,8.42,90,3
212563,EASTD 196,EASTD,2024Spring,4.88,5.0,10,1
212568,ECON 980MM,ECON,2024Spring,4.67,4.5,18,1
212568,ECON 980MM,ECON,2025Spring,4.71,4.5,18,1
212570,ENGLISH 276LR,ENGLISH,2023Spring,4.78,7.78,14,1
212603,GOV 1199,GOV,2023Spring,4.6,6.14,28,1
212603,GOV 1199,GOV,2024Spring,4.65,5.55,26,1
212641,CHNSLIT 235,CHNSLIT,2024Spring,4.58,7.5,15,1
212642,CHNSLIT 134,CHNSLIT,2023Spring,4.87,4.8,20,1
212642,CHNSLIT 134,CHNSLIT,2024Spring,4.67,3.17,17,1
212643,CHNSLIT 236,CHNSLIT,2023Spring,4.78,9.78,12,1
212646,EASTD 261,EASTD,2025Spring,4.17,6.8,8,2
212653,HIST 1921,HIST,2024Spring,4.29,3.57,8,1
212653,HIST 1921,HIST,2024Fall,4.8,4.5,11,1
212656,HIST 1919,HIST,2024Fall,4.88,4.29,15,1
212665,HIST 1009,HIST,2024Spring,4.48,5.05,40,1
212669,HIST 1002,HIST,2023Spring,4.33,4.82,17,1
212671,HIST 1056,HIST,2023Fall,4.5,2.95,28,1
212671,HIST 1056,HIST,2024Fall,4.76,3.5,31,1
212673,HIST 1903,HIST,2023Spring,4.4,6.1,14,1
212674,HIST 1945,HIST,2022Fall,4.89,5.33,14,1
212674,HIST 1945,HIST,2025Spring,4.69,7.62,17,1
212679,HIST 2955A,HIST,2024Fall,4.83,6.0,14,2
212680,HIST 2955B,HIST,2025Spring,4.4,8.4,14,2
212685,APPHY 286,APPHY,2022Fall,4.43,8.43,21,1
212685,APPHY 286,APPHY,2023Fall,4.19,10.88,42,1
212686,COMPSCI 243,COMPSCI,2022Fall,4.52,7.41,35,1
212686,COMPSCI 243,COMPSCI,2023Fall,4.19,7.84,42,1
212686,COMPSCI 2430,COMPSCI,2024Fall,4.12,7.36,26,1
212687,COMPSCI 249R,COMPSCI,2022Fall,4.35,7.5,24,1
212687,COMPSCI 249R,COMPSCI,2023Fall,3.76,5.63,33,1
212688,SCRB 111,SCRB,2022Fall,4.43,3.32,26,1
212688,SCRB 111,SCRB,2023Fall,4.71,4.24,20,1
212688,SCRB 111,SCRB,2024Fall,4.65,4.18,21,1
212689,HIST 1333,HIST,2023Spring,4.71,5.18,52,1
212689,HIST 1333,HIST,2025Spring,4.65,6.73,73,1
212697,FRSEMR 62U,FYSEMR,2022Fall,4.44,2.33,12,1
212697,FYSEMR 62U,FYSEMR,2023Fall,4.83,1.83,11,1
212698,FRSEMR 71R,FYSEMR,2022Fall,3.86,6.0,11,1
212698,FYSEMR 71R,FYSEMR,2024Spring,3.91,4.18,14,1
212711,COMPLIT 153,COMPLIT,2022Fall,4.76,4.79,36,1
212711,COMPLIT 153,COMPLIT,2024Fall,4.43,7.03,50,1
212712,COMPLIT 172,COMPLIT,2023Fall,4.67,11.5,6,1
212719,ENG-SCI 233,ENG-SCI,2022Fall,4.83,3.6,11,1
212720,COMPLIT 106,COMPLIT,2024Spring,4.5,3.0,9,1
212721,COMPLIT 108,COMPLIT,2023Spring,4.5,6.69,25,1
212724,COMPLIT 156,COMPLIT,2024Spring,4.5,1.88,62,1
212727,SOCIOL 1046,SOCIOL,2023Spring,4.61,4.52,35,1
212727,SOCIOL 1046,SOCIOL,2024Spring,4.35,3.55,51,1
212729,FRSEMR 62R,FRSEMR,2022Fall,4.63,4.38,10,1
212742,PSY 980AC,PSY,2022Fall,4.6,3.93,15,2
212742,PSY 980AC,PSY,2023Fall,4.43,3.14,10,2
212743,PSY 980AD,PSY,2022Fall,4.7,3.9,12,2
212743,PSY 980AD,PSY,2023Fall,4.63,2.86,13,2
212743,PSY 980AD,PSY,2024Fall,4.86,4.86,13,2
212748,PSY 1406,PSY,2023Spring,4.67,4.37,37,2
212748,PSY 1406,PSY,2024Spring,4.68,3.41,32,2
212749,PSY 1322,PSY,2023Spring,4.4,3.17,76,1
212749,PSY 1322,PSY,2024Spring,4.68,3.19,34,1
212749,PSY 1322,PSY,2025Spring,4.57,3.0,30,1
212761,ENGLISH 191C,ENGLISH,2023Fall,4.7,5.5,16,1
212765,GENED 1001,GENED,2023Fall,4.13,3.59,101,1
212765,GENED 1001,GENED,2025Spring,3.94,4.19,187,1
212769,FRSEMR 62Z,FYSEMR,2022Fall,4.17,2.5,8,1
212769,FYSEMR 62Z,FYSEMR,2023Fall,4.8,2.44,11,1
212769,FYSEMR 62Z,FYSEMR,2024Fall,5.0,4.43,10,1
212777,PSY 2341R,PSY,2023Fall,5.0,15.0,5,1
212784,FRSEMR 63E,FYSEMR,2023Spring,4.6,7.2,11,1
212784,FYSEMR 63E,FYSEMR,2024Fall,3.33,3.33,14,1
212785,FRSEMR 71Y,FYSEMR,2022Fall,4.67,2.11,9,1
212785,FYSEMR 71Y,FYSEMR,2023Fall,4.5,1.7,13,1
212785,FYSEMR 71Y,FYSEMR,2024Fall,4.88,2.0,12,1
212790,ENGLISH 90HN,ENGLISH,2024Fall,4.5,6.8,13,1
212793,ASTRON 22,ASTRON,2023Spring,3.53,4.21,21,1
212793,ASTRON 22,ASTRON,2024Spring,3.57,3.86,12,1
212794,ENGLISH 292PH,ENGLISH,2023Fall,4.38,4.0,14,1
212795,ENGLISH 280QL,ENGLISH,2023Spring,4.0,8.4,5,1
212802,TDM 129B,TDM,2024Spring,4.33,2.5,11,1
212807,HAA 170G,HAA,2022Fall,3.68,3.26,30,1
212807,HAA 170G,HAA,2023Fall,3.64,2.58,19,1
212807,HAA 170G,HAA,2024Fall,4.55,4.64,15,1
212820,LATIN 106C,LATIN,2023Spring,4.63,5.75,11,1
212821,HIST-LIT 90DR,HIST-LIT,2023Spring,4.92,4.75,20,1
212829,NEURO 129,NEURO,2022Fall,4.3,3.8,11,1
212829,NEURO 129,NEURO,2024Fall,4.24,5.13,49,1
212830,NEURO 145,NEURO,2022Fall,3.6,6.0,9,1
212830,NEURO 145,NEURO,2024Fall,4.5,7.08,23,1
212831,NEURO 146,MCB,2023Spring,4.0,3.5,46,1
212831,MCB 146,MCB,2025Spring,4.33,4.2,26,1
212832,NEURO 1202,NEURO,2024Spring,3.94,4.56,25,1
212834,GENED 1010,GENED,2024Spring,3.33,2.19,26,1
212840,GENED 1034,GENED,2023Fall,4.63,3.22,46,2
212840,GENED 1034,GENED,2024Fall,4.64,4.78,50,2
212841,GENED 1131,GENED,2022Fall,3.85,4.39,109,1
212841,GENED 1131,GENED,2023Fall,4.33,4.9,31,1
212841,GENED 1131,GENED,2025Spring,4.11,5.44,114,1
212842,GENED 1119,GENED,2024Spring,3.83,4.29,75,1
212843,GENED 1062,GENED,2024Spring,4.43,3.28,97,1
212844,GENED 1039,GENED,2023Spring,4.77,3.81,97,1
212845,GENED 1073,GENED,2024Fall,4.28,4.97,53,1
212849,GENED 1071,GENED,2022Fall,4.21,2.95,91,1
212849,GENED 1071,GENED,2023Fall,4.08,3.01,257,1
212849,GENED 1071,GENED,2024Fall,4.06,4.53,303,1
212850,GENED 1066,GENED,2024Spring,3.61,3.77,127,1
212853,GENED 1122,GENED,2024Fall,3.68,5.16,86,1
212854,GENED 1037,GENED,2023Spring,4.43,3.77,36,1
212854,GENED 1037,GENED,2024Spring,4.54,4.13,32,1
212854,GENED 1037,GENED,2025Spring,4.28,4.55,44,1
212855,GENED 1114,GENED,2022Fall,4.76,8.57,72,1
212855,GENED 1114,GENED,2023Fall,4.93,7.92,69,1
212856,GENED 1146,GENED,2022Fall,3.96,3.76,136,1
212857,GENED 1090,GENED,2023Spring,3.95,3.95,32,1
212857,GENED 1090,GENED,2025Spring,4.14,5.21,57,1
212858,GENED 1102,GENED,2022Fall,3.93,2.81,276,1
212858,GENED 1102,GENED,2023Fall,3.85,2.34,233,1
212858,GENED 1102,GENED,2024Fall,3.65,4.03,106,1
212859,ENGLISH 195EC,ENGLISH,2022Fall,3.9,4.97,41,2
212874,GENED 1084,GENED,2023Spring,3.53,2.27,158,1
212874,GENED 1084,GENED,2023Fall,3.77,2.12,134,1
212875,ANTHRO 1255,ANTHRO,2022Fall,3.84,4.23,39,1
212882,SCRB 50,SCRB,2023Spring,3.53,8.7,119,6
212882,SCRB 50,SCRB,2024Spring,4.4,8.47,51,7
212882,SCRB 50,SCRB,2025Spring,4.25,6.76,50,7
212884,PHIL 165,PHIL,2024Fall,4.7,7.11,11,1
212894,WOMGEN 1426,WOMGEN,2025Spring,5.0,5.71,14,1
212896,GENED 1038,GENED,2022Fall,3.77,5.21,332,2
212896,GENED 1038,GENED,2024Spring,4.1,2.4,88,2
212896,GENED 1038,GENED,2025Spring,4.1,5.73,323,2
212899,GOV 94ACH,GOV,2025Spring,4.55,5.09,13,1
212901,SOCIOL 1119,SOCIOL,2022Fall,4.89,4.5,25,2
212901,SOCIOL 1119,SOCIOL,2023Fall,4.86,4.78,31,2
212910,CLS-STDY 118,CLS-STDY,2023Fall,3.62,2.59,57,1
212912,APMTH 226,APMTH,2022Fall,4.35,12.55,26,1
212912,APMTH 226,APMTH,2024Fall,3.89,10.95,37,1
212919,GENED 1112,GENED,2023Spring,3.87,3.32,47,1
212919,GENED 1112,GENED,2024Spring,3.31,3.0,82,1
212919,GENED 1112,GENED,2025Spring,3.91,4.33,48,1
212922,APMTH 22B,APMTH,2023Spring,3.4,6.8,6,1
212923,LING 190,LING,2024Spring,4.5,5.83,9,1
212926,ROM-LANG 310,ROM-LANG,2022Fall,4.67,4.5,7,1
212933,HAA 128N,HAA,2024Spring,4.71,3.57,13,1
212935,HISTSCI 1441,HISTSCI,2023Fall,4.89,5.29,22,1
212976,EASTD 197,EASTD,2022Fall,4.53,4.67,24,1
212977,EASTD 198,EASTD,2023Spring,4.65,4.75,20,1
213244,HISTSCI 1445,HISTSCI,2024Spring,4.8,4.16,31,1
213244,HISTSCI 1445,HISTSCI,2024Fall,4.23,5.93,41,1
213247,FYSEMR 62Y,FYSEMR,2023Fall,4.46,2.15,15,1
213249,FRSEMR 51R,FRSEMR,2023Spring,5.0,2.17,9,1
213257,HIST 1125,HIST,2023Spring,4.6,5.22,35,1
213257,HIST 1125,HIST,2024Spring,4.44,5.72,23,1
213257,HIST 1125,HIST,2024Fall,4.56,6.25,11,1
213294,RELIGION 2519,RELIGION,2023Spring,4.86,5.0,9,1
213310,OEB 213,OEB,2024Fall,4.63,3.25,9,1
213327,ENGLISH CGF,ENGLISH,2022Fall,5.0,5.55,12,1
213327,ENGLISH CGF,ENGLISH,2023Fall,4.88,5.14,12,1
213336,PSY 1903,PSY,2024Spring,4.67,2.6,10,1
213336,PSY 1903,PSY,2024Fall,4.5,5.13,13,2
213361,NEUROBIO 240,NEUROBIO,2023Spring,4.2,5.64,58,1
213361,NEUROBIO 240,NEUROBIO,2024Spring,4.26,4.8,77,1
213361,NEUROBIO 240,NEUROBIO,2025Spring,4.13,4.94,142,1
213364,GOV 94MCC,GOV,2024Fall,4.4,6.86,16,1
213366,SLAVIC 171,SLAVIC,2024Spring,4.78,5.13,11,1
213383,SOC-STD 60,SOC-STD,2023Spring,4.83,4.67,8,1
213383,SOC-STD 60,SOC-STD,2024Spring,4.63,5.75,15,1
213383,SOC-STD 60,SOC-STD,2025Spring,4.4,6.2,19,2
213384,SOC-STD 50,SOC-STD,2023Fall,4.4,3.8,16,1
213384,SOC-STD 50,SOC-STD,2024Spring,4.73,3.64,22,1
213384,SOC-STD 50,SOC-STD,2024Fall,4.33,4.7,33,1
213384,SOC-STD 50,SOC-STD,2025Spring,4.78,5.5,34,1
213398,ENG-SCI 298DR,ENG-SCI,2023Spring,3.5,2.33,17,2
213403,PHIL 239,PHIL,2023Spring,4.6,7.4,13,2
213403,PHIL 239,PHIL,2023Fall,4.17,5.4,12,1
213406,GENED 1158,GENED,2024Spring,4.64,3.06,54,1
213406,GENED 1158,GENED,2025Spring,3.9,4.31,103,1
213407,APMTH 10,APMTH,2022Fall,4.27,6.78,63,3
213407,APMTH 10,APMTH,2023Fall,4.21,7.28,77,3
213407,APMTH 10,APMTH,2024Fall,4.41,7.15,56,3
213430,GOV 1249,GOV,2022Fall,4.36,4.44,57,1
213430,GOV 1249,GOV,2023Fall,4.27,5.21,131,1
213430,GOV 1249,GOV,2024Fall,4.54,5.69,61,1
213452,GOV 94SI,GOV,2024Fall,4.13,8.0,12,1
213469,ANTHRO 1883,ANTHRO,2023Spring,4.73,4.6,20,1
213475,AFVS 144M,AFVS,2022Fall,4.6,3.0,13,1
213478,STAT 185,STAT,2022Fall,4.31,8.18,63,1
213478,STAT 185,STAT,2023Fall,4.82,8.41,22,1
213478,STAT 185,STAT,2024Fall,4.71,7.0,21,1
213509,AFVS 118C,AFVS,2022Fall,4.8,2.8,10,1
213509,AFVS 118C,AFVS,2024Spring,4.71,3.33,12,1
213522,ECON 1088,ECON,2023Fall,4.87,6.36,23,1
213522,ECON 1088,ECON,2024Fall,4.3,5.66,52,1
213535,MATH 18B/19B,MATH,2023Spring,3.0,14.75,11,1
213559,EMR 139,EMR,2023Spring,4.86,5.0,9,1
213579,HEB 1311,HEB,2023Spring,5.0,2.8,6,1
213579,HEB 1311,HEB,2024Spring,4.22,2.03,63,1
213580,HEB 1381,HEB,2022Fall,4.75,4.92,13,1
213580,HEB 1381,HEB,2023Fall,4.67,4.33,15,1
213581,PHIL 109,PHIL,2022Fall,4.17,4.06,21,1
213581,PHIL 109,PHIL,2023Fall,4.62,4.17,20,1
213581,PHIL 109,PHIL,2024Fall,5.0,4.43,12,1
213582,PHIL 162,PHIL,2022Fall,4.42,6.0,16,1
213595,RELIGION 1577,RELIGION,2022Fall,4.2,5.4,6,1
213604,GOV 94JH,GOV,2022Fall,4.38,4.85,16,1
213604,GOV 94JH,GOV,2023Fall,4.5,4.63,16,1
213653,COMPSCI 282BR,COMPSCI,2023Spring,4.3,5.72,50,1
213656,HIST 2445,HIST,2023Spring,4.0,7.5,11,2
213657,GOV 94EM,GOV,2023Spring,4.4,4.5,14,1
213657,GOV 94EM,GOV,2024Spring,4.71,4.29,15,1
213657,GOV 94EM,GOV,2025Spring,4.82,5.5,15,1
213686,FRENCH 135,FRENCH,2023Fall,4.67,8.5,6,1
213688,ITAL 111,ITAL,2022Fall,4.33,5.13,10,1
213688,ITAL 111,ITAL,2024Spring,5.0,4.2,12,1
214343,GENED 1078,GENED,2023Fall,4.12,4.28,84,1
214345,HISTSCI 2848,HISTSCI,2023Spring,4.6,6.8,10,1
214347,BPH 318QC,BPH,2023Fall,5.0,2.25,7,2
214351,HEB 1339,HEB,2023Spring,4.64,3.14,27,1
214351,HEB 1339,HEB,2024Spring,4.63,3.0,25,1
214351,HEB 39,HEB,2025Spring,4.38,4.58,27,1
214429,HIST 2538,HIST,2022Fall,4.43,5.57,9,1
214446,PHYSICS 260A,PHYSICS,2023Spring,3.45,8.64,16,2
214446,PHYSICS 260A,PHYSICS,2025Spring,3.67,5.67,16,1
214483,COMPSCI 226R,COMPSCI,2023Spring,4.67,10.4,9,1
214483,COMPSCI 226R,COMPSCI,2024Spring,3.72,11.14,65,1
214486,GENED 1115,GENED,2023Spring,3.21,2.95,453,1
214486,GENED 1115,GENED,2024Spring,3.32,2.75,170,1
214486,GENED 1115,GENED,2025Spring,3.83,3.88,85,1
214498,PSY 980AH,PSY,2023Spring,4.57,3.86,16,2
214499,E-PSCI 101,E-PSCI,2023Spring,4.31,4.96,43,1
214499,E-PSCI 101,E-PSCI,2024Spring,4.46,5.55,42,1
214499,E-PSCI 101,E-PSCI,2025Spring,4.32,5.45,45,1
214500,ESE 101,ESE,2023Spring,4.31,4.96,43,1
214500,ESE 101,ESE,2024Spring,4.46,5.55,42,1
214500,ESE 101,ESE,2025Spring,4.32,5.45,45,1
214512,ENG-SCI 228,ENG-SCI,2023Spring,4.4,14.21,39,1
214512,ENG-SCI 228,ENG-SCI,2024Spring,4.5,13.5,22,1
214512,ENG-SCI 228,ENG-SCI,2024Fall,4.4,14.6,14,1
214513,ENGLISH 152KD,ENGLISH,2024Spring,5.0,3.17,8,1
214514,ENGLISH 285SA,ENGLISH,2022Fall,4.6,5.6,6,1
214514,ENGLISH 285SA,ENGLISH,2025Spring,4.83,5.0,9,1
214531,HISTSCI 2270,HISTSCI,2023Fall,4.8,7.22,22,1
214533,TS 260,TS,2023Fall,4.83,7.67,7,1
214575,TDM 158A,TDM,2023Spring,4.33,7.2,12,1
214575,TDM 158A,TDM,2024Fall,3.78,9.33,12,1
214576,AFRAMER 130Y,AFRAMER,2023Spring,4.33,3.44,11,1
214580,ENG-SCI 292B,ENG-SCI,2023Spring,4.63,6.6,27,2
214580,ENG-SCI 292B,ENG-SCI,2024Spring,3.93,2.75,28,2
214580,ENG-SCI 292B,ENG-SCI,2025Spring,4.57,4.62,31,2
214585,CHAGATAY A,CHAGATAY,2024Fall,5.0,6.6,5,1
214587,ANTHRO 3636,ANTHRO,2024Spring,4.2,2.0,7,2
214600,STAT 293,STAT,2023Spring,4.6,5.44,23,1
214604,PHIL 193,PHIL,2024Fall,4.0,6.33,12,1
214613,YIDDISH 166,YIDDISH,2024Spring,3.59,3.25,34,1
214614,PHYSICS 296,PHYSICS,2022Fall,5.0,12.2,9,1
214614,PHYSICS 296,PHYSICS,2023Fall,4.85,8.1,18,1
214614,PHYSICS 296,PHYSICS,2025Spring,4.77,8.16,43,1
214626,ENGLISH 90GS,ENGLISH,2023Fall,4.67,9.17,9,1
215108,ANTHRO 1038,ANTHRO,2024Spring,4.27,3.69,18,1
215116,ENG-SCI 258,ENG-SCI,2023Spring,4.33,6.0,17,1
215116,ENG-SCI 258,ENG-SCI,2024Spring,4.33,5.67,18,1
215120,E-PSCI 299,E-PSCI,2023Spring,5.0,1.4,8,1
215121,APCOMP 215,APCOMP,2023Fall,3.81,10.47,115,1
215121,APCOMP 215,APCOMP,2024Fall,4.23,10.37,135,2
215415,APPHY 195B,APPHY,2025Spring,4.8,3.5,10,1
215682,GERMAN 111,GERMAN,2022Fall,4.75,3.75,6,1
215717,PHYSCI 70,PHYSCI,2022Fall,4.13,8.71,14,1
215717,PHYSCI 70,PHYSCI,2023Spring,4.65,9.82,19,1
215717,PHYSCI 70,PHYSCI,2023Fall,4.83,8.08,18,1
215717,PHYSCI 70,PHYSCI,2024Spring,4.47,9.43,26,1
215717,PHYSCI 70,PHYSCI,2024Fall,5.0,6.5,14,1
215717,PHYSCI 70,PHYSCI,2025Spring,5.0,12.09,25,1
215751,IMMUN 203,IMMUN,2023Spring,4.83,2.6,8,1
215751,IMMUN 203,IMMUN,2024Spring,3.75,3.0,14,1
215751,IMMUN 203,IMMUN,2025Spring,3.86,2.17,12,1
215757,MBB 980V,MBB,2023Spring,4.4,3.4,6,1
215759,HAA 42P,HAA,2023Spring,4.6,4.4,17,1
215759,HAA 42P,HAA,2024Fall,4.52,4.24,28,1
215763,HAA 146P,HAA,2023Spring,4.71,6.17,11,1
215765,RELIGION 145,RELIGION,2024Spring,4.56,4.5,15,2
215796,ECON 2418,ECON,2023Fall,4.8,6.7,11,1
215796,ECON 2418,ECON,2024Fall,4.89,5.63,19,1
215833,CHNSLIT 285,CHNSLIT,2023Fall,4.5,6.83,8,1
215835,HIST 97P,HIST,2023Spring,4.42,6.73,14,1
215837,EASTD 199,EASTD,2023Fall,4.58,3.55,17,1
215849,FYSEMR 51X,FYSEMR,2024Spring,4.6,2.44,12,1
215849,FYSEMR 51X,FYSEMR,2025Spring,4.89,2.11,11,1
215850,FRSEMR 63L,FYSEMR,2022Fall,4.88,4.13,9,1
215850,FYSEMR 63L,FYSEMR,2023Fall,4.63,2.88,11,1
215850,FYSEMR 63L,FYSEMR,2024Fall,5.0,4.0,7,1
215859,CHAGATAY B,CHAGATAY,2025Spring,4.6,7.2,5,1
215872,GENED 1165,GENED,2023Fall,3.27,3.75,167,1
215873,GENED 1167,GENED,2023Fall,3.87,4.85,67,2
215873,GENED 1167,GENED,2024Fall,4.78,5.78,13,1
215875,GENED 1053,GENED,2022Fall,4.21,2.83,65,1
215875,GENED 1053,GENED,2023Fall,4.53,2.6,82,1
215875,GENED 1053,GENED,2024Fall,3.84,6.04,78,1
215876,GENED 1006,GENED,2023Fall,4.31,3.27,89,1
215890,GENED 1067,GENED,2023Spring,4.85,3.85,60,1
215893,GENED 1050,GENED,2022Fall,4.41,3.45,48,1
215893,GENED 1050,GENED,2023Fall,4.8,3.18,74,1
215893,GENED 1050,GENED,2025Spring,4.2,4.98,82,1
215894,GENED 1140,GENED,2022Fall,3.43,4.22,101,1
215894,GENED 1140,GENED,2025Spring,4.0,4.38,58,1
215896,GENED 1125,GENED,2023Spring,3.63,2.9,194,1
215896,GENED 1125,GENED,2024Spring,4.1,3.0,65,1
215901,ECON 2340,ECON,2022Fall,4.85,7.62,14,1
215901,ECON 2340,ECON,2023Fall,4.71,7.46,17,1
215901,ECON 2340,ECON,2024Fall,5.0,9.36,15,1
215916,GENED 1103,GENED,2022Fall,3.83,3.13,116,2
215916,GENED 1103,GENED,2024Fall,4.3,4.55,212,1
215940,ANTHRO 1270,ANTHRO,2024Fall,4.56,5.87,23,1
215966,JEWISHST 106,JEWISHST,2024Fall,4.5,4.25,12,1
215968,JEWISHST 224,JEWISHST,2024Fall,4.0,6.0,6,1
215988,TDM 169S,TDM,2022Fall,4.6,1.87,22,1
215988,TDM 169S,TDM,2023Fall,4.38,3.25,15,1
215988,TDM 169S,TDM,2024Fall,4.4,6.0,16,1
215990,ANCSTD 201,ANCSTD,2025Spring,4.5,12.6,14,2
215995,SLAVIC 121,SLAVIC,2024Spring,4.7,2.95,23,1
215997,AFRAMER 128X,AFRAMER,2023Spring,4.71,5.14,9,1
215999,HIST 1980,HIST,2023Spring,4.56,8.11,12,1
216001,HIST 12M,HIST,2024Fall,4.58,7.55,16,1
216003,HIST 12G,HIST,2022Fall,4.75,7.13,13,1
216011,HISTSCI 2428,HISTSCI,2022Fall,5.0,8.2,9,1
216015,E-PSCI 6,E-PSCI,2023Spring,4.22,5.3,26,2
216015,E-PSCI 6,E-PSCI,2024Spring,4.11,3.72,29,2
216015,E-PSCI 6,E-PSCI,2024Fall,4.17,6.94,19,2
216016,E-PSCI 169,E-PSCI,2023Fall,4.73,3.07,18,1
216016,E-PSCI 169,E-PSCI,2024Fall,4.58,6.58,18,1
216017,E-PSCI 166,E-PSCI,2025Spring,4.5,4.67,8,1
216018,E-PSCI 161,E-PSCI,2024Spring,4.61,5.65,24,1
216018,E-PSCI 161,E-PSCI,2025Spring,4.61,7.53,25,1
216019,E-PSCI 102,E-PSCI,2023Fall,3.91,5.43,30,1
216019,E-PSCI 102,E-PSCI,2024Fall,4.43,9.0,9,1
216022,COMPLIT 119,COMPLIT,2024Fall,4.5,4.25,12,1
216023,COMPLIT 171,COMPLIT,2024Fall,4.67,7.17,12,1
216030,SLAVIC 133,SLAVIC,2023Fall,3.75,4.0,9,1
216044,COMPLIT 224,COMPLIT,2024Fall,4.0,6.0,6,1
216046,COMPLIT 278,COMPLIT,2023Fall,4.5,5.46,22,1
216063,ENGLISH 20,ENGLISH,2022Fall,4.17,4.58,17,2
216063,ENGLISH 20,ENGLISH,2023Spring,4.36,5.09,30,1
216063,ENGLISH 20,ENGLISH,2023Fall,4.24,5.31,19,2
216063,ENGLISH 20,ENGLISH,2024Spring,4.38,4.63,31,1
216063,ENGLISH 20,ENGLISH,2024Fall,3.74,6.11,23,1
216063,ENGLISH 20,ENGLISH,2025Spring,4.58,6.0,44,1
216071,ENGLISH 186CC,ENGLISH,2023Fall,4.81,4.81,21,1
216074,ENGLISH 97,ENGLISH,2022Fall,4.67,4.55,14,1
216074,ENGLISH 97,ENGLISH,2023Spring,4.45,4.13,20,2
216074,ENGLISH 97,ENGLISH,2023Fall,5.0,4.86,13,1
216074,ENGLISH 97,ENGLISH,2024Spring,4.12,4.63,16,2
216074,ENGLISH 97,ENGLISH,2024Fall,4.69,6.5,21,1
216074,ENGLISH 97,ENGLISH,2025Spring,3.88,7.0,13,2
216084,FRSEMR 51S,FRSEMR,2022Fall,5.0,2.88,8,1
216089,GOV 1015,GOV,2022Fall,4.39,5.17,22,1
216089,GOV 1015,GOV,2023Fall,4.19,3.52,36,1
216089,GOV 1015,GOV,2024Fall,4.44,4.35,28,1
216092,SPANSH 80TS,SPANSH,2023Spring,5.0,4.11,10,1
216092,SPANSH 80TS,SPANSH,2024Spring,5.0,3.86,11,1
216092,SPANSH 80TS,SPANSH,2025Spring,4.88,3.38,8,1
216098,ENGLISH CNL,ENGLISH,2022Fall,5.0,6.09,12,1
216098,ENGLISH CNL,ENGLISH,2023Spring,5.0,4.7,12,1
216098,ENGLISH CNL,ENGLISH,2024Spring,4.63,3.63,12,1
216102,FRSEMR 52C,FYSEMR,2022Fall,5.0,3.2,13,1
216102,FYSEMR 52C,FYSEMR,2023Fall,4.86,4.43,15,1
216103,FYSEMR 52D,FYSEMR,2023Fall,3.77,1.08,15,1
216104,FYSEMR 63N,FYSEMR,2023Fall,4.17,4.83,11,1
216105,FRSEMR 52E,FYSEMR,2023Spring,4.9,2.2,11,1
216105,FYSEMR 52E,FYSEMR,2024Spring,5.0,1.57,9,1
216105,FYSEMR 52E,FYSEMR,2025Spring,4.9,1.89,13,1
216106,FRSEMR 63W,FRSEMR,2023Spring,3.6,1.6,7,1
216112,FYSEMR 63T,FYSEMR,2023Fall,4.6,3.25,5,1
216114,FYSEMR 52G,FYSEMR,2024Fall,4.64,5.82,12,1
216115,WOMGEN 1310,WOMGEN,2022Fall,4.82,5.0,13,1
216124,FRSEMR 63R,FYSEMR,2022Fall,4.71,3.17,7,1
216124,FYSEMR 63R,FYSEMR,2023Fall,4.0,2.33,9,1
216126,PSY 1340,PSY,2023Fall,4.62,3.62,18,1
216132,GOV 1135,GOV,2023Fall,4.78,4.83,23,1
216164,ANTHRO 1906,ANTHRO,2022Fall,3.89,6.67,12,1
216164,ANTHRO 1906,ANTHRO,2024Spring,4.75,5.13,10,1
216164,ANTHRO 1906,ANTHRO,2024Fall,3.5,5.75,17,1
216165,HAA 73,HAA,2023Spring,4.73,2.91,71,1
216165,HAA 73,HAA,2025Spring,4.24,3.5,106,1
216175,GOV 1338,GOV,2023Spring,4.8,4.11,11,1
216175,GOV 1338,GOV,2025Spring,4.46,3.82,64,1
216182,PSY 2452R,PSY,2023Fall,4.83,6.67,9,1
216182,PSY 2452R,PSY,2024Fall,5.0,4.25,6,1
216182,PSY 2452R,PSY,2025Spring,5.0,7.2,11,1
216184,GOV 94ND,GOV,2023Spring,4.88,4.88,9,1
216188,FRSEMR 63X,FRSEMR,2023Spring,5.0,1.33,6,1
216197,ENGLISH 90EB,ENGLISH,2023Spring,4.25,2.88,11,1
216197,ENGLISH 90EB,ENGLISH,2025Spring,5.0,3.83,10,1
216201,ENGLISH 90LS,ENGLISH,2024Fall,4.92,6.5,12,1
216212,GOV 94YW,GOV,2024Spring,4.86,4.64,18,1
216212,GOV 94YW,GOV,2025Spring,4.83,5.33,16,1
216224,GOV 1130,GOV,2024Spring,4.57,5.14,13,1
216232,HIST-LIT 90EJ,HIST-LIT,2022Fall,4.86,8.0,15,1
216232,HIST-LIT 90EJ,HIST-LIT,2024Fall,5.0,5.5,13,1
216233,HIST-LIT 90EK,HIST-LIT,2023Fall,4.55,5.5,13,1
216237,HIST-LIT 90EO,HIST-LIT,2022Fall,4.0,3.27,12,1
216239,HIST-LIT 90EQ,HIST-LIT,2023Spring,4.69,3.42,15,1
216240,HIST-LIT 90ER,HIST-LIT,2025Spring,4.7,5.3,14,1
216268,GOV 1347,GOV,2022Fall,4.48,9.55,25,1
216268,GOV 1347,GOV,2024Fall,4.86,9.52,24,1
216271,HIST 1973,HIST,2024Spring,4.71,3.67,13,1
216271,HIST 1973,HIST,2025Spring,4.75,2.71,13,1
216272,PSY 1845,PSY,2023Fall,4.93,4.27,20,1
216272,PSY 1845,PSY,2024Fall,4.92,5.46,34,1
216288,GENED 1169,GENED,2023Fall,4.37,3.53,85,2
216294,AFVS 154M,AFVS,2024Fall,4.5,12.2,8,1
216297,AFVS 120,AFVS,2022Fall,4.5,11.5,12,1
216297,AFVS 120,AFVS,2023Fall,4.88,11.0,11,1
216297,AFVS 120,AFVS,2024Fall,4.78,8.89,12,1
216307,MATH 60R,MATH,2022Fall,5.0,7.0,11,1
216307,MATH 60R,MATH,2023Spring,5.0,14.33,11,1
216307,MATH 60R,MATH,2023Fall,4.75,6.67,19,1
216307,MATH 60R,MATH,2024Spring,4.75,13.57,14,1
216307,MATH 60R,MATH,2024Fall,4.57,15.29,18,1
216307,MATH 60R,MATH,2025Spring,5.0,12.6,21,1
216321,ISLAMCIV 163,ISLAMCIV,2022Fall,4.73,5.55,14,1
216323,ECON 2921,ECON,2022Fall,4.33,2.0,8,1
216324,COMPSCI 107,COMPSCI,2022Fall,3.45,10.17,230,1
216324,COMPSCI 107,COMPSCI,2023Fall,1.94,8.88,171,1
216326,HIST-LIT 90ES,HIST-LIT,2023Spring,4.2,5.8,11,1
216326,HIST-LIT 93AE,HIST-LIT,2024Spring,4.0,5.0,11,1
216326,HIST-LIT 93AE,HIST-LIT,2024Fall,4.67,5.5,14,1
216332,GOV 1023,GOV,2022Fall,3.95,4.4,49,1
216336,GHHP 30,GHHP,2022Fall,4.75,2.87,21,1
216339,SLAVIC 147,SLAVIC,2024Spring,4.88,6.13,13,1
216347,ENGLISH CFF,ENGLISH,2022Fall,4.71,4.57,10,1
216347,ENGLISH CFF,ENGLISH,2024Spring,5.0,5.63,10,1
216360,TDM 174B,TDM,2024Spring,4.83,3.0,8,1
216361,TDM 172L,TDM,2024Spring,5.0,4.8,5,1
216369,AFVS 157L,AFVS,2022Fall,4.71,8.86,11,1
216372,ENG-SCI 143,ENG-SCI,2024Spring,4.11,8.22,15,1
216381,ROM-LANG 230,ROM-LANG,2023Spring,4.4,4.8,9,2
216389,GERMAN 260,GERMAN,2025Spring,4.75,11.5,6,1
216401,ENGLISH 90RJ,ENGLISH,2023Spring,4.8,4.9,15,1
216401,ENGLISH 90RJ,ENGLISH,2025Spring,3.89,6.6,15,1
216405,ENG-SCI 192,ENG-SCI,2022Fall,2.74,4.35,63,1
216405,ENG-SCI 192,ENG-SCI,2023Fall,3.25,5.25,28,1
216405,ENG-SCI 192,ENG-SCI,2024Fall,3.17,8.67,23,1
216409,ECON 50A,ECON,2025Spring,3.91,4.85,93,1
216411,ENGLISH CACF,ENGLISH,2022Fall,5.0,8.0,12,1
216417,E-PSCI 164,E-PSCI,2022Fall,4.12,5.12,19,1
216417,E-PSCI 164,E-PSCI,2023Fall,3.75,4.88,11,1
216418,ESE 164,ESE,2022Fall,4.12,5.12,19,1
216418,ESE 164,ESE,2023Fall,3.75,4.88,11,1
216421,E-PSCI 168,E-PSCI,2022Fall,4.5,6.05,33,1
216421,E-PSCI 168,E-PSCI,2024Fall,4.54,5.71,28,1
216430,ENGLISH 90PR,ENGLISH,2024Spring,4.6,6.5,6,1
216439,PSY 3520,PSY,2025Spring,4.6,1.6,14,1
216449,GOV 94BF,GOV,2023Spring,4.7,5.7,16,1
216449,GOV 94BF,GOV,2023Fall,4.21,4.0,16,1
216449,GOV 94BF,GOV,2024Spring,2.89,2.38,17,1
216451,GOV 1022,GOV,2024Fall,4.8,4.8,6,1
216453,HISTSCI 1930,HISTSCI,2022Fall,4.48,2.74,32,1
216460,ESE 168,ESE,2022Fall,4.5,6.05,33,1
216460,ESE 168,ESE,2024Fall,4.54,5.71,28,1
216462,ENG-SCI 20R,ENG-SCI,2022Fall,4.22,2.89,12,1
216462,ENG-SCI 20R,ENG-SCI,2023Fall,4.5,4.0,9,1
216462,ENG-SCI 20R,ENG-SCI,2024Fall,5.0,3.83,8,1
216471,GOV 1049,GOV,2024Spring,4.68,4.0,35,1
216473,OEB 128,OEB,2023Spring,4.0,3.67,11,1
216473,OEB 128,OEB,2024Spring,4.75,3.5,14,1
216474,OEB 137,OEB,2023Fall,4.67,6.05,25,1
216486,BE 131,BE,2022Fall,4.6,6.75,30,1
216486,BE 131,BE,2023Fall,4.38,4.25,35,1
216486,BE 131,BE,2024Fall,4.17,4.71,27,1
216524,CHEM 177,CHEM,2023Fall,4.65,2.94,28,1
216524,CHEM 177,CHEM,2024Fall,4.24,3.6,30,1
216637,HUMAN 90,HUMAN,2022Fall,4.78,6.0,11,2
216637,HUMAN 90,HUMAN,2023Fall,5.0,5.13,12,2
216637,HUMAN 90,HUMAN,2024Fall,5.0,4.86,8,2
216641,PHYSICS 113,PHYSICS,2023Spring,4.0,3.22,11,2
216641,PHYSICS 113,PHYSICS,2025Spring,5.0,5.33,9,1
216772,GOV 94JW,GOV,2022Fall,4.78,4.67,10,1
216772,GOV 94JW,GOV,2024Spring,4.89,5.25,13,1
216772,GOV 94JW,GOV,2025Spring,4.33,4.83,14,1
216792,PSY 1325,PSY,2024Spring,5.0,4.1,17,1
216792,PSY 1325,PSY,2025Spring,4.77,4.42,16,1
216799,ENG-SCI 225,ENG-SCI,2022Fall,4.6,6.75,30,1
216799,ENG-SCI 225,ENG-SCI,2023Fall,4.38,4.25,35,1
216799,ENG-SCI 225,ENG-SCI,2024Fall,4.17,4.71,27,1
216802,HISTSCI 1458,HISTSCI,2023Fall,4.0,4.22,15,1
216811,COMPSCI 290A,COMPSCI,2022Fall,4.32,1.29,45,2
216811,COMPSCI 290A,COMPSCI,2023Fall,4.54,2.5,26,2
216811,COMPSCI 2901,COMPSCI,2024Fall,4.55,1.1,26,2
216813,NEUROBIO 212,NEUROBIO,2023Fall,4.75,5.17,25,1
217408,ECON 1499,ECON,2022Fall,4.5,5.15,17,2
217408,ECON 1499,ECON,2023Fall,4.92,4.73,15,2
217409,TDM 181B,TDM,2022Fall,4.36,3.9,16,1
217409,TDM 181B,TDM,2024Fall,4.8,4.2,7,1
217446,TDM 149,TDM,2022Fall,4.86,2.16,43,1
217446,TDM 149,TDM,2024Spring,4.74,1.91,50,1
217485,ECON 2355,ECON,2023Spring,4.0,6.83,29,1
217485,ECON 2355,ECON,2024Spring,3.9,5.11,49,1
217489,SCRB 177,SCRB,2022Fall,4.62,4.1,22,1
217489,SCRB 177,SCRB,2023Fall,4.46,3.7,26,1
217516,STAT 141,STAT,2023Spring,4.58,6.92,20,1
217516,STAT 141,STAT,2025Spring,3.89,7.33,22,1
217523,STAT 143,STAT,2024Spring,4.24,7.33,55,1
217582,TDM 148P,TDM,2023Spring,4.77,2.17,27,1
217582,TDM 148P,TDM,2024Spring,4.89,1.83,33,1
217582,TDM 148P,TDM,2025Spring,4.85,3.38,27,1
217585,TDM 182B,TDM,2022Fall,4.56,3.0,13,1
217585,TDM 182B,TDM,2025Spring,4.5,3.43,23,1
217604,PSY 1311,PSY,2023Fall,5.0,4.5,9,1
217604,PSY 1311,PSY,2024Fall,4.75,3.25,8,1
217616,HIST 1933,HIST,2025Spring,4.92,4.5,17,2
217618,E-PSCI 244,E-PSCI,2023Spring,4.78,3.44,15,1
217619,FRENCH 62,FRENCH,2024Spring,4.2,6.6,6,1
217619,FRENCH 62,FRENCH,2025Spring,4.71,7.71,8,1
217624,ESE 102,ESE,2023Fall,3.91,5.43,30,1
217624,ESE 102,ESE,2024Fall,4.43,9.0,9,1
217625,ROM-STD 138,ROM-STD,2025Spring,4.92,4.5,17,2
217632,GENED 1068,GENED,2024Spring,4.09,4.85,55,1
217635,COMPSCI 238,COMPSCI,2023Spring,4.7,8.55,42,1
217635,COMPSCI 238,COMPSCI,2024Spring,4.78,8.03,43,1
217639,ENG-SCI 94,ENG-SCI,2023Spring,4.51,3.23,128,1
217639,ENG-SCI 94,ENG-SCI,2024Spring,4.59,3.34,95,4
217639,ENG-SCI 94,ENG-SCI,2025Spring,4.65,4.66,88,5
217643,COMPSCI 288,COMPSCI,2022Fall,4.48,4.68,29,1
217643,COMPSCI 288,COMPSCI,2024Spring,3.05,6.05,36,1
217643,COMPSCI 2880,COMPSCI,2024Fall,4.81,5.15,25,1
217644,GOV 94DT,GOV,2023Spring,3.29,4.0,13,1
217644,GOV 94DT,GOV,2024Spring,4.0,4.71,8,1
217785,GOV 1003,GOV,2025Spring,5.0,5.0,9,1
217788,HISTSCI 1990,HISTSCI,2022Fall,4.78,7.38,10,1
217789,ENGLISH 320,ENGLISH,2023Spring,4.6,8.25,5,1
217789,ENGLISH 320,ENGLISH,2024Spring,4.83,13.0,7,1
217790,ENGLISH 330,ENGLISH,2025Spring,4.5,5.5,7,1
217793,ECON 1644,ECON,2024Spring,4.1,5.71,50,1
217830,PHYSICS 297,PHYSICS,2022Fall,4.46,4.08,17,2
217830,PHYSICS 297,PHYSICS,2023Spring,4.58,4.09,19,2
217830,PHYSICS 297,PHYSICS,2023Fall,4.87,5.57,17,1
217830,PHYSICS 297,PHYSICS,2024Spring,4.3,4.11,18,1
217830,PHYSICS 297,PHYSICS,2025Spring,4.89,5.33,17,2
217833,OEB 60,OEB,2023Spring,4.55,2.66,60,1
217833,OEB 60,OEB,2024Spring,4.6,2.47,74,1
217834,GENED 1024,GENED,2025Spring,3.78,5.61,35,2
217838,PHYSICS 231,PHYSICS,2024Spring,4.12,9.41,21,1
217842,FRSEMR 72I,FRSEMR,2022Fall,4.0,3.67,13,1
217866,GOV 93CJ,GOV,2022Fall,3.95,3.33,28,1
217869,HEB 1317,HEB,2023Spring,4.38,3.38,14,1
217869,HEB 1317,HEB,2024Spring,4.38,3.38,11,1
217869,HEB 117,HEB,2025Spring,4.43,3.57,12,1
218044,HAA 81,HAA,2023Fall,3.93,6.21,20,1
218057,HAA 226V,HAA,2023Fall,4.88,7.38,11,1
218065,HIST 1029,HIST,2023Spring,4.5,3.6,27,1
218065,HIST 1029,HIST,2024Spring,4.67,4.11,12,1
218117,ECON 70,ECON,2022Fall,3.79,4.91,141,1
218117,ECON 70,ECON,2023Fall,4.32,4.08,139,1
218117,ECON 70,ECON,2024Fall,4.04,2.98,289,1
218124,ENGLISH CWP,ENGLISH,2022Fall,5.0,5.0,9,1
218127,ENGLISH 184CF,ENGLISH,2023Fall,4.6,5.56,56,1
218128,ENGLISH 151AN,ENGLISH,2024Spring,4.85,6.43,64,1
218128,ENGLISH 151AN,ENGLISH,2024Fall,4.9,6.21,39,1
218129,ENGLISH 176TM,ENGLISH,2024Spring,4.84,6.53,25,1
218138,ECON 2245,ECON,2022Fall,4.6,6.2,10,1
218141,ENGLISH 90PW,ENGLISH,2023Fall,4.75,5.0,14,1
218143,ENGLISH 189VG,ENGLISH,2023Spring,4.56,3.48,99,1
218143,ENGLISH 189VG,ENGLISH,2024Spring,4.54,3.4,167,1
218149,HIST 1017,HIST,2023Fall,4.69,6.29,20,2
218151,HIST 1037,HIST,2023Spring,4.42,4.74,24,1
218151,HIST 1037,HIST,2025Spring,4.33,5.4,17,1
218152,HAA 77M,HAA,2022Fall,4.83,3.96,28,1
218153,HIST 97O,HIST,2024Spring,4.83,8.83,9,1
218158,ENGLISH 119TY,ENGLISH,2023Spring,4.83,3.0,7,1
218165,KOREAN 130XA,KOREAN,2022Fall,4.2,6.4,6,1
218165,KOREAN 130XA,KOREAN,2024Fall,5.0,6.6,6,1
218168,HIST 1970,HIST,2025Spring,4.91,4.9,11,2
218169,HIST 12S,HIST,2024Fall,5.0,7.0,6,1
218174,EASTD 98K,EASTD,2024Spring,4.63,4.75,11,1
218175,CHNSHIS 246,CHNSHIS,2023Spring,4.86,9.83,14,1
218177,HAA 172P,HAA,2023Spring,4.29,4.57,9,1
218177,HAA 172P,HAA,2025Spring,4.75,6.0,10,1
218183,ANTHRO 2656,ANTHRO,2022Fall,4.27,4.36,15,1
218184,ANTHRO 2797,ANTHRO,2023Fall,4.55,7.73,14,4
218189,ANTHRO 1435,ANTHRO,2023Spring,4.86,3.14,8,1
218189,ANTHRO 1435,ANTHRO,2025Spring,4.8,5.2,12,1
218192,ANTHRO 1716,ANTHRO,2022Fall,4.88,6.75,12,3
218199,SOCIOL 1163,SOCIOL,2022Fall,4.43,5.17,9,1
218199,SOCIOL 1163,SOCIOL,2023Fall,3.09,6.78,15,1
218200,SOCIOL 1136,SOCIOL,2022Fall,4.61,4.77,30,1
218200,SOCIOL 1136,SOCIOL,2024Fall,4.48,3.91,31,1
218228,ASTRON 140,ASTRON,2023Fall,4.94,8.87,19,1
218228,ASTRON 140,ASTRON,2024Fall,5.0,6.7,12,1
218229,MATH QA,MATH,2022Fall,4.43,6.14,47,1
218229,MATH Q,MATH,2025Spring,3.7,8.9,17,2
218230,MATH QB,MATH,2023Spring,4.57,5.5,35,2
218233,GENED 1168,GENED,2024Spring,4.35,4.03,99,1
218234,GENED 1174,GENED,2022Fall,4.72,4.0,24,1
218234,GENED 1174,GENED,2024Fall,4.08,6.02,73,1
218236,GENED 1111,GENED,2024Fall,4.55,4.78,99,1
218237,GENED 1161,GENED,2024Spring,3.43,5.97,110,1
218238,GENED 1162,GENED,2023Spring,4.47,2.58,171,1
218240,GENED 1025,GENED,2023Spring,4.07,3.53,115,1
218240,GENED 1025,GENED,2023Fall,4.41,2.88,280,1
218240,GENED 1025,GENED,2024Fall,4.28,4.7,240,1
218241,GENED 1160,GENED,2025Spring,4.26,4.68,40,1
218242,LATIN 175,LATIN,2024Fall,4.89,7.11,9,1
218262,SOCIOL 1170,SOCIOL,2025Spring,4.5,4.27,30,1
218267,GOV 94BD,GOV,2024Spring,4.43,7.71,15,1
218272,HIST-LIT 90EV,HIST-LIT,2022Fall,4.7,4.4,15,1
218275,HIST-LIT 90EY,HIST-LIT,2023Fall,4.17,4.17,10,1
218276,HIST-LIT 90EZ,HIST-LIT,2022Fall,4.91,5.6,11,1
218276,HIST-LIT 90EZ,HIST-LIT,2023Fall,4.92,4.5,14,1
218277,MUSIC 159R,MUSIC,2022Fall,4.77,3.92,22,1
218277,MUSIC 159R,MUSIC,2024Spring,4.74,4.95,29,1
218277,MUSIC 159,MUSIC,2024Fall,4.14,4.79,27,1
218279,SOCIOL 2282,SOCIOL,2024Spring,4.83,6.33,6,1
218283,EASTD 143B,EASTD,2023Spring,4.55,4.0,17,1
218288,PHYSICS 195B,PHYSICS,2025Spring,4.8,3.5,10,1
218289,PHYSICS 137,PHYSICS,2023Spring,4.5,5.95,31,1
218289,PHYSICS 137,PHYSICS,2025Spring,4.45,7.64,30,1
218294,GOV 94WP,GOV,2024Spring,4.75,4.27,15,1
218294,GOV 94WP,GOV,2025Spring,4.64,4.44,15,1
218296,GOV 1722,GOV,2023Spring,4.83,3.83,19,2
218296,GOV 1722,GOV,2024Spring,3.96,4.33,69,1
218297,AFVS 154J,AFVS,2023Spring,4.14,11.43,7,1
218302,EASTD 153,EASTD,2023Spring,4.78,3.89,13,1
218302,EASTD 153,EASTD,2024Spring,4.8,2.74,23,1
218302,EASTD 153,EASTD,2025Spring,4.86,3.25,30,1
218309,HIST-LIT 10,HIST-LIT,2023Spring,3.17,3.81,41,1
218311,HIST-LIT 90FB,HIST-LIT,2022Fall,4.92,5.31,15,1
218312,AFRAMER 202,AFRAMER,2024Spring,4.4,4.0,15,1
218313,PHIL 96,PHIL,2023Spring,4.67,1.4,6,1
218324,PHIL 159A,PHIL,2024Spring,3.83,4.27,17,1
218327,CLS-STDY 122,CLS-STDY,2025Spring,4.91,4.9,11,2
218329,SPANSH 157,SPANSH,2023Spring,4.87,4.2,18,1
218334,PSY 980HU,PSY,2023Spring,4.71,3.71,7,2
218334,PSY 980HU,PSY,2024Fall,4.5,5.0,16,2
218341,PHIL 27,PHIL,2022Fall,4.67,3.4,8,1
218342,PHIL 40,PHIL,2022Fall,2.29,5.14,16,1
218350,STAT 216,STAT,2024Fall,4.82,5.75,17,1
218353,ANTHRO 2910,ANTHRO,2025Spring,4.5,14.25,12,1
218370,FRSEMR 64I,FRSEMR,2022Fall,4.88,3.13,10,1
218466,SCRB 297,SCRB,2022Fall,4.67,2.67,14,3
218466,SCRB 297,SCRB,2023Fall,4.5,2.67,19,3
218466,SCRB 297,SCRB,2024Fall,4.64,4.55,52,3
218475,GENED 1175,GENED,2022Fall,3.88,3.78,196,3
218479,FRSEMR 72M,FRSEMR,2022Fall,4.25,2.38,10,1
218480,FYSEMR 52L,FYSEMR,2023Fall,4.5,1.0,7,1
218481,FRSEMR 64P,FYSEMR,2023Spring,3.67,2.78,9,1
218481,FYSEMR 64P,FYSEMR,2023Fall,4.8,3.8,6,1
218493,FYSEMR 52K,FYSEMR,2023Fall,4.0,2.5,10,1
218495,HIST 1222,HIST,2023Spring,3.8,5.56,12,1
218496,HIST 12Y,HIST,2022Fall,4.67,5.0,11,1
218496,HIST 12Y,HIST,2023Fall,4.1,6.11,12,1
218501,FRSEMR 64O,FRSEMR,2022Fall,3.17,2.5,8,1
218503,FRSEMR 72O,FYSEMR,2022Fall,4.45,2.91,11,1
218503,FYSEMR 72O,FYSEMR,2023Fall,3.23,3.58,14,1
218508,PSY 1708,PSY,2022Fall,4.5,4.23,16,1
218509,PSY 1709,PSY,2023Spring,4.7,4.6,14,1
218509,PSY 1709,PSY,2024Spring,4.2,3.61,44,1
218509,PSY 1709,PSY,2025Spring,4.89,4.22,11,1
218513,PSY 1612,PSY,2023Spring,4.5,3.5,13,1
218513,PSY 1612,PSY,2024Spring,4.88,3.29,13,1
218513,PSY 1612,PSY,2025Spring,4.63,3.39,21,1
218514,FRSEMR 72P,FYSEMR,2022Fall,4.78,3.0,12,1
218514,FYSEMR 72P,FYSEMR,2023Fall,4.27,2.6,12,1
218514,FYSEMR 72P,FYSEMR,2024Fall,4.38,4.5,12,1
218515,PSY 1524,PSY,2023Spring,4.5,3.67,19,1
218516,PSY 1527,PSY,2022Fall,4.69,2.92,14,1
218517,PSY 1018,PSY,2022Fall,4.32,2.12,36,1
218517,PSY 1018,PSY,2023Fall,4.67,2.71,33,1
218517,PSY 1018,PSY,2024Fall,4.3,4.26,39,1
218518,PSY 1812,PSY,2023Spring,4.94,3.5,18,1
218518,PSY 1812,PSY,2024Spring,4.92,3.25,13,1
218523,SOC-STD 98UD,SOC-STD,2023Spring,4.75,7.13,9,1
218523,SOC-STD 98UD,SOC-STD,2023Fall,4.71,5.6,9,1
218523,SOC-STD 98UD,SOC-STD,2025Spring,4.67,7.67,10,1
218525,PSY 1816,PSY,2022Fall,4.6,3.07,16,1
218525,PSY 1816,PSY,2023Fall,4.92,3.58,17,1
218525,PSY 1816,PSY,2025Spring,4.67,3.67,15,1
218527,WOMGEN 1209,WOMGEN,2022Fall,4.3,3.3,15,1
218527,WOMGEN 1209,WOMGEN,2023Fall,4.0,3.63,13,1
218527,WOMGEN 1209,WOMGEN,2024Fall,4.8,5.78,12,1
218532,SLAVIC 118,SLAVIC,2022Fall,4.92,5.96,29,1
218532,SLAVIC 118,SLAVIC,2025Spring,4.82,6.14,45,1
218536,SPANSH 147,SPANSH,2022Fall,4.6,5.8,8,1
218540,FRENCH 83,FRENCH,2024Spring,4.2,3.4,7,1
218542,FRENCH 117,FRENCH,2023Fall,4.67,8.4,6,1
218545,ANE 197,ANE,2022Fall,3.8,6.4,6,1
218547,ANE 170,ANE,2024Fall,4.64,3.9,19,1
218574,SLAVIC 144,SLAVIC,2025Spring,4.89,6.3,13,1
218586,HIST 1223,HIST,2022Fall,4.06,4.78,54,1
218586,HIST 1223,HIST,2023Fall,4.47,3.59,24,1
218587,HIST 12Z,HIST,2023Spring,4.6,4.67,11,1
218587,HIST 12Z,HIST,2024Spring,5.0,7.6,16,1
218600,EMR 1010,EMR,2022Fall,4.52,4.47,25,1
218600,EMR 1010,EMR,2023Fall,4.52,4.1,29,1
218600,EMR 1010,EMR,2024Fall,4.8,3.2,5,1
218610,NEURO 101QA,NEURO,2022Fall,5.0,3.44,12,1
218610,NEURO 101QA,NEURO,2023Fall,4.9,3.5,13,3
218611,NEURO 101QB,NEURO,2023Spring,5.0,3.38,12,1
218611,NEURO 101QB,NEURO,2024Spring,5.0,3.3,13,3
218613,COMPSCI 120,COMPSCI,2022Fall,4.15,11.2,238,2
218613,COMPSCI 120,COMPSCI,2023Fall,4.01,9.95,211,2
218613,COMPSCI 1200,COMPSCI,2024Fall,4.03,9.21,172,2
218614,APPHY 242,APPHY,2022Fall,4.83,7.0,10,1
218614,APPHY 242,APPHY,2023Fall,3.94,5.19,17,1
218614,APPHY 242,APPHY,2024Fall,4.63,7.0,13,1
218627,PHIL 126S,PHIL,2023Fall,4.5,7.0,12,2
218659,RUSS HA,RUSS,2024Fall,4.57,6.71,7,1
218678,AFVS 51S,AFVS,2022Fall,4.0,5.2,10,1
218679,MCB 175,MCB,2022Fall,4.22,3.34,43,1
218679,MCB 175,MCB,2023Fall,4.3,3.21,59,1
218679,MCB 175,MCB,2024Fall,4.08,4.56,67,1
218680,FYSEMR 64Q,FYSEMR,2024Spring,3.0,6.0,10,1
218680,FYSEMR 64Q,FYSEMR,2025Spring,4.25,8.33,6,1
218686,HISTSCI 1480,HISTSCI,2025Spring,4.58,4.64,15,1
218690,HISTSCI 1780,HISTSCI,2023Fall,4.85,3.85,20,1
218707,ANTHRO 1781,ANTHRO,2023Fall,4.67,7.17,10,1
218707,ANTHRO 1781,ANTHRO,2025Spring,5.0,5.0,9,1
218708,ANTHRO 1617,ANTHRO,2023Spring,4.67,5.17,9,1
218708,ANTHRO 1617,ANTHRO,2024Spring,5.0,5.67,7,1
218709,ANTHRO 1709,ANTHRO,2023Spring,4.5,6.6,16,1
218709,ANTHRO 1709,ANTHRO,2024Spring,4.86,5.29,7,1
218709,ANTHRO 1709,ANTHRO,2025Spring,5.0,8.0,17,1
218716,HEB 126,HEB,2025Spring,4.67,3.83,6,1
218732,GOV 94GD,GOV,2022Fall,4.71,6.57,10,1
218732,GOV 94GD,GOV,2023Fall,4.67,4.67,10,1
218732,GOV 94GD,GOV,2024Fall,4.36,6.36,16,1
218734,GOV 94RC,GOV,2022Fall,4.3,5.36,14,1
218734,GOV 94RC,GOV,2023Fall,4.2,4.4,6,1
218734,GOV 94RC,GOV,2024Fall,4.58,7.08,14,1
218749,GOV 1737,GOV,2023Spring,4.72,3.83,75,1
218749,GOV 1737,GOV,2024Spring,4.55,3.0,95,1
218749,GOV 1737,GOV,2025Spring,4.52,3.73,326,1
218751,OEB 65,OEB,2022Fall,4.31,4.38,32,1
218751,OEB 65,OEB,2024Fall,3.88,6.58,71,1
218754,ENGLISH 124SG,ENGLISH,2024Spring,4.6,4.5,13,1
218755,ENGLISH 173BL,ENGLISH,2024Spring,4.73,3.45,22,1
218756,ENGLISH CCFC,ENGLISH,2022Fall,4.9,6.3,12,1
218756,ENGLISH CCFC,ENGLISH,2023Fall,5.0,7.0,11,1
218757,ENGLISH CCDP,ENGLISH,2024Spring,4.57,5.17,10,1
218758,ANTHRO 1707,ANTHRO,2022Fall,4.78,5.56,11,1
218809,COMPSCI 290B,COMPSCI,2023Spring,4.32,1.94,45,3
218809,COMPSCI 290B,COMPSCI,2024Spring,4.2,1.6,26,2
218809,COMPSCI 2902,COMPSCI,2025Spring,5.0,1.25,27,2
218810,RELIGION 1821,RELIGION,2024Spring,4.88,5.43,16,2
218817,ECON 1021,ECON,2022Fall,2.94,3.14,247,1
218817,ECON 1021,ECON,2023Fall,4.7,3.78,20,1
218817,ECON 1021,ECON,2025Spring,2.83,3.59,184,1
218819,AFRAMER 115Y,AFRAMER,2022Fall,4.8,4.5,10,1
218824,LING 187,LING,2023Spring,4.57,5.0,7,1
218825,EMR 1020,EMR,2023Spring,4.43,5.29,29,1
218825,EMR 1020,EMR,2024Spring,4.55,4.0,13,1
218826,EMR 148,EMR,2023Spring,4.1,4.4,16,1
218827,EMR 149,EMR,2023Spring,4.65,4.0,28,1
218842,HISTSCI 1471,HISTSCI,2022Fall,4.65,4.38,34,1
218843,HISTSCI 1460,HISTSCI,2022Fall,4.6,4.76,32,1
218851,HEB 1304,HEB,2022Fall,4.23,3.0,18,1
218851,HEB 1304,HEB,2023Fall,4.18,4.1,13,1
218851,HEB 144,HEB,2024Fall,4.33,3.6,14,1
218852,ENGLISH CNMJ,ENGLISH,2022Fall,4.8,6.0,13,1
218853,ENGLISH CNGS,ENGLISH,2023Spring,4.78,6.0,14,1
218887,ESE 50,ESE,2022Fall,3.88,3.88,20,1
218887,ESE 50,ESE,2023Fall,3.87,4.6,17,1
218915,EDST 102,EDST,2022Fall,3.86,3.14,9,1
218915,EDST 102,EDST,2023Fall,4.21,3.05,24,1
218915,EDST 102,EDST,2024Fall,4.33,5.42,13,1
218916,EDST 103,EDST,2022Fall,4.67,3.63,17,1
218916,EDST 103,EDST,2023Fall,4.09,3.3,13,1
218916,EDST 103,EDST,2024Fall,4.6,3.6,8,1
218917,EDST 104,EDST,2023Spring,4.75,5.42,15,1
218917,EDST 104,EDST,2023Fall,4.31,3.62,18,1
218918,EDST 121,EDST,2024Spring,4.67,2.25,14,1
218918,EDST 121,EDST,2025Spring,4.25,3.35,42,1
218921,EDST 124,EDST,2023Spring,4.53,2.65,24,1
218921,EDST 124,EDST,2024Spring,4.71,3.77,14,1
218922,EDST 125,EDST,2023Spring,4.67,4.0,10,1
218922,EDST 125,EDST,2024Spring,4.5,3.5,10,1
218922,EDST 125,EDST,2025Spring,4.63,4.14,15,1
218928,SCRB 135,SCRB,2023Spring,5.0,4.32,24,1
218928,SCRB 135,SCRB,2024Spring,4.95,4.8,23,1
218928,SCRB 135,SCRB,2025Spring,5.0,4.33,24,1
218949,SOCIOL 98WF,SOCIOL,2022Fall,4.8,4.8,10,1
219526,SOCIOL 1109,SOCIOL,2022Fall,2.67,3.5,6,1
219554,SCIENCE 5,SCIENCE,2023Spring,4.5,4.3,18,1
219554,SCIENCE 5,SCIENCE,2024Spring,4.76,4.75,26,2
219554,SCIENCE 5,SCIENCE,2025Spring,4.38,4.13,22,2
219561,AFVS 76,AFVS,2022Fall,4.19,2.6,36,1
219614,ECON 1343,ECON,2023Spring,4.18,3.97,100,1
219614,ECON 1343,ECON,2024Fall,4.62,4.49,140,1
219636,ECON 2070,ECON,2023Spring,4.82,4.23,23,1
219636,ECON 2070,ECON,2024Fall,4.5,6.0,20,1
219648,PSY 1528,PSY,2024Fall,5.0,6.0,12,1
219649,HISTSCI 1472,HISTSCI,2023Spring,4.63,4.98,72,1
219650,HISTSCI 1461,HISTSCI,2023Spring,5.0,5.58,15,1
219656,GENED 1178,GENED,2023Spring,3.84,3.8,58,1
219656,GENED 1178,GENED,2024Spring,3.77,3.54,75,1
219657,GENED 1179,GENED,2023Spring,4.32,2.92,296,1
219657,GENED 1179,GENED,2024Spring,4.39,3.14,377,1
219657,GENED 1179,GENED,2024Fall,4.24,4.12,214,1
219669,RELIGION 2521,RELIGION,2023Fall,4.86,6.33,8,1
219696,RUSS HB,RUSS,2025Spring,5.0,7.8,6,1
219700,STAT 288,STAT,2023Spring,4.5,6.75,7,1
219700,STAT 288,STAT,2024Spring,4.38,7.83,16,1
219700,STAT 288,STAT,2025Spring,4.15,8.69,21,1
219701,PSY 1529,PSY,2022Fall,4.77,5.15,15,1
219702,AFRAMER 113X,AFRAMER,2023Spring,4.5,1.43,12,1
219702,AFRAMER 113X,AFRAMER,2024Spring,5.0,3.67,11,1
219706,ANTHRO 1898,ANTHRO,2023Spring,4.6,7.0,7,1
219708,ANTHRO 1475,ANTHRO,2023Spring,4.22,3.32,53,1
219711,GOV 2018,GOV,2024Spring,3.43,6.87,35,2
219718,NEC 107,NEC,2022Fall,4.89,5.5,10,1
219718,NEC 107,NEC,2023Fall,4.14,5.14,12,1
219734,E-PSCI 54,E-PSCI,2024Spring,4.67,2.33,6,1
219744,COMPSCI 32,COMPSCI,2023Spring,4.34,5.81,158,2
219744,COMPSCI 32,COMPSCI,2024Spring,4.32,5.66,284,2
219744,COMPSCI 32,COMPSCI,2025Spring,4.02,6.28,265,2
219745,COMPSCI 128,COMPSCI,2023Spring,4.53,8.8,18,1
219745,COMPSCI 128,COMPSCI,2024Spring,4.47,9.11,26,1
219748,TDM 187B,TDM,2022Fall,4.25,3.0,14,1
219748,TDM 187B,TDM,2023Fall,3.57,5.17,10,1
219748,TDM 187B,TDM,2024Fall,4.0,4.33,9,1
219753,ECON 1133,ECON,2022Fall,4.4,4.34,144,1
219760,ENG-SCI 236,ENG-SCI,2023Spring,4.1,10.9,20,1
219763,SOCIOL 1110,SOCIOL,2023Spring,3.67,4.5,6,1
219916,ESPP 173,ESPP,2023Spring,4.0,7.67,8,1
219916,ESPP 173,ESPP,2024Spring,4.0,6.6,9,1
219923,MCB 327,MCB,2023Spring,4.67,1.17,16,1
219923,MCB 327,MCB,2024Spring,3.0,1.0,14,1
219923,MCB 327,MCB,2025Spring,4.29,1.6,13,2
219973,MBB 980X,MBB,2023Spring,4.25,2.5,9,2
219973,MBB 980X,MBB,2024Spring,4.4,3.0,10,2
219973,MBB 980X,MBB,2025Spring,5.0,4.67,6,2
220022,GENED 1181,GENED,2022Fall,4.57,3.05,173,1
220022,GENED 1181,GENED,2023Fall,4.4,3.42,171,1
220023,GENED 1183,GENED,2022Fall,3.01,4.46,87,1
220023,GENED 1183,GENED,2025Spring,2.81,5.68,101,1
220024,GENED 1182,GENED,2023Spring,3.97,5.21,48,1
220024,GENED 1182,GENED,2024Spring,4.13,5.67,21,1
220038,CHNSE 136R,CHNSE,2022Fall,4.63,5.47,23,1
220038,CHNSE 136R,CHNSE,2024Fall,3.89,6.22,10,1
220039,CHNSE 138R,CHNSE,2023Spring,4.89,4.75,11,1
220042,HIST 15B,HIST,2022Fall,4.73,4.82,12,1
220044,JAPNLIT 261,JAPNLIT,2022Fall,5.0,6.75,7,1
220045,EASTD 270,EASTD,2022Fall,4.88,8.5,12,2
220047,GOV 1742,GOV,2023Spring,4.91,5.55,36,1
220047,GOV 1742,GOV,2025Spring,4.81,5.45,35,1
220048,GOV 1125,GOV,2023Spring,4.08,4.24,29,1
220048,GOV 1125,GOV,2024Spring,4.45,4.4,28,1
220048,GOV 1125,GOV,2025Spring,4.74,5.56,47,1
220049,ENGLISH 90RV,ENGLISH,2022Fall,4.6,5.8,7,1
220051,HAA 189K,HAA,2022Fall,4.58,4.25,22,1
220053,ENGLISH 102M,ENGLISH,2022Fall,3.64,6.23,23,1
220054,ENGLISH 124P,ENGLISH,2023Spring,4.47,5.32,28,1
220056,SCRB 164,SCRB,2022Fall,4.7,3.5,11,1
220056,SCRB 164,SCRB,2023Fall,5.0,2.71,9,1
220057,SCRB 120,SCRB,2023Spring,4.74,3.53,25,1
220057,SCRB 120,SCRB,2024Spring,4.79,3.16,61,1
220057,SCRB 120,SCRB,2025Spring,4.87,4.79,347,1
220058,HAA 174K,HAA,2023Spring,4.91,10.0,12,1
220061,GOV 3002B,GOV,2023Spring,4.5,1.25,14,1
220062,HIST 1025,HIST,2023Spring,5.0,6.0,12,1
220065,MCB 149,MCB,2022Fall,4.79,3.89,40,1
220065,MCB 149,MCB,2023Fall,4.48,3.42,55,1
220065,MCB 149,MCB,2024Fall,4.6,3.0,18,1
220066,HISTSCI 2480,HISTSCI,2022Fall,4.63,7.88,10,1
220070,HIST 15C,HIST,2022Fall,4.5,6.25,7,1
220070,HIST 15C,HIST,2024Fall,4.57,6.43,11,1
220071,HIST 15D,HIST,2022Fall,4.46,4.69,17,1
220072,HIST 2473,HIST,2023Spring,4.5,7.5,12,2
220073,HIST 2455,HIST,2022Fall,4.0,11.33,5,1
220075,HIST 15E,HIST,2022Fall,4.48,4.14,26,2
220075,HIST 15E,HIST,2024Fall,4.44,4.73,24,2
220080,ENGLISH 125PC,ENGLISH,2022Fall,3.0,3.43,16,1
220084,ENGLISH 187AA,ENGLISH,2022Fall,4.5,5.75,17,1
220085,CHNSLIT 290,CHNSLIT,2022Fall,4.5,10.0,11,1
220086,PSY 1060,PSY,2023Spring,4.53,3.75,77,1
220090,MUSIC 22,MUSIC,2024Fall,4.09,3.85,75,2
220091,EASTD 154,EASTD,2022Fall,4.58,4.25,22,1
220092,PSY 1813,PSY,2022Fall,4.8,3.12,27,1
220092,PSY 1813,PSY,2023Fall,4.74,3.05,28,1
220092,PSY 1813,PSY,2024Fall,4.74,3.4,40,1
220093,PSY 980HI,PSY,2022Fall,4.8,5.4,8,2
220101,PSY 1019,PSY,2022Fall,5.0,3.43,10,1
220103,GOV 1032,GOV,2022Fall,4.29,5.7,39,1
220106,ENGLISH 90AH,ENGLISH,2023Spring,5.0,5.0,17,1
220106,ENGLISH 90AH,ENGLISH,2023Fall,4.86,4.86,16,1
220107,ENGLISH 90EX,ENGLISH,2023Spring,4.0,3.0,14,1
220107,ENGLISH 90EX,ENGLISH,2025Spring,5.0,3.8,11,1
220108,ENGLISH 90RC,ENGLISH,2023Spring,4.71,4.13,10,1
220110,EMR 151,EMR,2022Fall,5.0,4.73,17,1
220110,EMR 151,EMR,2023Fall,4.73,4.55,17,1
220112,FRSEMR 64T,FRSEMR,2022Fall,3.29,5.14,8,1
220113,FRSEMR 72R,FRSEMR,2022Fall,4.11,2.38,9,1
220115,GENED 1072,GENED,2023Spring,4.13,4.41,54,1
220116,GENED 1028,GENED,2023Spring,4.38,2.82,94,1
220117,GENED 1059,GENED,2023Spring,4.26,6.82,74,1
220117,GENED 1059,GENED,2023Fall,4.54,6.22,73,1
220118,GENED 1144,GENED,2022Fall,3.76,4.93,188,1
220119,GOV 94UN,GOV,2022Fall,4.5,5.17,15,1
220119,GOV 94UN,GOV,2023Fall,4.36,3.79,16,1
220120,STAT 184,STAT,2022Fall,3.71,10.7,78,2
220120,STAT 184,STAT,2023Fall,3.9,8.59,57,2
220120,STAT 184,STAT,2024Fall,3.7,8.82,115,1
220121,GOV 94ML,GOV,2023Spring,4.5,4.0,7,1
220122,ECON 2326,ECON,2023Spring,4.29,7.15,18,1
220124,COMPSCI 184,COMPSCI,2022Fall,3.71,10.7,78,2
220124,COMPSCI 184,COMPSCI,2023Fall,3.9,8.59,57,2
220124,COMPSCI 1840,COMPSCI,2024Fall,3.7,8.82,115,1
220125,COMPSCI 178,COMPSCI,2023Spring,4.0,8.79,34,1
220125,COMPSCI 178,COMPSCI,2024Spring,3.69,7.32,41,1
220126,COMPSCI 73,COMPSCI,2022Fall,4.75,9.22,27,2
220126,COMPSCI 73,COMPSCI,2023Fall,4.65,8.55,27,1
220126,COMPSCI 73,COMPSCI,2024Fall,4.59,11.0,30,2
220127,COMPSCI 276,COMPSCI,2023Spring,4.75,7.45,34,1
220127,COMPSCI 276,COMPSCI,2024Spring,4.32,7.12,39,1
220128,APMTH 230,APMTH,2023Spring,4.73,9.07,20,1
220128,APMTH 230,APMTH,2025Spring,4.3,9.63,21,1
220129,GOV 1041,GOV,2023Spring,4.31,3.32,36,1
220129,GOV 1041,GOV,2025Spring,3.98,4.05,67,1
220130,ENGLISH 195BD,ENGLISH,2023Spring,4.74,4.19,37,1
220130,ENGLISH 195BD,ENGLISH,2024Spring,4.65,3.65,59,1
220131,ENGLISH 90DR,ENGLISH,2022Fall,4.83,3.6,7,1
220134,HIST 1901,HIST,2023Spring,4.64,5.3,12,1
220134,HIST 1901,HIST,2023Fall,4.78,4.6,14,1
220135,HIST 1014,HIST,2023Spring,4.47,4.16,28,1
220136,ENGLISH 228C,ENGLISH,2022Fall,4.4,6.25,5,1
220137,ENGLISH CCFS,ENGLISH,2022Fall,5.0,4.86,12,1
220137,ENGLISH CCFS,ENGLISH,2024Spring,4.38,3.5,12,1
220137,ENGLISH CCFS,ENGLISH,2025Spring,4.78,3.78,10,1
220138,ENGLISH CBST,ENGLISH,2022Fall,5.0,4.7,12,1
220139,ENGLISH CTLL,ENGLISH,2022Fall,4.88,4.43,12,1
220140,ENGLISH CSST,ENGLISH,2022Fall,4.88,5.5,13,1
220141,ENGLISH CACW,ENGLISH,2023Spring,5.0,3.7,12,1
220141,ENGLISH CACW,ENGLISH,2023Fall,4.18,3.67,12,1
220142,ENGLISH CQN,ENGLISH,2023Spring,4.78,4.56,12,1
220143,ENGLISH CCDS,ENGLISH,2023Spring,4.78,3.89,11,1
220144,HIST 15K,HIST,2023Spring,4.5,5.9,10,1
220145,ECON 980KK,ECON,2023Spring,4.17,3.4,6,1
220145,ECON 980KK,ECON,2024Spring,3.75,8.33,8,1
220145,ECON 980KK,ECON,2025Spring,4.5,4.33,7,1
220148,GOV 1114,GOV,2023Spring,4.63,7.13,36,1
220148,GOV 1114,GOV,2024Spring,4.65,5.72,52,1
220150,AFRAMER 180Z,AFRAMER,2023Spring,4.53,5.21,19,1
220152,TDM 180L,TDM,2022Fall,4.38,4.63,11,1
220152,TDM 180L,TDM,2023Fall,4.67,5.4,12,1
220154,TDM 181M,TDM,2023Spring,4.91,2.0,11,1
220154,TDM 181M,TDM,2024Spring,4.44,1.33,16,1
220154,TDM 181M,TDM,2025Spring,4.88,2.0,10,1
220157,HIST 15F,HIST,2023Spring,4.4,6.2,5,1
220158,HIST 1115,HIST,2023Spring,4.8,5.2,9,1
220158,HIST 1115,HIST,2024Spring,4.67,3.83,6,1
220159,SOCIOL 1176,SOCIOL,2022Fall,4.59,4.33,54,1
220159,SOCIOL 1176,SOCIOL,2024Spring,4.39,4.53,67,1
220159,SOCIOL 1176,SOCIOL,2025Spring,4.57,4.71,25,1
220160,SPANSH 236,SPANSH,2023Spring,4.33,9.17,9,1
220162,SPANSH 167,SPANSH,2022Fall,4.14,4.0,10,1
220163,SPANSH 131,SPANSH,2023Spring,4.36,6.7,16,1
220164,AFRAMER 215X,AFRAMER,2022Fall,4.67,7.8,11,1
220169,GOV 94WT,GOV,2023Spring,4.08,4.46,15,1
220169,GOV 94WT,GOV,2023Fall,4.43,4.14,13,1
220170,PSY 1613,PSY,2022Fall,4.35,4.0,36,1
220171,PSY 1541,PSY,2023Spring,4.9,4.91,14,1
220172,PSY 1623,PSY,2023Spring,5.0,4.0,10,1
220173,SOCIOL 1185,SOCIOL,2022Fall,4.67,5.76,26,1
220175,ANTHRO 1224,ANTHRO,2022Fall,5.0,5.5,10,1
220175,ANTHRO 1224,ANTHRO,2024Fall,5.0,5.25,13,1
220176,SOCIOL 1192,SOCIOL,2024Spring,4.5,6.5,10,1
220177,ASTRON 214,ASTRON,2022Fall,3.67,6.0,9,2
220177,ASTRON 214,ASTRON,2024Fall,4.86,3.0,14,1
220178,HISTSCI 1630,HISTSCI,2022Fall,4.48,4.14,26,2
220179,GERMAN 121,GERMAN,2022Fall,4.28,3.49,94,1
220180,GERMAN 233,GERMAN,2023Spring,5.0,3.83,21,1
220181,CLASARCH 125,CLASARCH,2023Spring,4.56,2.2,28,1
220182,GERMAN 100,GERMAN,2023Spring,4.71,4.29,27,1
220182,GERMAN 100X,GERMAN,2025Spring,4.17,4.92,21,1
220183,GERMAN 192,GERMAN,2023Spring,5.0,6.0,8,1
220183,GERMAN 192,GERMAN,2025Spring,4.86,3.86,8,1
220189,FRSEMR 64Y,FRSEMR,2022Fall,3.67,2.17,8,1
220192,SOCIOL 1197,SOCIOL,2022Fall,4.7,4.0,43,1
220192,SOCIOL 1197,SOCIOL,2023Fall,4.78,4.55,52,1
220192,SOCIOL 1197,SOCIOL,2024Fall,4.75,5.22,35,1
220193,PSY 980SC,PSY,2023Spring,4.69,3.83,15,2
220193,PSY 980SC,PSY,2024Spring,5.0,4.0,15,2
220194,SOCIOL 1107,SOCIOL,2023Spring,4.87,5.79,17,1
220194,SOCIOL 1107,SOCIOL,2023Fall,4.57,7.0,13,1
220196,FRSEMR 72U,FYSEMR,2022Fall,4.78,2.5,10,1
220196,FYSEMR 72U,FYSEMR,2023Fall,4.56,1.67,12,1
220196,FYSEMR 72U,FYSEMR,2024Fall,4.86,3.14,11,1
220197,FRSEMR 64Z,FYSEMR,2022Fall,3.86,5.86,10,1
220197,FYSEMR 64Z,FYSEMR,2023Fall,4.0,5.13,9,1
220198,FRSEMR 72T,FRSEMR,2022Fall,4.67,3.11,11,1
220199,FRSEMR 65C,FRSEMR,2022Fall,4.73,4.0,11,1
220202,ENGLISH 90TU,ENGLISH,2023Spring,4.75,4.75,8,1
220203,ECON 1071,ECON,2022Fall,4.5,3.85,21,1
220203,ECON 1071,ECON,2023Fall,4.19,3.79,68,1
220203,ECON 1071,ECON,2025Spring,3.38,5.45,56,1
220204,AFVS 272,AFVS,2024Fall,2.57,7.0,11,1
220205,PSY 1022,PSY,2023Spring,4.74,3.7,28,1
220205,PSY 1022,PSY,2024Spring,4.69,2.85,58,1
220205,PSY 1022,PSY,2025Spring,4.53,3.22,66,1
220207,ESE 115,ESE,2022Fall,4.88,3.88,8,1
220207,ESE 115,ESE,2023Fall,4.82,4.82,12,1
220207,ESE 115,ESE,2025Spring,4.8,12.0,8,1
220208,WOMGEN 1410,WOMGEN,2023Spring,4.82,3.6,14,1
220210,QSE 200,QSE,2022Fall,3.33,14.33,13,2
220210,QSE 200,QSE,2023Fall,2.83,10.5,26,1
220210,QSE 200,QSE,2024Fall,3.6,12.0,16,1
220212,QSE 296,QSE,2023Fall,4.85,8.1,18,1
220212,QSE 296,QSE,2025Spring,4.77,8.16,43,1
220214,QSE 210B,QSE,2024Spring,3.75,10.05,36,1
220215,QSE 210A,QSE,2023Spring,3.45,8.64,16,2
220215,QSE 210A,QSE,2025Spring,3.67,5.67,16,1
220239,JEWISHST 156,JEWISHST,2022Fall,4.0,5.6,6,1
220240,FRSEMR 72S,FRSEMR,2022Fall,4.25,4.0,5,1
220241,ENGLISH 90LN,ENGLISH,2022Fall,4.89,9.13,15,2
220241,ENGLISH 90LN,ENGLISH,2023Fall,4.33,3.78,11,2
220241,ENGLISH 90LN,ENGLISH,2024Fall,4.8,5.6,7,1
220242,FRSEMR 65E,FRSEMR,2022Fall,4.7,5.5,13,1
220243,FRSEMR 72V,FRSEMR,2022Fall,4.8,2.8,11,1
220244,FRSEMR 72W,FYSEMR,2022Fall,4.0,3.56,10,1
220244,FYSEMR 72W,FYSEMR,2023Fall,4.91,2.73,12,1
220247,PSY 1026,PSY,2022Fall,4.29,2.92,19,1
220247,PSY 1026,PSY,2023Fall,4.5,3.32,36,1
220247,PSY 1026,PSY,2025Spring,4.32,3.41,35,1
220248,PSY 1031,PSY,2023Spring,5.0,5.14,10,1
220248,PSY 1031,PSY,2024Spring,4.8,4.11,13,1
220248,PSY 1031,PSY,2024Fall,4.85,5.93,20,1
220253,FRSEMR 64U,FYSEMR,2022Fall,4.5,3.75,8,1
220253,FYSEMR 64U,FYSEMR,2023Fall,4.78,3.33,11,1
220254,OEB 140,OEB,2022Fall,3.86,3.71,9,1
220258,COMPLIT 102Y,COMPLIT,2023Spring,4.6,5.8,5,1
220261,HIST 15H,HIST,2022Fall,4.89,9.13,15,2
220262,HIST 15L,HIST,2023Spring,4.27,6.4,15,1
220262,HIST 1977,HIST,2024Spring,3.8,4.25,10,1
220263,SOC-STD 98VR,SOC-STD,2024Spring,4.0,6.57,8,1
220265,SOC-STD 98VW,SOC-STD,2022Fall,5.0,8.29,8,1
220265,SOC-STD 98VW,SOC-STD,2023Fall,5.0,6.75,10,1
220266,COMPLIT 119X,COMPLIT,2022Fall,4.89,5.5,10,1
220266,COMPLIT 119X,COMPLIT,2023Fall,4.14,5.14,12,1
220267,COMPLIT 121X,COMPLIT,2022Fall,4.28,3.49,94,1
220270,COMPLIT 100X,COMPLIT,2023Spring,4.71,4.29,27,1
220271,COMPLIT 223X,COMPLIT,2023Spring,5.0,3.83,21,1
220277,COMPLIT 140X,COMPLIT,2023Spring,4.29,5.33,10,1
220289,SOC-STD 98VH,SOC-STD,2022Fall,5.0,6.29,10,1
220289,SOC-STD 98VH,SOC-STD,2024Spring,4.86,5.86,9,1
220292,ALBANIAN BA,ALBANIAN,2023Fall,5.0,4.4,5,1
220297,WOMGEN 1208,WOMGEN,2022Fall,4.86,4.43,18,1
220297,WOMGEN 1208,WOMGEN,2023Fall,4.63,4.44,17,1
220297,WOMGEN 1208,WOMGEN,2024Fall,5.0,3.93,16,1
220298,WOMGEN 1216,WOMGEN,2023Spring,5.0,4.62,14,1
220298,WOMGEN 1216,WOMGEN,2024Spring,4.62,3.62,14,1
220298,WOMGEN 1216,WOMGEN,2025Spring,4.75,4.17,16,1
220377,ECON 2329,ECON,2022Fall,4.45,6.09,14,2
220377,ECON 2329,ECON,2024Spring,5.0,7.6,6,2
220377,ECON 2329,ECON,2025Spring,5.0,7.25,6,2
220386,ECON 1346,ECON,2022Fall,4.43,4.79,14,1
220386,ECON 1346,ECON,2023Fall,3.62,5.72,37,1
220386,ECON 1346,ECON,2024Fall,4.42,6.73,13,1
220387,HIST 1075,HIST,2022Fall,4.67,5.67,10,1
220393,SOCIOL 1191,SOCIOL,2022Fall,4.46,3.19,38,1
220395,SOCIOL 1000,SOCIOL,2022Fall,4.18,5.92,73,1
220395,SOCIOL 1000,SOCIOL,2023Spring,4.27,5.56,43,1
220395,SOCIOL 1000,SOCIOL,2023Fall,4.27,4.95,60,1
220395,SOCIOL 1000,SOCIOL,2025Spring,4.1,4.47,38,2
220396,NEURO 101RA,NEURO,2022Fall,4.4,3.2,8,1
220396,NEURO 101RA,NEURO,2023Fall,4.5,2.9,11,3
220397,NEURO 101RB,NEURO,2023Spring,5.0,4.17,8,1
220397,NEURO 101RB,NEURO,2024Spring,4.8,3.22,10,3
220400,NEURO 101TA,NEURO,2022Fall,4.91,2.55,15,2
220401,NEURO 101TB,NEURO,2023Spring,5.0,3.27,15,1
220405,FRSEMR 65F,FYSEMR,2022Fall,4.86,2.57,7,1
220405,FYSEMR 65F,FYSEMR,2023Fall,5.0,3.14,11,1
220408,ECON 2924,ECON,2022Fall,4.57,2.14,10,1
220408,ECON 2924,ECON,2023Fall,4.83,2.25,11,1
220408,ECON 2924,ECON,2024Spring,4.63,2.29,15,1
220409,SOC-STD 98VG,SOC-STD,2022Fall,4.44,6.11,10,1
220409,SOC-STD 98VG,SOC-STD,2023Fall,4.75,6.0,9,1
220419,ENGLISH CFE,ENGLISH,2022Fall,4.8,3.78,12,1
220419,ENGLISH CFE,ENGLISH,2024Fall,5.0,3.75,5,1
220420,AFVS 58T,AFVS,2023Fall,4.57,7.57,9,1
220421,AFVS 163,AFVS,2022Fall,3.71,3.86,11,1
220422,AFVS 194,AFVS,2022Fall,4.36,4.86,18,1
220423,AFVS 145K,AFVS,2022Fall,5.0,10.6,7,1
220424,EMR 155,EMR,2022Fall,4.06,4.5,20,1
220425,EMR 154,EMR,2022Fall,4.59,4.63,23,1
220426,SLAVIC 260,SLAVIC,2022Fall,3.25,6.5,10,1
220429,AFVS 40H,AFVS,2022Fall,3.9,5.63,10,1
220429,AFVS 40H,AFVS,2023Spring,4.75,8.0,10,1
220429,AFVS 40H,AFVS,2023Fall,4.25,6.5,11,1
220429,AFVS 40H,AFVS,2024Spring,5.0,6.33,11,1
220429,AFVS 40H,AFVS,2024Fall,4.44,6.86,10,1
220429,AFVS 40H,AFVS,2025Spring,4.9,6.6,11,1
220433,AFVS 65,AFVS,2023Spring,4.78,7.38,10,1
220433,AFVS 65,AFVS,2024Spring,3.73,5.73,19,1
220434,AFVS 235,AFVS,2023Spring,4.67,4.67,9,1
220435,AFVS 152F,AFVS,2024Spring,4.5,5.83,11,1
220435,AFVS 152F,AFVS,2025Spring,5.0,7.63,10,1
220436,AFVS 178D,AFVS,2023Spring,4.5,4.78,15,1
220437,HIST 15N,HIST,2023Spring,4.29,7.0,9,1
220439,HIST-LIT 90FI,HIST-LIT,2022Fall,4.86,4.17,11,1
220439,HIST-LIT 90FI,HIST-LIT,2023Fall,5.0,5.0,9,1
220439,HIST-LIT 90FI,HIST-LIT,2024Fall,4.45,5.2,15,1
220440,HIST-LIT 90FJ,HIST-LIT,2022Fall,4.5,3.8,9,1
220440,HIST-LIT 90FJ,HIST-LIT,2024Spring,4.63,5.5,8,1
220441,HIST-LIT 90FK,HIST-LIT,2022Fall,4.7,4.33,12,1
220442,HIST-LIT 90FL,HIST-LIT,2022Fall,5.0,5.86,8,1
220443,HIST-LIT 90FM,HIST-LIT,2022Fall,3.44,4.0,11,1
220444,HIST-LIT 90FN,HIST-LIT,2022Fall,4.5,4.5,10,1
220447,HIST-LIT 90FQ,HIST-LIT,2022Fall,4.64,5.4,14,1
220448,HIST-LIT 90FR,HIST-LIT,2023Spring,4.75,7.29,12,1
220449,HIST-LIT 90FS,HIST-LIT,2022Fall,4.09,4.3,13,1
220450,HIST-LIT 90FT,HIST-LIT,2022Fall,3.67,3.6,6,1
220451,HIST-LIT 90FU,HIST-LIT,2022Fall,4.86,4.14,15,1
220454,COMPLIT 213X,COMPLIT,2022Fall,4.25,4.71,10,1
220455,COMPLIT 187X,COMPLIT,2023Spring,3.8,4.67,12,1
220475,PSY 980CL,PSY,2023Spring,4.5,4.0,14,2
220475,PSY 980CL,PSY,2024Spring,4.67,3.11,16,2
220475,PSY 980CL,PSY,2025Spring,4.4,4.4,15,2
220476,ESPP 90H,ESPP,2023Spring,4.85,3.38,17,1
220477,SOC-STD 98VT,SOC-STD,2024Fall,5.0,5.57,9,1
220478,PSY 980TM,PSY,2024Spring,4.8,3.2,6,2
220481,ESPP 90P,ESPP,2022Fall,4.43,3.29,11,1
220481,ESPP 90P,ESPP,2023Fall,4.64,3.64,16,1
220481,ESPP 90P,ESPP,2024Fall,4.6,4.0,14,1
220488,ECON 2925,ECON,2023Spring,4.5,1.67,11,2
220488,ECON 2925,ECON,2024Spring,5.0,1.0,12,2
220488,ECON 2925,ECON,2025Spring,4.86,2.8,16,2
220490,AFRAMER 184X,AFRAMER,2022Fall,4.23,6.75,19,1
220490,AFRAMER 184X,AFRAMER,2023Fall,4.33,9.63,14,1
220491,ENGLISH CVLP,ENGLISH,2023Spring,4.17,3.33,9,1
220492,MATH 270Z,MATH,2022Fall,5.0,12.0,21,1
220493,ENGLISH CVLI,ENGLISH,2022Fall,4.83,5.5,10,1
220494,MATH 271Z,MATH,2022Fall,5.0,12.6,30,1
220495,MATH 272Z,MATH,2022Fall,5.0,4.75,34,1
220500,MATH 277Z,MATH,2023Spring,4.8,7.6,36,1
220501,WOMGEN 1205,WOMGEN,2023Spring,4.29,4.0,17,1
220505,HAA 134P,HAA,2022Fall,5.0,2.6,8,1
220507,ARMENST 111,ARMENST,2022Fall,5.0,2.6,8,1
220511,AFVS 41K,AFVS,2023Spring,5.0,7.09,12,1
220514,AFVS 147H,AFVS,2023Spring,4.83,10.67,10,1
220515,CLS-STDY 144,CLS-STDY,2022Fall,4.0,3.77,21,1
220516,LATIN 163,LATIN,2022Fall,4.0,6.17,11,1
220517,AFVS 10F,AFVS,2023Spring,4.6,4.22,14,1
220518,AFVS 128,AFVS,2023Spring,4.8,9.9,12,1
220522,SOC-STD 98VE,SOC-STD,2023Spring,4.83,5.67,8,1
220522,SOC-STD 98VE,SOC-STD,2023Fall,5.0,5.2,7,1
220526,SOC-STD 98VF,SOC-STD,2023Spring,4.33,5.83,9,1
220526,SOC-STD 98VF,SOC-STD,2024Spring,5.0,8.17,10,1
220528,FRENCH 64,FRENCH,2022Fall,4.91,4.55,12,1
220528,FRENCH 64,FRENCH,2023Fall,4.8,5.2,6,1
220528,FRENCH 64,FRENCH,2024Fall,5.0,5.0,7,1
220533,MODMDEST 122,MODMDEST,2022Fall,4.57,6.33,7,1
220540,ROM-STD 162,ROM-STD,2022Fall,4.73,3.13,20,1
220540,ROM-STD 162,ROM-STD,2025Spring,4.8,3.0,15,1
220544,MATH 161,MATH,2023Spring,4.79,8.62,18,1
220545,MATH 278Z,MATH,2022Fall,5.0,4.0,25,1
220546,SLAVIC 193,SLAVIC,2022Fall,4.88,4.0,11,1
220549,AFRAMER 170Y,AFRAMER,2023Spring,5.0,4.71,15,1
220552,PHYSICS 230,PHYSICS,2023Spring,4.73,9.07,20,1
220552,PHYSICS 230,PHYSICS,2025Spring,4.3,9.63,21,1
220556,HIST-LIT 90FW,HIST-LIT,2023Spring,4.6,4.0,6,1
220557,SOCIOL 1178,SOCIOL,2022Fall,4.57,2.33,10,1
220557,SOCIOL 1178,SOCIOL,2024Fall,5.0,4.0,8,1
220558,SOCIOL 1194,SOCIOL,2023Spring,4.83,3.83,7,1
220558,SOCIOL 1194,SOCIOL,2025Spring,4.4,3.93,22,1
220559,SOCIOL 90IN,SOCIOL,2023Spring,4.17,5.0,8,1
220559,SOCIOL 90IN,SOCIOL,2025Spring,4.0,6.33,12,1
220560,FRENCH 84,FRENCH,2022Fall,4.2,7.4,9,1
220561,FRENCH 82,FRENCH,2023Spring,5.0,4.5,5,1
220564,SYSBIO 214,SYSBIO,2022Fall,4.2,3.25,10,3
220564,SYSBIO 214,SYSBIO,2023Fall,4.25,4.0,9,3
220569,PHIL 169W,PHIL,2022Fall,4.5,4.75,6,1
220569,PHIL 169W,PHIL,2023Fall,4.5,4.0,7,1
220572,HIST 2302,HIST,2023Spring,4.83,8.75,11,1
220581,RELIGION 1589,RELIGION,2022Fall,5.0,4.4,7,1
220587,AFRAMER 160X,AFRAMER,2023Spring,4.6,1.8,13,1
220587,AFRAMER 160X,AFRAMER,2024Spring,4.82,1.71,28,1
220592,BBS 230A,BBS,2023Fall,3.05,3.71,63,23
220594,SOCIOL 98JB,SOCIOL,2022Fall,4.7,4.5,10,1
220595,SOCIOL 1111,SOCIOL,2022Fall,4.83,2.78,66,1
220595,SOCIOL 1111,SOCIOL,2024Spring,4.49,2.74,145,1
220595,SOCIOL 1111,SOCIOL,2025Spring,4.63,3.02,125,1
220596,SOCIOL 1145,SOCIOL,2023Spring,4.6,3.43,15,1
220596,SOCIOL 1145,SOCIOL,2023Fall,4.6,3.5,15,1
220597,PHYSICS 265,PHYSICS,2023Spring,4.13,11.0,15,1
220597,PHYSICS 265,PHYSICS,2025Spring,3.92,7.78,20,1
220605,PHYSICS 20,PHYSICS,2022Fall,4.4,7.8,7,2
220605,PHYSICS 20,PHYSICS,2023Fall,4.4,6.25,6,2
220605,PHYSICS 20,PHYSICS,2024Fall,4.6,9.0,5,2
220608,SOC-STD 98VL,SOC-STD,2022Fall,4.8,5.2,7,1
220613,RELIGION 119,RELIGION,2023Fall,4.14,5.14,12,1
220621,MCB 161,MCB,2022Fall,4.83,7.0,10,1
220621,MCB 161,MCB,2023Fall,3.94,5.19,17,1
220621,MCB 161,MCB,2024Fall,4.63,7.0,13,1
220622,MUSIC 107,MUSIC,2022Fall,4.6,4.19,17,3
220622,MUSIC 107,MUSIC,2023Spring,4.79,2.92,17,3
220622,MUSIC 107,MUSIC,2023Fall,4.52,3.38,29,2
220622,MUSIC 107,MUSIC,2024Spring,4.63,3.83,34,2
220622,MUSIC 107,MUSIC,2024Fall,4.66,3.31,30,3
220622,MUSIC 107,MUSIC,2025Spring,4.62,5.19,24,3
220632,CE 10,CE,2022Fall,4.46,4.0,23,1
220632,CE 10,CE,2023Fall,3.6,2.89,30,1
220632,CE 10,CE,2024Fall,4.38,4.0,13,1
220641,TDM 134,TDM,2022Fall,4.0,2.57,11,3
220643,HISTSCI 1950,HISTSCI,2022Fall,3.82,5.09,16,1
220643,HISTSCI 1950,HISTSCI,2024Fall,5.0,8.83,12,1
220644,HISTSCI 1420,HISTSCI,2022Fall,5.0,4.79,15,1
220646,HISTSCI 1430,HISTSCI,2022Fall,4.92,5.0,15,1
220647,HISTSCI 1435,HISTSCI,2023Spring,4.81,4.83,37,1
220650,HEB 1353,HEB,2022Fall,5.0,3.9,12,1
220650,HEB 1353,HEB,2023Fall,5.0,4.0,11,1
220650,HEB 123,HEB,2024Fall,5.0,4.11,12,1
220651,HISTSCI 1955,HISTSCI,2023Spring,4.44,4.5,23,1
220651,HISTSCI 1955,HISTSCI,2024Spring,4.3,3.76,33,1
220651,HISTSCI 1955,HISTSCI,2025Spring,4.35,4.88,22,1
220696,MODMDEST 102,MODMDEST,2022Fall,5.0,4.75,6,1
220696,MODMDEST 102,MODMDEST,2023Fall,4.78,4.0,13,1
220696,MODMDEST 102,MODMDEST,2025Spring,4.75,6.0,14,1
220697,MODMDEST 103,MODMDEST,2022Fall,4.91,5.4,11,1
220699,EMR 152,EMR,2022Fall,4.08,4.73,16,1
220701,ENG-SCI 200,ENG-SCI,2022Fall,3.33,14.33,13,2
220701,ENG-SCI 200,ENG-SCI,2023Fall,2.83,10.5,26,1
220701,ENG-SCI 200,ENG-SCI,2024Fall,3.6,12.0,16,1
220705,CE 11,CE,2023Spring,4.45,4.9,32,1
220705,CE 11,CE,2024Spring,4.58,3.56,28,1
220705,CE 11,CE,2025Spring,4.42,6.33,23,1
220706,CHEM 200,CHEM,2022Fall,3.33,14.33,13,2
220706,CHEM 200,CHEM,2023Fall,2.83,10.5,26,1
220706,CHEM 200,CHEM,2024Fall,3.6,12.0,16,1
220717,AFVS 136S,AFVS,2023Spring,4.14,3.67,13,1
220717,AFVS 136S,AFVS,2024Spring,4.5,4.0,11,1
220723,SOC-STD 15,SOC-STD,2023Spring,4.0,7.0,6,1
220729,HIST 1800,HIST,2022Fall,4.58,8.5,18,1
220729,HIST 1800,HIST,2023Fall,3.91,4.63,13,1
220729,HIST 1800,HIST,2024Fall,4.4,8.88,11,1
220737,NEURO 101UA,NEURO,2022Fall,5.0,3.5,12,1
220737,NEURO 101UA,NEURO,2023Fall,4.89,3.89,13,3
220737,NEURO 101U,NEURO,2024Fall,5.0,4.13,11,2
220738,NEURO 101UB,NEURO,2023Spring,5.0,3.56,12,1
220738,NEURO 101UB,NEURO,2024Spring,4.91,3.36,13,3
220757,HEB 1306,HEB,2022Fall,4.9,3.44,10,1
220757,HEB 1306,HEB,2023Fall,4.67,3.15,19,1
220758,HEB 1245,HEB,2022Fall,4.64,3.64,21,1
220758,HEB 1245,HEB,2023Fall,4.73,4.36,31,1
220758,HEB 45,HEB,2024Fall,4.52,4.83,27,1
220759,HEB 1378,HEB,2022Fall,4.88,3.57,11,1
220759,HEB 1378,HEB,2023Fall,4.91,3.0,19,1
220759,HEB 183,HEB,2025Spring,4.85,2.92,16,1
220761,ESPP 171,ESPP,2022Fall,4.0,7.0,16,1
220761,ESPP 171,ESPP,2024Fall,3.33,10.83,8,1
220763,ANTHRO 1827,ANTHRO,2022Fall,4.58,4.45,15,3
220764,ANTHRO 1954,ANTHRO,2022Fall,4.8,3.7,12,1
220767,ANTHRO 1822,ANTHRO,2022Fall,4.38,7.88,12,1
220770,MBB 980Y,MBB,2023Spring,4.64,4.18,15,2
220773,HIST-LIT 90FX,HIST-LIT,2022Fall,4.44,4.67,13,1
220775,MATH 280Y,MATH,2023Spring,4.8,7.0,16,1
220777,HAA 283K,HAA,2022Fall,4.67,15.0,9,1
220778,HAA 184G,HAA,2022Fall,4.89,3.89,14,1
220779,ROM-STD 141,ROM-STD,2023Spring,4.4,3.2,10,1
220781,COMPSCI 197,COMPSCI,2022Fall,4.54,8.85,16,1
220782,EDST 128,EDST,2022Fall,4.71,3.83,8,1
220783,EDST 129,EDST,2022Fall,4.8,4.5,5,1
220784,SOCIOL 1201,SOCIOL,2023Spring,4.69,4.0,15,1
220785,SOCIOL 1212,SOCIOL,2023Spring,4.62,3.0,15,1
220789,HISTSCI 1221,HISTSCI,2023Spring,4.79,4.5,18,1
220790,EDST 127,EDST,2024Spring,4.5,2.38,25,1
220796,SOCIOL 1291V,SOCIOL,2022Fall,4.75,4.14,11,1
220819,TDM 121B,TDM,2023Spring,4.5,4.0,9,1
220824,SLAVIC 117,SLAVIC,2023Spring,4.56,5.0,9,1
220841,TDM 154,TDM,2022Fall,4.33,3.33,11,1
220841,TDM 154,TDM,2023Fall,4.75,2.75,8,1
220841,TDM 154,TDM,2024Fall,4.88,5.57,9,1
220846,EMR 156,EMR,2023Spring,4.74,3.77,30,1
220865,NEURO 101VA,NEURO,2022Fall,5.0,2.25,5,2
220865,NEURO 101VA,NEURO,2023Fall,5.0,3.29,11,3
220865,NEURO 101V,NEURO,2024Fall,5.0,5.14,11,2
220866,NEURO 101VB,NEURO,2023Spring,4.8,3.2,5,1
220866,NEURO 101VB,NEURO,2024Spring,5.0,3.6,10,3
220875,MCB 66,MCB,2023Spring,4.0,5.04,31,2
220875,MCB 66,MCB,2024Spring,4.41,5.45,36,2
220875,MCB 66,MCB,2025Spring,4.23,5.93,40,2
220876,ANE 140,ANE,2023Spring,3.83,3.0,9,1
221553,GERMAN 157,GERMAN,2023Spring,4.5,4.0,6,1
221575,GOV 2017,GOV,2023Spring,3.71,16.2,11,1
221589,ARMENST 112,ARMENST,2023Spring,5.0,6.33,10,1
221590,ARMENST 113,ARMENST,2023Spring,5.0,4.0,10,1
221611,HIST-LIT 90FY,HIST-LIT,2023Spring,4.56,4.78,15,2
221616,HAA 136,HAA,2023Spring,5.0,6.33,10,1
221617,HAA 131K,HAA,2023Spring,5.0,4.0,10,1
221621,STAT 108,STAT,2023Spring,4.74,9.64,43,2
221621,STAT 108,STAT,2024Fall,4.06,6.1,48,1
221623,MODMDEST 106,MODMDEST,2023Spring,4.17,3.11,27,1
221624,MODMDEST 206,MODMDEST,2023Spring,4.17,3.11,27,1
221625,MODMDEST 207,MODMDEST,2023Spring,4.43,4.57,10,1
221631,MODMDEST 104,MODMDEST,2023Spring,4.43,5.67,9,1
221631,MODMDEST 104,MODMDEST,2024Spring,4.29,5.8,8,1
221632,MODMDEST 107,MODMDEST,2023Spring,4.25,4.17,30,1
221632,MODMDEST 107,MODMDEST,2024Spring,3.87,4.22,41,1
221632,MODMDEST 107,MODMDEST,2025Spring,4.33,5.69,23,1
221635,ANTHRO 1813,ANTHRO,2023Spring,4.22,7.33,12,1
221646,STAT 217,STAT,2023Spring,4.78,9.38,12,1
221646,STAT 217,STAT,2024Spring,4.71,6.86,12,1
221651,AFRAMER 174Y,AFRAMER,2023Spring,4.25,3.5,14,1
221673,ANTHRO 2061,ANTHRO,2023Spring,4.88,7.38,12,2
221674,ANTHRO 3705,ANTHRO,2023Spring,4.6,8.63,16,1
221677,GOV 1025,GOV,2023Spring,4.43,4.83,8,1
221677,GOV 1025,GOV,2024Spring,3.43,3.29,8,1
221677,GOV 1025,GOV,2025Spring,3.7,5.33,18,2
221678,GOV 94PJ,GOV,2023Spring,3.67,5.29,10,1
221679,HAA 187K,HAA,2023Spring,4.8,9.6,5,1
221679,HAA 187K,HAA,2025Spring,4.43,7.29,13,1
221682,TDM 154B,TDM,2023Spring,4.6,6.0,6,1
221682,TDM 154B,TDM,2024Spring,4.8,3.8,6,1
221683,TDM 168B,TDM,2023Spring,3.88,4.88,11,1
221683,TDM 168B,TDM,2025Spring,4.63,4.88,14,1
221684,TDM 183B,TDM,2023Spring,4.69,5.2,28,1
221684,TDM 183B,TDM,2025Spring,4.85,3.8,29,1
221688,TDM 184B,TDM,2023Spring,4.5,4.0,11,1
221689,TDM 172B,TDM,2023Spring,4.44,7.44,12,1
221689,TDM 172B,TDM,2023Fall,4.67,3.8,6,1
221689,TDM 172B,TDM,2024Fall,4.4,6.6,8,1
221690,FRSEMR 65G,FRSEMR,2023Spring,4.1,2.5,12,1
221691,FRSEMR 72Y,FRSEMR,2023Spring,4.8,3.2,7,1
221694,STAT 175,STAT,2023Spring,4.24,6.47,23,1
221721,HISTSCI 1385,HISTSCI,2023Spring,3.67,5.13,13,1
221725,GOV 1318,GOV,2023Spring,4.36,4.36,54,1
221725,GOV 1318,GOV,2024Spring,3.88,3.42,77,1
221725,GOV 1318,GOV,2025Spring,4.3,3.19,26,1
221731,HISTSCI 2915,HISTSCI,2023Spring,5.0,14.0,14,2
221734,HIST 2029,HIST,2025Spring,3.4,3.0,7,1
221738,GOV 1138,GOV,2023Spring,4.24,5.0,25,1
221743,GOV 94AB,GOV,2023Fall,4.63,5.25,11,2
221745,PSY 2535R,PSY,2023Fall,4.6,9.0,14,1
221745,PSY 2535R,PSY,2024Spring,4.33,6.5,8,1
221769,LATIN 143,LATIN,2023Spring,4.25,6.75,10,1
221774,JEWISHST 158,JEWISHST,2023Spring,5.0,3.4,7,1
221775,TDM 144B,TDM,2023Spring,4.29,2.57,17,1
221777,RELIGION 120,RELIGION,2023Spring,4.92,4.92,14,1
221777,RELIGION 120,RELIGION,2024Spring,4.68,3.61,27,1
221777,RELIGION 120,RELIGION,2024Fall,4.92,5.58,15,1
221778,ROM-STD 296,ROM-STD,2023Spring,4.6,8.25,12,2
221779,PHIL 192B,PHIL,2023Spring,4.45,6.45,20,1
221780,ENGLISH CLLW,ENGLISH,2023Spring,4.8,5.6,10,1
221780,ENGLISH CLLW,ENGLISH,2023Fall,5.0,3.9,12,1
221780,ENGLISH CLLW,ENGLISH,2024Fall,5.0,3.88,10,1
221781,ENGLISH CLPG,ENGLISH,2023Spring,4.9,3.9,10,1
221781,ENGLISH CLPG,ENGLISH,2024Spring,4.8,3.5,12,1
221781,ENGLISH CLPG,ENGLISH,2025Spring,4.82,3.7,12,1
221789,ISLAMCIV 201,ISLAMCIV,2023Spring,4.56,12.22,14,1
221794,RELIGION 116,RELIGION,2023Spring,4.6,4.0,8,2
221794,RELIGION 116,RELIGION,2025Spring,4.43,3.86,10,2
221796,RELIGION 2432,RELIGION,2023Spring,4.0,5.75,5,1
221796,RELIGION 2432,RELIGION,2024Spring,4.33,4.33,5,1
221796,RELIGION 2432,RELIGION,2025Spring,4.38,6.5,14,1
221929,APMTH 220,APMTH,2023Spring,4.37,7.39,44,1
221929,APMTH 220,APMTH,2024Spring,3.86,7.77,77,1
221929,APMTH 220,APMTH,2025Spring,4.62,6.7,48,1
221932,COMPSCI 237,COMPSCI,2023Spring,4.82,4.23,23,1
221932,COMPSCI 2370,COMPSCI,2024Fall,4.5,6.0,20,1
221933,COMPSCI 37,COMPSCI,2023Fall,4.19,3.79,68,1
221933,COMPSCI 37,COMPSCI,2025Spring,3.38,5.45,56,1
221939,COMPSCI 196,COMPSCI,2023Spring,5.0,4.93,16,1
221939,COMPSCI 196,COMPSCI,2024Spring,5.0,4.62,17,1
221939,COMPSCI 1960,COMPSCI,2025Spring,4.9,5.33,16,1
221972,PHYSICS 199,PHYSICS,2023Spring,3.88,6.82,22,1
221972,PHYSICS 199,PHYSICS,2025Spring,4.0,8.67,10,1
221973,ENGLISH CNWM,ENGLISH,2023Spring,4.91,4.8,12,1
221984,SOCIOL 1218,SOCIOL,2023Spring,4.33,5.5,13,1
221984,SOCIOL 1218,SOCIOL,2024Spring,4.75,4.83,15,1
221986,HEB 1324,HEB,2023Spring,4.38,2.27,22,1
221986,HEB 1324,HEB,2023Fall,4.47,2.53,21,1
221986,HEB 132,HEB,2024Fall,4.17,2.12,25,1
221989,GOV 1026,GOV,2023Spring,4.47,5.24,27,1
221991,MBB 980Z,MBB,2023Spring,4.38,3.09,15,2
222018,QSE 301,QSE,2023Fall,4.14,1.8,14,2
222018,QSE 301,QSE,2024Fall,4.0,0.67,12,2
222072,GENED 1185,GENED,2023Fall,4.84,2.67,60,1
222072,GENED 1185,GENED,2024Fall,4.21,4.33,403,1
222073,HAA 276P,HAA,2023Fall,4.5,4.83,8,1
222074,HAA 162V,HAA,2023Fall,4.18,3.91,14,2
222075,HAA 262G,HAA,2023Fall,5.0,7.0,13,2
222077,HAA 17G,HAA,2024Spring,2.57,6.0,12,1
222078,HAA 15,HAA,2024Spring,4.07,4.75,41,1
222080,HAA 173P,HAA,2024Spring,5.0,7.14,12,2
222081,HAA 177M,HAA,2024Fall,4.73,6.27,14,1
222083,HAA 236V,HAA,2023Fall,5.0,5.0,10,1
222084,MATH 293X,MATH,2023Fall,4.75,4.27,50,1
222093,HAA 181M,HAA,2023Fall,4.8,4.33,13,1
222095,HIST 1985,HIST,2023Fall,4.2,11.8,6,1
222096,MUSIC 186R,MUSIC,2023Fall,4.7,3.7,10,2
222097,AAAS 222A,AAAS,2023Fall,4.75,14.13,12,2
222098,HAA 98CR,HAA,2025Spring,4.8,10.67,5,1
222099,HAA 98BR,HAA,2023Fall,4.5,5.83,9,1
222099,HAA 98BR,HAA,2024Fall,4.71,5.86,8,1
222100,HAA 98DR,HAA,2024Spring,5.0,2.75,7,1
222100,HAA 98DR,HAA,2025Spring,4.5,3.5,13,1
222101,PSY 2085,PSY,2023Fall,4.85,5.0,20,1
222102,PSY 2035,PSY,2024Fall,4.93,3.77,23,1
222103,HIST 15S,HIST,2023Fall,4.58,4.58,15,1
222104,HIST 2120,HIST,2023Fall,4.82,8.67,15,2
222106,FYSEMR 72Z,FYSEMR,2023Fall,4.86,7.29,8,1
222107,FYSEMR 73C,FYSEMR,2023Fall,4.75,4.63,9,1
222107,FYSEMR 73C,FYSEMR,2024Fall,4.5,8.67,6,1
222109,FYSEMR 73D,FYSEMR,2023Fall,4.22,3.67,12,1
222110,FYSEMR 52P,FYSEMR,2023Fall,4.33,1.44,12,1
222111,FYSEMR 52R,FYSEMR,2024Spring,5.0,5.0,7,1
222111,FYSEMR 52R,FYSEMR,2025Spring,4.88,6.0,10,1
222112,FYSEMR 65H,FYSEMR,2023Fall,3.33,2.17,8,1
222114,GOV 94TL,GOV,2023Fall,5.0,3.89,15,1
222118,GOV 94ST,GOV,2024Fall,4.67,8.33,16,1
222121,MUSIC 27,MUSIC,2023Fall,4.57,4.57,8,1
222123,HAA 236,HAA,2023Fall,4.8,8.0,9,1
222124,HAA 132,HAA,2024Spring,5.0,5.17,9,1
222125,HAA 13,HAA,2024Spring,4.57,3.08,20,1
222126,AFRAMER 86,AFRAMER,2025Spring,3.86,7.67,11,2
222128,ENGLISH 90TK,ENGLISH,2023Fall,4.55,5.3,14,1
222129,ENGLISH 90RI,ENGLISH,2023Fall,4.85,4.23,14,1
222130,ENGLISH 226S,ENGLISH,2023Fall,5.0,7.0,13,2
222131,ENGLISH 199AD,ENGLISH,2023Fall,4.25,4.07,22,1
222134,ENGLISH 187R,ENGLISH,2023Fall,4.47,5.47,42,2
222134,ENGLISH 187R,ENGLISH,2024Fall,4.7,5.4,30,2
222142,AFRAMER 111X,AFRAMER,2023Fall,5.0,4.0,6,1
222142,AFRAMER 111X,AFRAMER,2024Fall,4.82,6.73,18,1
222143,HISTSCI 1980,HISTSCI,2023Fall,4.59,5.81,22,1
222146,HIST 1033,HIST,2023Fall,4.41,4.19,22,1
222146,HIST 1033,HIST,2024Fall,4.33,8.0,8,1
222147,SCRB 185,SCRB,2024Spring,4.44,3.28,46,2
222154,ENGLISH 180VW,ENGLISH,2024Spring,4.57,7.67,11,1
222156,ANTHRO 1851,ANTHRO,2024Spring,4.83,5.25,16,1
222157,ANTHRO 1084,ANTHRO,2023Fall,4.5,1.6,8,1
222161,MUSIC 29,MUSIC,2023Fall,4.57,2.73,16,1
222163,AAAS 192,AAAS,2023Fall,4.0,4.0,12,1
222167,PSY 2220R,PSY,2023Fall,4.67,6.67,6,1
222167,PSY 2220R,PSY,2024Spring,5.0,10.0,6,1
222167,PSY 2220R,PSY,2024Fall,4.67,5.0,6,1
222167,PSY 2220R,PSY,2025Spring,5.0,8.5,9,1
222169,PSY 1532,PSY,2023Fall,4.18,4.2,16,1
222174,ENGLISH 187X,ENGLISH,2024Spring,4.8,3.75,10,1
222175,HAA 177X,HAA,2023Fall,3.64,7.55,14,2
222176,ENGLISH 281P,ENGLISH,2024Spring,4.4,7.38,12,1
222178,HIST 1045,HIST,2023Fall,4.52,4.85,30,1
222183,ANTHRO 2301,ANTHRO,2023Fall,4.4,4.6,7,1
222186,HIST 15Y,HIST,2023Fall,4.44,7.0,12,1
222193,TDM 194S,TDM,2024Spring,4.67,2.33,16,1
222194,TDM 166H,TDM,2024Spring,2.9,3.7,11,1
222197,CELTIC 185,CELTIC,2023Fall,5.0,3.0,7,1
222198,SOCIOL 98JC,SOCIOL,2023Fall,4.88,4.88,11,1
222199,SOCIOL 1102,SOCIOL,2023Fall,3.1,3.6,13,1
222200,SOCIOL 1101,SOCIOL,2024Spring,4.69,4.23,17,1
222200,SOCIOL 1101,SOCIOL,2024Fall,4.65,5.03,40,1
222201,AFRAMER 201,AFRAMER,2023Fall,4.6,3.7,10,1
222202,HIST 16A,HIST,2024Spring,4.45,6.25,13,1
222202,HIST 16A,HIST,2025Spring,4.0,5.6,11,1
222203,HIST 1016,HIST,2023Fall,4.3,5.69,70,1
222204,HIST 15Q,HIST,2023Fall,4.83,5.33,9,1
222205,HIST 1975,HIST,2024Spring,4.83,4.67,14,1
222208,GOV 94LM,GOV,2024Spring,4.75,5.56,13,1
222209,HIST 2130,HIST,2023Fall,4.43,5.6,12,2
222210,GOV 2370,GOV,2024Spring,5.0,8.0,8,2
222213,SAS 104,SAS,2023Fall,4.83,4.17,8,1
222221,CLS-STDY 154,CLS-STDY,2024Spring,3.67,4.93,23,1
222223,CLASPHIL 206,CLASPHIL,2024Spring,4.83,10.67,13,1
222226,CLS-STDY 166,CLS-STDY,2024Fall,5.0,2.28,45,1
222227,CLS-STDY 172,CLS-STDY,2024Spring,4.8,2.0,10,1
222228,CLS-STDY 180,CLS-STDY,2024Spring,4.89,6.11,15,1
222229,AFRAMER 135Y,AFRAMER,2025Spring,4.7,4.53,32,1
222230,AFRAMER 135Y,AFRAMER,2023Fall,4.15,3.06,32,1
222232,HIST 1219,HIST,2024Spring,4.89,9.22,11,1
222235,HAA 172Z,HAA,2024Spring,4.88,7.38,13,1
222235,HAA 172Z,HAA,2025Spring,5.0,5.2,13,1
222237,ECON 2022,ECON,2023Fall,3.33,4.11,14,2
222239,CHNSLIT 289,CHNSLIT,2023Fall,4.8,7.75,13,1
222240,HIST 1957,HIST,2023Fall,3.75,5.14,10,1
222240,HIST 1957,HIST,2025Spring,4.67,7.4,9,1
222241,HIST 97Q,HIST,2024Spring,3.57,8.14,9,1
222474,SOCIOL 1271,SOCIOL,2024Spring,4.88,4.71,11,1
222480,PHIL 121,PHIL,2023Fall,4.8,5.7,14,1
222483,HIST-LIT 90FZ,HIST-LIT,2023Fall,4.67,4.33,7,1
222483,HIST-LIT 90FZ,HIST-LIT,2024Fall,4.0,6.0,13,1
222484,HIST-LIT 90GA,HIST-LIT,2023Fall,4.25,4.75,8,1
222485,HIST-LIT 90GB,HIST-LIT,2023Fall,4.67,5.17,8,1
222485,HIST-LIT 90GB,HIST-LIT,2024Fall,4.75,6.5,15,1
222487,HIST-LIT 90GD,HIST-LIT,2023Fall,4.33,3.91,15,1
222488,HIST-LIT 90GE,HIST-LIT,2023Fall,3.44,4.56,14,1
222488,HIST-LIT 90GE,HIST-LIT,2024Fall,4.4,6.0,8,1
222489,HIST-LIT 90GF,HIST-LIT,2023Fall,4.63,4.63,10,1
222490,HIST-LIT 90GH,HIST-LIT,2023Fall,3.8,3.75,6,1
222491,HIST-LIT 90GJ,HIST-LIT,2023Fall,4.33,5.0,8,1
222491,HIST-LIT 90GJ,HIST-LIT,2025Spring,4.83,4.67,10,2
222492,HAA 244,HAA,2024Spring,4.71,5.33,16,1
222493,HIST-LIT 90GI,HIST-LIT,2023Fall,4.86,4.29,9,1
222494,HIST-LIT 93AA,HIST-LIT,2024Spring,5.0,3.33,13,1
222495,HIST-LIT 93AB,HIST-LIT,2023Fall,5.0,4.25,8,1
222495,HIST-LIT 93AB,HIST-LIT,2024Fall,4.63,5.63,10,1
222496,HIST-LIT 93AC,HIST-LIT,2024Spring,4.86,5.86,10,1
222497,MATH 292Z,MATH,2023Fall,4.83,5.5,43,1
222500,ENGLISH 90RY,ENGLISH,2023Fall,4.81,6.56,18,1
222503,PHIL 188A,PHIL,2024Spring,4.91,7.3,15,1
222503,PHIL 188A,PHIL,2025Spring,4.75,6.0,43,1
222504,PHIL 256E,PHIL,2024Spring,5.0,7.29,12,1
222508,FYSEMR 52Q,FYSEMR,2023Fall,4.14,3.43,8,1
222508,FYSEMR 52Q,FYSEMR,2024Fall,4.88,2.38,8,1
222511,FYSEMR 52S,FYSEMR,2023Fall,5.0,2.0,10,1
222513,APMTH 210,APMTH,2023Fall,4.38,7.06,37,1
222515,ENG-SCI 248,ENG-SCI,2023Fall,3.87,6.08,20,1
222516,ENGLISH CCSS,ENGLISH,2023Fall,4.88,5.5,11,1
222516,ENGLISH CCSS,ENGLISH,2024Spring,5.0,6.17,12,1
222516,ENGLISH CCSS,ENGLISH,2024Fall,5.0,6.0,10,1
222517,ENGLISH CLAR,ENGLISH,2023Fall,4.89,5.56,11,1
222517,ENGLISH CLAR,ENGLISH,2025Spring,4.88,6.5,12,1
222518,ENG-SCI 223,ENG-SCI,2023Fall,4.11,12.29,12,1
222518,ENG-SCI 223,ENG-SCI,2024Fall,4.9,5.78,16,1
222519,ENG-SCI 224,ENG-SCI,2023Fall,4.5,6.65,30,1
222519,ENG-SCI 224,ENG-SCI,2025Spring,4.44,7.66,47,1
222520,ENGLISH CVLL,ENGLISH,2023Fall,5.0,4.63,13,1
222521,BE 124,BE,2023Fall,4.5,6.65,30,1
222521,BE 124,BE,2025Spring,4.44,7.66,47,1
222522,FYSEMR 65I,FYSEMR,2023Fall,2.8,4.4,7,1
222523,FYSEMR 65J,FYSEMR,2023Fall,3.56,2.5,13,1
222524,FYSEMR 65M,FYSEMR,2023Fall,4.0,2.6,12,1
222525,HIST 15U,HIST,2024Spring,4.46,4.31,18,1
222527,ENGLISH CCEP,ENGLISH,2023Fall,4.56,6.44,10,1
222528,ENGLISH CCIJ,ENGLISH,2023Fall,4.92,5.0,12,1
222529,ENGLISH CBW,ENGLISH,2024Spring,5.0,4.5,12,1
222529,ENGLISH CBW,ENGLISH,2025Spring,5.0,5.5,12,1
222531,ENGLISH CVLF,ENGLISH,2024Spring,4.71,5.14,11,1
222534,ENGLISH CACD,ENGLISH,2023Fall,4.71,4.86,9,1
222535,ENGLISH CNFD,ENGLISH,2023Fall,4.73,5.18,13,1
222537,OEB 247,OEB,2024Spring,4.6,2.2,10,1
222538,HIST-LIT 93AD,HIST-LIT,2023Fall,4.33,3.78,11,2
222538,HIST-LIT 93AD,HIST-LIT,2024Fall,4.8,5.6,7,1
222540,CHEM 10,CHEM,2023Fall,4.82,6.2,11,2
222540,CHEM 10,CHEM,2024Fall,4.92,9.42,19,3
222542,FYSEMR 73F,FYSEMR,2023Fall,4.44,3.78,11,1
222542,FYSEMR 73F,FYSEMR,2024Fall,4.57,5.71,11,1
222543,ENGLISH CRGS,ENGLISH,2023Fall,4.9,4.8,13,1
222547,PHIL 172M,PHIL,2024Spring,5.0,5.2,22,1
222548,MODMDEST 200,MODMDEST,2023Fall,4.07,6.4,17,1
222548,MODMDEST 200,MODMDEST,2025Spring,4.75,7.0,9,1
222554,FYSEMR 52T,FYSEMR,2024Spring,4.71,1.86,15,2
222554,FYSEMR 52T,FYSEMR,2025Spring,4.77,2.83,15,2
222555,FYSEMR 73G,FYSEMR,2024Spring,4.0,2.38,10,1
222627,ENGLISH 293B,ENGLISH,2024Spring,5.0,7.57,12,1
222628,MATH 262A,MATH,2023Fall,4.33,11.67,46,1
222634,FYSEMR 73H,FYSEMR,2024Spring,5.0,2.29,8,1
222652,MODMDEST 108,MODMDEST,2023Fall,4.91,4.0,14,1
222652,MODMDEST 108,MODMDEST,2024Fall,4.83,5.82,20,1
222653,ARMENST 201,ARMENST,2023Fall,5.0,5.0,10,1
222654,PSY 1614,PSY,2023Fall,4.14,3.14,9,1
222655,PSY 1615,PSY,2024Spring,4.0,3.27,15,1
222656,PSY 1616,PSY,2024Spring,4.44,3.38,12,1
222657,AFRAMER 146X,AFRAMER,2023Fall,4.86,8.86,12,1
222657,AFRAMER 146X,AFRAMER,2024Fall,4.38,6.0,11,1
222658,AFRAMER 232,AFRAMER,2023Fall,4.75,8.25,12,1
222659,AAAS 205,AFRAMER,2023Fall,4.29,10.14,13,2
222659,AFRAMER 205,AFRAMER,2024Fall,4.17,9.58,18,2
222660,GERMAN 219,GERMAN,2024Spring,4.86,4.57,8,1
222661,GENED 1186,GENED,2024Spring,4.17,3.93,74,1
222663,GERMAN 145,GERMAN,2024Spring,4.57,3.86,8,1
222665,MATH 287Z,MATH,2024Spring,4.93,5.64,36,1
222670,AAAS 112,AAAS,2023Fall,4.53,4.69,24,2
222677,ANE 134,ANE,2023Fall,4.8,4.2,10,1
222677,ANE 134,ANE,2024Fall,5.0,3.33,8,1
222678,ANE 234,ANE,2023Fall,4.8,4.2,10,1
222678,ANE 234,ANE,2024Fall,5.0,3.33,8,1
222683,HIST 1134,HIST,2024Spring,5.0,4.88,10,1
222684,PSY 1711,PSY,2023Fall,5.0,2.8,7,1
222684,PSY 1711,PSY,2025Spring,4.5,3.1,12,1
222686,ISLAMCIV 134,ISLAMCIV,2024Spring,5.0,4.88,10,1
222688,AFRAMER 186,AFRAMER,2025Spring,4.17,6.2,9,1
222691,SOC-STD 98WA,SOC-STD,2023Fall,5.0,6.57,10,1
222692,SOC-STD 98WB,SOC-STD,2024Spring,4.78,7.22,10,1
222692,SOC-STD 98WB,SOC-STD,2025Spring,5.0,8.0,10,1
222694,SOC-STD 98WC,SOC-STD,2024Spring,5.0,5.8,5,1
222698,MODMDEST 208,MODMDEST,2023Fall,4.91,4.0,14,1
222698,MODMDEST 208,MODMDEST,2024Fall,4.83,5.82,20,1
222699,MODMDEST 202,MODMDEST,2023Fall,4.78,4.0,13,1
222699,MODMDEST 202,MODMDEST,2025Spring,4.75,6.0,14,1
222701,HIST 16B,HIST,2024Spring,4.92,4.64,15,1
222714,SOC-STD 98WD,SOC-STD,2024Fall,4.44,6.56,10,1
222722,COMPLIT 213Y,COMPLIT,2023Fall,5.0,7.0,5,1
222723,STAT 188,STAT,2023Fall,3.22,8.5,17,1
222723,STAT 188,STAT,2024Fall,4.25,8.0,6,1
222724,COMPLIT 110X,COMPLIT,2023Fall,4.45,5.0,12,1
222724,COMPLIT 110X,COMPLIT,2025Spring,4.69,5.67,19,1
222725,PHYSICS 187R,PHYSICS,2023Fall,4.47,5.47,42,2
222725,PHYSICS 187R,PHYSICS,2024Fall,4.7,5.4,30,2
222737,SOC-STD 68RA,SOC-STD,2023Fall,3.83,2.82,15,1
222766,AFVS 19K,AFVS,2023Fall,3.5,6.0,11,1
222769,COMPLIT 280X,COMPLIT,2024Spring,3.83,4.0,8,1
222770,PSY 1020,PSY,2024Spring,4.5,2.45,30,1
222771,AFVS 25,AFVS,2023Fall,4.88,7.5,12,1
222771,AFVS 25,AFVS,2024Fall,5.0,7.1,11,1
222772,STAT 291,STAT,2024Spring,5.0,7.17,10,1
222773,HIST 1225,HIST,2024Spring,4.67,4.22,13,1
222775,SOC-STD 98WF,SOC-STD,2024Spring,4.89,6.0,9,1
222777,AFVS 264,AFVS,2023Fall,4.6,8.0,9,1
222778,ENGLISH 172AD,ENGLISH,2024Spring,3.13,3.0,13,1
222778,ENGLISH 172AD,ENGLISH,2025Spring,4.0,6.2,15,2
222779,AFVS 148,AFVS,2023Fall,5.0,3.5,7,1
222779,AFVS 148,AFVS,2024Fall,4.78,9.11,10,1
222780,TIBET 225,TIBET,2023Fall,4.67,10.0,10,1
222781,PSY 980PT,PSY,2023Fall,5.0,4.2,11,2
222782,PSY 1522,PSY,2024Spring,4.5,1.86,17,1
222784,TDM 181AM,TDM,2023Fall,4.8,2.2,16,1
222785,GENED 1188,GENED,2024Spring,3.83,3.26,78,2
222785,GENED 1188,GENED,2025Spring,4.29,3.46,47,1
222786,PSY 1622,PSY,2023Fall,4.25,3.0,27,1
222786,PSY 1622,PSY,2024Fall,4.64,3.91,21,1
222787,AFVS 112E,AFVS,2023Fall,4.88,4.13,12,1
222790,AFVS 177,AFVS,2024Spring,5.0,3.14,14,1
222791,AFVS 198F,AFVS,2024Spring,5.0,2.86,11,1
222792,AFVS 172,AFVS,2024Spring,4.2,3.6,14,1
222792,AFVS 172,AFVS,2025Spring,4.6,4.2,13,1
222793,AFVS 11G,AFVS,2024Spring,4.33,6.44,15,1
222798,PHIL 103A,PHIL,2024Spring,4.67,3.44,13,1
222799,ENGLISH CGOT,ENGLISH,2024Spring,4.6,5.5,9,1
222801,ESPP 90W,ESPP,2023Fall,4.6,2.3,16,1
222801,ESPP 90W,ESPP,2024Fall,4.4,4.5,14,1
222802,EMR 157,EMR,2023Fall,4.8,4.6,8,1
222802,EMR 157,EMR,2024Fall,4.92,5.08,19,1
222804,AFVS 149H,AFVS,2024Spring,4.57,6.29,10,1
222805,GOV 1140,GOV,2024Spring,5.0,4.2,12,1
222805,GOV 1140,GOV,2025Spring,3.17,6.78,23,1
222808,GERMAN 119B,GERMAN,2024Spring,5.0,4.33,6,1
222811,COMPLIT 200,COMPLIT,2024Spring,4.44,4.88,22,1
222815,ENGLISH 90FF,ENGLISH,2023Fall,4.86,4.57,12,1
222821,ENGLISH 149SB,ENGLISH,2023Fall,4.7,5.5,11,1
222822,FRENCH 74,FRENCH,2024Fall,3.78,5.5,18,1
222823,FRENCH 160,FRENCH,2024Fall,3.91,3.8,14,1
222825,SLAVIC 191,SLAVIC,2023Fall,4.67,3.75,11,1
222827,TDM 132W,TDM,2023Fall,2.3,3.56,12,1
222828,TDM 143P,TDM,2023Fall,4.3,1.4,13,1
222830,KORHIST 119,KORHIST,2023Fall,5.0,5.17,9,1
222832,SOC-STD 98WG,SOC-STD,2024Spring,5.0,5.17,10,1
222837,PHIL 166T,PHIL,2023Fall,4.63,4.88,17,1
222840,SPANSH 118,SPANSH,2023Fall,4.61,5.61,26,1
222841,SPANSH 148,SPANSH,2024Spring,4.0,3.4,10,1
222843,GOV 94TW,GOV,2024Spring,4.62,5.58,16,1
222846,ENGLISH CMFG,ENGLISH,2023Fall,4.86,4.86,9,1
222846,ENGLISH CMFG,ENGLISH,2024Spring,5.0,4.0,12,1
222846,ENGLISH CMFG,ENGLISH,2025Spring,4.86,4.0,14,1
222848,TDM 145S,TDM,2023Fall,4.92,2.62,17,1
222850,FOLKMYTH 120,FOLKMYTH,2024Spring,3.92,4.25,19,1
222850,FOLKMYTH 120,FOLKMYTH,2025Spring,4.7,7.7,17,1
222856,FRENCH 161,FRENCH,2024Spring,4.17,8.5,7,1
222857,FRENCH 137,FRENCH,2023Fall,4.5,5.13,15,1
222858,SPANSH 234,SPANSH,2024Spring,4.5,7.17,10,1
222859,AFVS 159H,AFVS,2024Spring,4.4,6.4,8,1
222861,NEURO 101WA,NEURO,2023Fall,4.43,2.43,7,3
222861,NEURO 101W,NEURO,2024Fall,4.5,6.0,10,2
222862,NEURO 101WB,NEURO,2024Spring,4.6,2.4,7,3
222865,NEURO 101XB,NEURO,2024Spring,4.5,2.5,8,3
222865,NEURO 101X,NEURO,2025Spring,5.0,5.25,12,3
222866,NEURO 101YA,NEURO,2023Fall,4.73,2.82,12,3
222866,NEURO 101Y,NEURO,2024Fall,4.91,2.7,12,2
222867,NEURO 101YB,NEURO,2024Spring,4.91,2.18,12,3
222879,MUSIC 285R,MUSIC,2023Fall,5.0,3.6,8,1
222885,PSY 1021,PSY,2024Spring,4.6,2.6,7,1
222885,PSY 1021,PSY,2025Spring,4.75,3.75,12,1
222886,COMPLIT 145,COMPLIT,2024Spring,3.5,6.75,7,1
222893,CHEM 246,CHEM,2023Fall,4.8,4.2,9,1
222893,CHEM 246,CHEM,2024Fall,4.88,4.29,8,1
222894,SOC-STD 98WH,SOC-STD,2025Spring,5.0,5.0,7,1
222895,SOC-STD 98WI,SOC-STD,2024Spring,5.0,5.25,6,1
222897,COMPLIT 100,COMPLIT,2024Spring,4.71,4.71,10,1
222897,COMPLIT 100,COMPLIT,2025Spring,4.29,4.31,28,1
222905,AFVS 121S,AFVS,2024Spring,4.44,6.22,12,1
222906,HEB 1305,HEB,2023Fall,4.15,3.57,43,1
222906,HEB 140,HEB,2024Fall,3.27,4.21,74,1
222918,ROM-STD 200,ROM-STD,2024Spring,4.44,4.88,22,1
222920,WOMGEN 1280,WOMGEN,2023Fall,4.67,5.0,9,1
222921,WOMGEN 1315,WOMGEN,2023Fall,4.44,6.22,14,1
222922,WOMGEN 1400,WOMGEN,2023Fall,4.0,3.0,7,1
222923,WOMGEN 1414,WOMGEN,2023Fall,4.89,7.78,11,1
222928,WOMGEN 1425,WOMGEN,2024Spring,5.0,4.56,14,1
222937,HIST-LIT 90GL,HIST-LIT,2024Spring,4.63,3.5,11,1
222937,HIST-LIT 90GL,HIST-LIT,2025Spring,5.0,4.0,8,1
222972,GOV 94DS,GOV,2023Fall,4.91,5.0,13,1
222974,MATH 264R,MATH,2024Spring,4.33,3.6,34,1
222976,EMR 158,EMR,2023Fall,4.89,3.5,12,1
222976,EMR 158,EMR,2024Fall,5.0,5.43,11,1
222977,EMR 159,EMR,2023Fall,5.0,3.44,10,1
222982,HEB 1350,HEB,2023Fall,4.42,6.55,14,1
222982,HEB 115,HEB,2024Fall,4.5,7.55,14,1
222983,HEB 160,HEB,2025Spring,4.0,3.67,7,1
222984,HEB 1367,HEB,2023Fall,4.25,3.86,13,1
222984,HEB 122,HEB,2025Spring,4.38,2.33,11,1
222985,HEB 1332,HEB,2024Spring,4.83,3.0,9,1
222986,HEB 1336,HEB,2024Spring,4.6,2.8,8,1
222987,HEB 1384,HEB,2024Spring,4.32,3.09,49,1
222987,HEB 145,HEB,2025Spring,4.32,2.76,30,1
223004,GERMAN 126,GERMAN,2024Fall,4.25,8.63,9,1
223010,GOV 94NC,GOV,2024Spring,4.5,5.36,16,1
223010,GOV 94NC,GOV,2025Spring,4.4,4.11,16,1
223012,MBB 980BB,GERMAN,2023Fall,4.58,3.75,14,1
223012,GERMAN 113,GERMAN,2024Fall,4.82,3.83,15,1
223026,SLAVIC 164,SLAVIC,2024Spring,5.0,7.6,6,1
223028,TDM 122B,TDM,2023Fall,4.75,5.0,7,1
223030,MCB 296,MCB,2024Fall,4.0,0,12,1
223073,GERMAN 188,GERMAN,2023Fall,4.8,5.0,11,1
223081,HISTSCI 1735,HISTSCI,2023Fall,4.2,4.33,15,1
223081,HISTSCI 1735,HISTSCI,2024Fall,4.8,5.2,7,1
223090,ESPP 90B,ESPP,2024Spring,3.8,4.25,10,1
223090,ESPP 90B,ESPP,2025Spring,3.8,4.2,10,1
223091,HISTSCI 1180,HISTSCI,2023Fall,4.91,4.4,15,1
223095,HISTSCI 1910,HISTSCI,2024Spring,4.6,3.13,94,1
223096,GOV 94CJ,GOV,2024Spring,4.0,4.75,8,1
223101,HISTSCI 1684,HISTSCI,2024Spring,4.77,5.33,17,1
223101,HISTSCI 1684,HISTSCI,2025Spring,4.71,5.62,55,1
223105,SOCIOL 98DB,SOCIOL,2023Fall,3.83,6.6,9,1
223105,SOCIOL 98DB,SOCIOL,2024Fall,4.5,7.33,9,1
223107,GOV 1754,GOV,2023Fall,4.88,4.88,8,1
223109,GOV 95,GOV,2023Fall,4.8,0.75,9,1
223109,GOV 95,GOV,2024Fall,4.92,1.67,13,1
223110,SOC-STD 68UE,SOC-STD,2024Spring,4.6,4.8,12,1
223111,CHEM 166,CHEM,2024Spring,4.47,2.71,51,1
223114,GOV 94JC,GOV,2024Spring,3.9,5.22,14,1
223115,GOV 94OL,GOV,2024Spring,5.0,4.86,13,1
223115,GOV 94OL,GOV,2025Spring,5.0,4.86,13,1
223117,GOV 94PN,GOV,2024Spring,4.83,5.0,12,1
223120,EMR 1030,EMR,2024Spring,4.5,4.0,20,1
223120,EMR 1030,EMR,2024Fall,4.78,3.56,10,1
223121,EMR 160,EMR,2024Spring,3.73,3.78,17,1
223122,EMR 161,EMR,2024Spring,4.26,3.45,34,1
223127,EMR 162,EMR,2024Spring,4.6,5.2,7,1
223128,EMR 163,EMR,2024Spring,4.88,3.88,11,1
223132,GOV 2028,GOV,2024Spring,4.0,6.0,11,1
223137,HISTSCI 1861,HISTSCI,2024Spring,4.71,4.86,9,1
223137,HISTSCI 1861,HISTSCI,2025Spring,4.83,3.33,19,1
223138,GOV 1757,GOV,2024Spring,4.33,4.5,23,1
223139,GOV 2736,GOV,2024Spring,4.83,9.6,9,1
223824,FT 101A,FT,2023Fall,4.91,3.0,14,1
223824,FT 101A,FT,2024Fall,4.83,4.2,12,1
223825,FT 101B,FT,2025Spring,4.88,4.71,10,1
223829,TDM 121MV,TDM,2024Spring,4.77,2.0,17,1
223829,TDM 121MV,TDM,2024Fall,4.22,2.56,14,1
223831,MCB 297,MCB,2024Spring,2.33,2.33,15,1
223831,MCB 297,MCB,2024Fall,3.6,9.0,7,1
223831,MCB 297,MCB,2025Spring,3.88,7.33,10,1
223832,EDST 132,EDST,2023Fall,4.11,3.67,11,1
223832,EDST 132,EDST,2024Fall,4.88,4.6,25,1
223833,EDST 134,EDST,2023Fall,3.83,2.82,15,1
223834,EDST 133,EDST,2024Fall,3.83,6.5,10,1
223835,EDST 135,EDST,2024Spring,4.9,4.2,14,1
223835,EDST 135,EDST,2025Spring,4.87,4.13,28,1
223836,EDST 136,EDST,2024Spring,4.8,4.2,16,1
223837,EDST 137,EDST,2024Spring,4.6,4.8,12,1
223843,QSE 285B,QSE,2023Fall,4.24,16.62,50,1
223843,QSE 285B,QSE,2024Fall,3.86,16.08,28,1
223873,MODMDEST 203,MODMDEST,2024Spring,4.43,5.43,12,1
223898,ENGLISH 297CI,ENGLISH,2024Spring,4.57,6.0,7,1
223905,ENGLISH CMDR,ENGLISH,2024Spring,5.0,5.17,10,1
223906,BIOSTAT 258,BIOSTAT,2024Spring,3.18,7.27,16,1
223906,BIOSTAT 258,BIOSTAT,2025Spring,3.6,7.8,5,1
223915,ENGLISH 183TS,ENGLISH,2024Spring,3.47,2.95,198,1
223916,AFRAMER 210,AFRAMER,2024Spring,4.78,9.0,15,1
223916,AFRAMER 177X,AFRAMER,2025Spring,5.0,5.8,17,1
223918,ISLAMCIV 136,ISLAMCIV,2024Spring,4.88,5.43,16,2
223919,SPANSH 115,SPANSH,2024Spring,4.67,5.33,8,1
223940,HIST-LIT 90GM,HIST-LIT,2024Spring,4.85,4.15,15,1
223940,HIST-LIT 90GM,HIST-LIT,2025Spring,5.0,4.7,15,1
223943,AFVS 124K,AFVS,2024Spring,4.78,6.0,11,1
223943,AFVS 124K,AFVS,2025Spring,4.75,7.25,11,1
223947,SOCIOL 1202,SOCIOL,2024Spring,4.6,5.54,16,1
223947,SOCIOL 1202,SOCIOL,2025Spring,4.71,4.42,18,1
223950,ISLAMCIV 162,ISLAMCIV,2024Spring,4.8,5.4,5,1
223951,PERSIAN 221,PERSIAN,2024Spring,5.0,8.4,10,1
223952,ANE 151,ANE,2024Spring,5.0,3.0,6,1
223954,ANTHRO 2796,ANTHRO,2024Spring,4.38,3.52,36,1
223955,ANTHRO 2302,ANTHRO,2024Spring,4.67,6.5,9,1
223956,EMR 164,EMR,2024Spring,4.95,3.37,27,1
223956,EMR 164,EMR,2025Spring,4.9,4.3,16,1
223960,ECON 2003,ECON,2024Spring,5.0,5.0,29,1
223973,ROM-STD 135,ROM-STD,2024Spring,4.71,3.29,10,1
223975,GHHP 20,GHHP,2024Spring,3.92,2.54,20,1
223975,GHHP 20,GHHP,2025Spring,4.68,4.53,23,1
223976,AFRAMER 55,AFRAMER,2024Spring,5.0,4.5,7,1
223977,ANTHRO 1179,ANTHRO,2024Spring,4.75,2.5,12,1
223979,MODMDEST 110,MODMDEST,2025Spring,4.33,3.8,10,1
223980,MODMDEST 210,MODMDEST,2025Spring,4.33,3.8,10,1
223981,GENED 1189,GENED,2024Spring,4.69,3.54,96,1
223981,GENED 1189,GENED,2025Spring,4.36,4.45,135,1
223984,RELIGION 160,RELIGION,2024Spring,5.0,5.33,7,1
223985,QSE 245,QSE,2024Spring,5.0,12.0,9,1
223985,QSE 245,QSE,2025Spring,4.56,10.88,15,1
223986,ANTHRO 1026,ANTHRO,2024Spring,3.33,2.67,7,1
223989,AFRAMER 142X,AFRAMER,2024Spring,4.78,3.56,15,1
223990,AFRAMER 194Z,AFRAMER,2024Spring,4.44,3.13,13,1
223991,GENED 1190,GENED,2024Spring,4.25,2.8,59,1
223992,COMPSCI 254,COMPSCI,2024Spring,4.35,5.09,29,1
223992,COMPSCI 2540,COMPSCI,2025Spring,3.75,7.24,45,1
223994,ANTHRO 2847,ANTHRO,2024Spring,4.75,9.13,11,1
223995,STAT 106,STAT,2025Spring,3.12,6.54,47,1
223996,APPHY 276,APPHY,2024Spring,4.2,9.4,15,1
223996,APPHY 276,APPHY,2025Spring,3.8,7.4,10,1
223997,ENG-SCI 257,ENG-SCI,2024Spring,4.71,7.57,13,1
224001,FYSEMR 52Z,FYSEMR,2024Fall,4.38,3.42,13,1
224002,ASTRON 205,ASTRON,2024Spring,3.95,8.05,28,1
224002,ASTRON 205,ASTRON,2025Spring,5.0,7.58,22,1
224007,MCB 197,MCB,2024Spring,4.73,4.81,41,2
224010,ENG-SCI 193,ENG-SCI,2024Spring,4.25,2.0,6,1
224016,PHYSICS 260B,PHYSICS,2024Spring,3.75,10.05,36,1
224018,HEB 124,HEB,2025Spring,4.6,4.6,6,1
224020,HEB 1230,HEB,2024Spring,4.86,4.86,10,1
224021,ENG-SCI 195,ENG-SCI,2024Spring,4.13,2.75,11,1
224021,ENG-SCI 195,ENG-SCI,2025Spring,5.0,3.8,8,1
224023,STAT 114,STAT,2024Spring,3.87,6.53,24,1
224023,STAT 114,STAT,2025Spring,4.67,6.14,22,1
224024,EMR 165,EMR,2024Spring,5.0,4.71,10,1
224027,ENG-SCI 138,ENG-SCI,2024Spring,4.14,7.71,7,1
224030,ESPP 160,ESPP,2024Spring,4.75,2.92,28,1
224030,ESPP 160,ESPP,2025Spring,4.52,3.93,28,1
224034,HIST 16D,HIST,2024Spring,4.42,4.42,13,1
224034,HIST 16D,HIST,2025Spring,4.6,5.0,7,1
224036,ENGLISH CHSK,ENGLISH,2024Spring,4.86,8.33,11,1
224042,ESPP 180,ESPP,2024Spring,4.94,4.44,21,1
224043,MBB 980CC,MBB,2024Spring,3.0,3.0,10,1
224043,MBB 980CC,MBB,2024Fall,4.14,4.29,9,1
224044,MBB 980DD,MBB,2024Spring,4.25,4.33,6,1
224044,MBB 980DD,MBB,2024Fall,4.2,3.6,7,1
224046,GOV 1237,GOV,2024Spring,4.5,5.75,7,1
224082,HIST 1927,HIST,2024Spring,4.88,7.83,13,1
224082,HIST 1927,HIST,2025Spring,3.9,6.7,12,1
224085,HIST-LIT 90GN,HIST-LIT,2024Spring,4.4,5.0,9,1
224086,HIST-LIT 90GO,HIST-LIT,2024Spring,4.8,5.4,7,1
224091,GOV 1719,GOV,2024Spring,3.4,5.6,7,1
224091,GOV 1719,GOV,2025Spring,4.63,3.86,11,1
224141,FT 103BR,FT,2025Spring,5.0,5.2,7,1
224142,PSY 1617,PSY,2024Fall,3.38,7.88,9,1
224144,PSY 11,PSY,2025Spring,4.52,5.08,34,1
224202,MATH 166R,MATH,2024Spring,4.83,5.73,18,1
224204,HIST 1611,HIST,2025Spring,4.58,6.6,43,1
224205,HIST 1936,HIST,2024Fall,4.79,5.21,19,1
224210,HAA 186K,HAA,2025Spring,4.5,6.83,14,1
224212,HAA 270K,HAA,2025Spring,5.0,7.33,6,1
224220,GOV 1560,GOV,2024Fall,4.69,6.73,26,1
224240,HIST 10,HIST,2024Fall,3.56,4.89,61,3
224250,HIST 76A,HIST,2024Fall,5.0,6.75,11,1
224256,HAA 286G,HAA,2024Fall,4.56,11.29,12,1
224261,HIST 1940,HIST,2024Fall,4.0,8.0,10,2
224262,HIST 1963,HIST,2024Fall,4.78,10.88,11,1
224263,HIST 2323,HIST,2024Fall,4.6,7.88,20,1
224264,HIST 2691,HIST,2024Fall,4.71,7.0,7,1
224277,CHNSLIT 139,CHNSLIT,2025Spring,4.86,8.33,10,1
224280,CHNSLIT 172,CHNSLIT,2024Fall,4.77,5.46,19,1
224281,PHYSICS 106,PHYSICS,2025Spring,4.75,6.88,14,1
224285,HIST 1473,HIST,2024Fall,4.8,5.0,31,1
224288,EAFM 123,EAFM,2024Fall,4.75,6.5,10,1
224289,EAFM 226,EAFM,2025Spring,4.6,6.6,6,1
224290,EAFM 129,EAFM,2025Spring,4.79,4.46,18,1
224291,CHNSHIS 146,CHNSHIS,2025Spring,5.0,6.17,18,1
224292,EAFM 207R,EAFM,2025Spring,4.5,6.33,9,1
224305,HIST 1815,HIST,2024Fall,4.27,9.7,16,1
224307,CLS-STDY 185,CLS-STDY,2024Fall,5.0,6.25,8,1
224308,CLS-STDY 176,CLS-STDY,2024Fall,4.71,7.5,13,1
224309,CLS-STDY 177,CLS-STDY,2024Fall,4.5,4.5,14,1
224318,CLS-STDY 181,CLS-STDY,2025Spring,4.54,3.46,16,1
224319,LATIN 145,LATIN,2025Spring,4.67,5.5,10,1
224320,CLASPHIL 216,CLASPHIL,2025Spring,4.6,7.75,6,1
224322,MODGRKST 103,MODGRKST,2025Spring,4.22,3.78,16,1
224324,LATIN 146,LATIN,2024Fall,4.5,10.5,8,1
224325,CLS-STDY 190,CLS-STDY,2025Spring,4.68,4.84,25,1
224326,ASTRON 311,ASTRON,2024Fall,4.83,5.4,7,1
224333,MUSIC 290,MUSIC,2025Spring,4.67,4.33,10,1
224337,MUSIC 32,MUSIC,2024Fall,4.5,5.75,9,1
224339,ISLAMCIV 240,ISLAMCIV,2024Fall,5.0,5.57,8,1
224340,GENED 1191,GENED,2024Fall,4.0,7.06,49,1
224342,BBS 330QC,BBS,2024Fall,3.13,6.21,45,13
224343,ECON 1005,ECON,2025Spring,4.19,4.6,54,1
224344,GENED 1200,GENED,2024Fall,4.14,4.78,808,1
224348,ANTHRO 1602,ANTHRO,2024Fall,4.53,4.56,36,1
224349,PSY 980PS,PSY,2025Spring,4.8,4.56,13,2
224353,HAA 182G,HAA,2024Fall,4.64,8.1,16,1
224354,HAA 82G,HAA,2025Spring,4.5,5.0,11,1
224358,WOMGEN 1200FH,WOMGEN,2024Fall,4.67,5.9,15,1
224360,PSY 1032,PSY,2025Spring,4.78,3.09,38,1
224362,HAA 179V,HAA,2025Spring,4.78,6.0,10,1
224364,HIST-LIT 90GP,HIST-LIT,2024Fall,4.29,6.29,7,1
224365,HIST-LIT 90GQ,HIST-LIT,2024Fall,4.67,5.44,12,1
224366,HIST-LIT 90GT,HIST-LIT,2024Fall,4.82,5.27,12,1
224369,PERSIAN 222R,PERSIAN,2024Fall,4.8,7.8,7,1
224372,SOC-STD 98RI,SOC-STD,2024Fall,4.14,5.0,7,1
224373,PSY 1033,PSY,2024Fall,4.88,6.38,15,1
224377,MATH LS,MATH,2025Spring,4.92,8.92,13,1
224378,PSY 1028,PSY,2025Spring,3.55,2.95,36,1
224379,PSY 1035,PSY,2025Spring,4.71,4.29,12,1
224381,SOC-STD 98RT,SOC-STD,2025Spring,4.5,4.57,10,1
224383,TDM 173BF,TDM,2024Fall,4.39,3.06,30,1
224384,GENED 1184,GENED,2025Spring,4.69,3.16,52,1
224385,GENED 1192,GENED,2025Spring,4.42,3.98,58,1
224386,PHIL 9,PHIL,2024Fall,4.63,4.11,27,1
224387,GENED 1194,GENED,2025Spring,4.23,4.55,114,1
224392,ANTHRO 1290,ANTHRO,2025Spring,4.56,5.5,15,2
224393,GENED 1195,GENED,2025Spring,3.97,3.12,208,1
224398,HIST 97S,HIST,2025Spring,4.0,6.88,8,1
224399,ENGLISH 178N,ENGLISH,2024Fall,4.71,7.53,22,1
224400,ENGLISH 121S,ENGLISH,2024Fall,4.43,7.0,71,1
224402,SOCIOL 90GIS,SOCIOL,2024Fall,4.78,7.22,9,1
224403,PHIL 260S,PHIL,2024Fall,4.83,7.17,8,1
224404,SOCIOL 1263,SOCIOL,2024Fall,4.2,5.2,7,1
224405,SOCIOL 1256,SOCIOL,2024Fall,4.83,4.42,16,1
224406,ENGLISH 90HM,ENGLISH,2025Spring,4.55,5.36,13,1
224409,SOC-STD 98PO,SOC-STD,2025Spring,5.0,6.86,10,1
224411,ENGLISH 90IK,ENGLISH,2025Spring,4.7,6.9,15,1
224412,ENGLISH 296R,ENGLISH,2024Fall,3.83,3.67,13,1
224414,GENED 1196,GENED,2024Fall,3.7,5.19,60,1
224417,SOC-STD 98SS,SOC-STD,2024Fall,3.57,10.57,9,1
224419,PSY 1619,PSY,2024Fall,4.45,4.3,17,1
224420,PSY 1620,PSY,2025Spring,4.6,2.4,5,1
224421,PSY 1624,PSY,2025Spring,4.7,3.5,11,1
224422,ENGLISH CNFJ,ENGLISH,2024Fall,4.6,4.67,8,1
224422,ENGLISH CNFJ,ENGLISH,2025Spring,4.88,3.57,9,1
224424,ENGLISH 182CA,ENGLISH,2025Spring,4.66,6.06,43,1
224426,ENGLISH CNYA,ENGLISH,2024Fall,4.75,8.5,6,1
224427,ENGLISH CMMU,ENGLISH,2024Fall,4.82,5.22,13,1
224429,PSY 1023,PSY,2025Spring,4.45,4.76,39,1
224431,HIST 1922,HIST,2025Spring,4.52,5.77,33,1
224433,SPANSH 141,SPANSH,2024Fall,5.0,7.5,17,1
224434,GERMAN 159,GERMAN,2025Spring,4.83,3.0,9,1
224435,GERMAN 67,GERMAN,2024Fall,4.17,6.33,7,1
224436,SOCIOL 1297,SOCIOL,2024Fall,4.88,4.06,18,1
224437,SOCIOL 98WG,SOCIOL,2025Spring,4.73,5.5,12,1
224438,GERMAN 181,GERMAN,2024Fall,4.94,6.24,25,1
224439,AFRAMER 204,AFRAMER,2024Fall,4.92,9.33,24,1
224441,AFVS 55P,AFVS,2024Fall,4.57,6.33,9,1
224443,SOC-STD 98MR,SOC-STD,2025Spring,4.5,6.0,8,1
224444,ENGLISH 191RW,ENGLISH,2024Fall,4.5,4.63,27,2
224445,SOC-STD 68DE,SOC-STD,2025Spring,4.8,3.75,8,1
224447,STAT 116,STAT,2024Fall,4.22,6.88,16,1
224450,AFVS 21,AFVS,2024Fall,3.67,4.67,7,1
224450,AFVS 21,AFVS,2025Spring,4.43,7.29,12,1
224453,AFVS 127H,AFVS,2024Fall,4.22,7.11,11,1
224454,MCB 127,MCB,2024Fall,4.5,4.6,12,2
224455,AFVS 40S,AFVS,2024Fall,4.5,6.5,11,1
224458,HIST 1983A,HIST,2024Fall,4.78,6.22,15,1
224459,HIST 1983B,HIST,2025Spring,4.78,7.78,14,1
224462,AFVS 175,AFVS,2024Fall,4.44,4.78,22,1
224463,PSY 1024,PSY,2024Fall,3.91,4.5,25,1
224464,PSY 1534,PSY,2025Spring,4.07,4.29,16,1
224465,PSY 1536,PSY,2025Spring,3.64,3.86,15,1
224466,PSY 1814,PSY,2025Spring,4.89,4.67,15,1
224467,AFVS 222,AFVS,2024Fall,4.27,3.09,23,1
224468,AFVS 187,AFVS,2024Fall,5.0,2.83,11,1
224469,SLAVIC 186,SLAVIC,2024Fall,5.0,4.0,6,1
224471,BMIF 202,BMIF,2024Fall,4.0,11.5,9,3
224472,PHYSICS 217,PHYSICS,2024Fall,3.94,8.5,28,1
224473,ENGLISH CWNM,ENGLISH,2025Spring,4.83,5.5,10,1
224474,ENGLISH 180AW,ENGLISH,2024Fall,5.0,7.1,11,1
224477,ANTHRO 2251,ANTHRO,2024Fall,4.29,7.17,8,1
224480,HISTSCI 1410,HISTSCI,2024Fall,5.0,6.88,14,1
224481,HISTSCI 1740,HISTSCI,2024Fall,4.71,5.0,16,1
224482,AFVS 173F,AFVS,2025Spring,4.44,4.75,19,2
224486,FYSEMR 65P,FYSEMR,2024Fall,4.33,3.33,13,1
224488,FYSEMR 65Q,FYSEMR,2024Fall,5.0,3.6,9,1
224489,FYSEMR 51V,FYSEMR,2024Fall,4.0,1.86,9,1
224490,FYSEMR 23P,FYSEMR,2024Fall,4.9,2.3,14,1
224491,FYSEMR 53D,FYSEMR,2024Fall,4.64,2.1,12,1
224492,FYSEMR 53E,FYSEMR,2024Fall,4.5,4.25,11,1
224493,FYSEMR 73K,FYSEMR,2025Spring,4.4,5.6,12,1
224494,FYSEMR 65R,FYSEMR,2024Fall,4.2,2.6,9,1
224495,FYSEMR 40X,FYSEMR,2024Fall,4.13,4.25,12,1
224496,FYSEMR 65S,FYSEMR,2024Fall,4.5,5.17,7,1
224498,SPANSH 166,SPANSH,2024Fall,4.2,4.4,9,1
224499,SPANSH 155,SPANSH,2025Spring,4.73,5.8,12,1
224500,FRENCH 227,FRENCH,2024Fall,4.67,4.67,7,1
224502,HIST 97T,HIST,2025Spring,5.0,7.42,14,1
224503,HIST 97U,HIST,2025Spring,4.57,12.0,7,1
224506,HIST 16S,HIST,2025Spring,4.78,6.75,12,1
224507,HIST 16E,HIST,2025Spring,4.5,6.38,9,1
224509,FYSEMR 73L,FYSEMR,2024Fall,4.88,2.88,10,1
224510,HISTSCI 1960,HISTSCI,2025Spring,4.71,4.71,9,1
224512,FYSEMR 53F,FYSEMR,2024Fall,4.0,2.7,12,1
224513,HISTSCI 1462,HISTSCI,2024Fall,4.7,6.67,13,1
224517,HISTSCI 1993,HISTSCI,2025Spring,5.0,12.38,13,1
224518,GERMAN 182,GERMAN,2025Spring,4.57,5.57,39,1
224519,PHIL 148R,PHIL,2025Spring,4.64,8.1,18,1
224520,FYSEMR 65U,FYSEMR,2024Fall,3.8,2.2,7,1
224521,FYSEMR 73N,FYSEMR,2024Fall,3.17,7.67,8,1
224523,AFVS 63M,AFVS,2024Fall,4.17,7.5,10,1
224525,AFRAMER 198Y,AFRAMER,2024Fall,4.78,10.88,11,1
224528,FRENCH 114,FRENCH,2025Spring,4.6,9.89,14,1
224529,HISTSCI 2770,HISTSCI,2024Fall,4.76,6.5,25,1
224530,HISTSCI 1350,HISTSCI,2025Spring,4.86,6.0,10,1
224531,EDST 138,EDST,2024Fall,5.0,7.25,6,1
224532,HISTSCI 2130,HISTSCI,2025Spring,4.5,12.6,14,2
224535,NEC 201,NEC,2024Fall,4.5,5.83,11,1
224536,ENGLISH 287NA,ENGLISH,2024Fall,4.89,7.0,17,1
224540,FYSEMR 61U,FYSEMR,2024Fall,3.43,7.2,8,1
224541,ENG-SCI 275,ENG-SCI,2024Fall,4.14,4.71,14,1
224547,AFVS 61,AFVS,2025Spring,4.89,9.0,11,1
224548,ENGLISH CAKV,ENGLISH,2024Fall,4.57,3.43,11,1
224549,AFVS 161H,AFVS,2025Spring,4.0,12.0,8,1
224550,FYSEMR 61Q,FYSEMR,2024Fall,4.18,3.5,11,1
224552,FYSEMR 50V,FYSEMR,2024Fall,5.0,2.6,12,1
224553,FYSEMR 51F,FYSEMR,2024Fall,4.1,4.67,10,1
224554,FYSEMR 65G,FYSEMR,2024Fall,5.0,2.5,8,1
224559,FYSEMR 72Y,FYSEMR,2024Fall,4.9,3.5,11,1
224560,FYSEMR 30M,FYSEMR,2024Fall,3.75,3.75,10,1
224561,AFVS 146E,AFVS,2025Spring,5.0,8.29,11,1
224563,FYSEMR 23C,FYSEMR,2024Fall,2.75,1.71,9,2
224565,HISTSCI 2635,HISTSCI,2024Fall,4.5,6.57,13,1
224566,GERMAN 107,GERMAN,2025Spring,5.0,4.6,8,1
224567,HIST-LIT 90GX,HIST-LIT,2024Fall,3.82,5.8,15,1
224568,FYSEMR 48K,FYSEMR,2024Fall,4.22,6.33,9,1
224569,SOC-STD 98LR,SOC-STD,2024Fall,4.88,6.0,9,1
224570,FYSEMR 43F,FYSEMR,2024Fall,4.85,3.22,14,1
224571,FYSEMR 70P,FYSEMR,2024Fall,5.0,2.45,14,1
224572,FYSEMR 71X,FYSEMR,2025Spring,4.86,3.86,12,1
224574,FYSEMR 50D,FYSEMR,2025Spring,4.0,1.75,6,1
224577,FYSEMR 72X,FYSEMR,2024Fall,4.55,3.6,12,1
224579,COMPLIT 201X,COMPLIT,2024Fall,4.5,5.83,11,1
224580,COMPLIT 101X,COMPLIT,2024Fall,4.55,4.9,34,1
224581,COMPLIT 111X,COMPLIT,2024Fall,5.0,5.6,6,1
224583,PHIL 274P,PHIL,2024Fall,4.88,6.63,9,1
224584,SOC-STD 98WK,SOC-STD,2024Fall,5.0,5.5,7,1
224585,ENGLISH CDB,ENGLISH,2024Fall,3.86,2.86,8,1
224585,ENGLISH CDB,ENGLISH,2025Spring,3.17,1.8,9,1
224586,SOC-STD 98FR,SOC-STD,2025Spring,4.0,6.5,7,1
224588,HAA 174P,HAA,2024Fall,5.0,3.17,9,1
224589,SOCIOL 98HB,SOCIOL,2024Fall,4.56,4.78,10,1
224591,HIST 16I,HIST,2025Spring,5.0,4.83,8,1
224593,TDM 174PO,TDM,2024Fall,4.73,5.0,17,1
224594,PHIL 101A,PHIL,2025Spring,5.0,4.0,15,1
224595,PHIL 256A,PHIL,2025Spring,5.0,7.5,14,1
224596,SOCIOL 1203,SOCIOL,2024Fall,4.04,4.96,29,1
224597,SOCIOL 1204,SOCIOL,2025Spring,4.2,5.2,18,1
224598,COMPLIT 185X,COMPLIT,2024Fall,5.0,6.25,8,1
224601,PHIL 158C,PHIL,2025Spring,5.0,6.71,16,1
224602,COMPLIT 112X,COMPLIT,2024Fall,4.67,4.33,9,1
224605,EMR 166,EMR,2024Fall,4.89,4.33,12,1
224607,EXPOS 45,EXPOS,2024Fall,5.0,3.67,8,1
224607,EXPOS 45,EXPOS,2025Spring,4.92,3.67,7,2
224609,GOV 94FA,GOV,2024Fall,5.0,5.67,10,1
224610,TDM 182CD,TDM,2024Fall,4.2,5.0,9,1
224614,AFVS 190W,AFVS,2024Fall,4.86,3.43,11,1
224617,HSEMR-EL 80,HSEMR-EL,2024Fall,5.0,6.4,10,1
224623,AFRAMER 133Y,AFRAMER,2024Fall,5.0,4.43,7,1
224624,FYSEMR 51N,FYSEMR,2025Spring,4.6,1.0,7,1
224625,FYSEMR 61M,FYSEMR,2024Fall,4.38,3.0,9,1
224626,FYSEMR 64I,FYSEMR,2024Fall,4.78,4.22,10,1
224630,FYSEMR 32R,FYSEMR,2024Fall,4.71,8.0,7,1
224631,FYSEMR 71M,FYSEMR,2024Fall,4.92,3.17,14,1
224632,FYSEMR 53G,FYSEMR,2024Fall,4.75,4.14,9,1
224633,FOLKMYTH 140,FOLKMYTH,2024Fall,4.5,6.67,10,1
224634,FYSEMR 53H,FYSEMR,2024Fall,4.08,4.67,15,1
224638,GOV 94IS,GOV,2024Fall,4.55,4.27,13,1
224639,GOV 94JE,GOV,2024Fall,4.79,6.93,16,1
224640,GOV 94JUC,GOV,2024Fall,4.71,5.07,17,1
224645,RELIGION 1093,RELIGION,2025Spring,4.25,4.0,5,1
224646,ECON 1333,ECON,2025Spring,4.86,4.09,105,1
224649,COMPLIT 239,COMPLIT,2025Spring,4.56,6.0,10,1
224653,RELIGION 1190,RELIGION,2024Fall,4.5,5.83,11,1
224655,FYSEMR 35E,FYSEMR,2024Fall,3.57,2.71,9,1
224657,TDM 122GM,TDM,2025Spring,4.75,2.57,15,1
224658,TDM 144BU,TDM,2025Spring,4.69,2.07,20,1
224660,RELIGION 32,RELIGION,2024Fall,5.0,7.71,8,1
224667,ENGLISH CRLC,ENGLISH,2025Spring,4.5,3.6,9,1
224671,AFVS 171N,AFVS,2024Fall,5.0,4.6,10,1
224681,AFVS 129H,AFVS,2025Spring,4.0,7.75,10,1
224682,OEB 250,OEB,2024Fall,4.8,3.89,14,1
224689,GOV 2042,GOV,2024Fall,5.0,7.67,20,1
224693,GOV 1307,GOV,2025Spring,4.21,4.26,26,1
224695,GOV 94AA,GOV,2025Spring,4.85,4.0,16,1
224696,GOV 94PE,GOV,2025Spring,4.75,7.08,16,1
224697,GOV 1705,GOV,2025Spring,4.31,4.67,27,1
224707,FYSEMR 65W,FYSEMR,2025Spring,4.13,4.0,11,1
224711,FYSEMR 73S,FYSEMR,2024Fall,4.64,3.36,12,1
224712,FYSEMR 73T,FYSEMR,2024Fall,4.25,2.18,13,2
224713,FYSEMR 65Z,FYSEMR,2025Spring,5.0,3.6,5,1
224715,FYSEMR 66D,FYSEMR,2024Fall,4.93,4.08,16,2
224717,FYSEMR 73Q,FYSEMR,2024Fall,4.88,6.57,12,1
224718,FYSEMR 66E,FYSEMR,2025Spring,4.2,6.0,8,1
224719,FYSEMR 53J,FYSEMR,2024Fall,5.0,2.33,12,1
224720,FYSEMR 26O,FYSEMR,2025Spring,4.78,1.33,16,1
224721,FYSEMR 24P,FYSEMR,2024Fall,4.33,6.17,12,1
224733,ENG-SCI 134,ENG-SCI,2024Fall,4.74,3.8,113,2
224734,COMPLIT 207,COMPLIT,2024Fall,4.88,7.25,18,1
224735,COMPLIT 183,COMPLIT,2025Spring,4.93,3.92,22,1
224736,COMPLIT 192,COMPLIT,2025Spring,4.89,5.0,11,1
224740,ENGLISH CSJM,ENGLISH,2024Fall,5.0,7.25,5,1
224755,MATH MA5,MATH,2024Fall,3.75,10.25,5,2
224837,ROM-STD 230,ROM-STD,2025Spring,4.86,5.33,9,1
224850,GENED 1197,GENED,2025Spring,4.44,4.09,54,1
224856,AFVS 153PR,AFVS,2025Spring,4.86,6.0,11,1
224860,HEB 181,HEB,2025Spring,4.56,5.5,15,2
224869,MCB 207,MCB,2025Spring,2.75,2.67,12,1
224871,HIST-LIT 90GZ,HIST-LIT,2025Spring,4.78,6.22,13,1
224872,HIST-LIT 93AH,HIST-LIT,2025Spring,4.8,5.75,15,1
224891,FYSEMR 73U,FYSEMR,2025Spring,4.67,2.25,13,1
224899,AFVS 52T,AFVS,2025Spring,4.5,6.0,9,1
224901,FYSEMR 57Z,FYSEMR,2025Spring,4.5,3.5,10,1
224930,GOV 2174,GOV,2025Spring,4.5,7.1,14,1
224938,GOV 1535,GOV,2024Fall,4.5,7.8,19,1
224942,HIST 16J,HIST,2024Fall,3.83,8.0,6,1
224943,NEURO 101AA,NEURO,2025Spring,4.6,4.9,11,3
224947,MCB 102,MCB,2025Spring,4.5,4.22,34,1
224952,WOMGEN 1311,WOMGEN,2025Spring,4.85,5.58,13,1
224953,GOV 2171,GOV,2025Spring,4.6,5.4,14,1
224962,ENG-SCI 266,ENG-SCI,2025Spring,3.39,4.82,25,1
224963,ENG-SCI 268,ENG-SCI,2024Fall,4.64,6.55,14,1
225020,APMTH 215,APMTH,2024Fall,3.42,12.32,70,2
225026,BIOSTAT 236,BIOSTAT,2025Spring,3.6,11.67,15,1
225033,SOC-STD 98PM,SOC-STD,2024Fall,4.86,5.86,8,1
225675,HIST 2404,HIST,2024Fall,5.0,5.57,8,1
225711,AFRAMER 154Y,AFRAMER,2025Spring,4.71,5.71,10,1
225720,GOV 94HP,GOV,2024Fall,4.11,5.56,13,1
225721,HIST-LIT 90HB,HIST-LIT,2025Spring,4.83,4.33,7,1
225737,PHIL 179P,PHIL,2025Spring,4.77,6.5,15,1
225750,MCB 160,MCB,2025Spring,4.17,6.67,13,1
225755,HIST 2512,HIST,2025Spring,3.8,15.75,8,2
225760,SLAVIC 221,SLAVIC,2025Spring,4.86,5.86,8,1
225764,ENGLISH 181AL,ENGLISH,2025Spring,4.83,2.67,22,1
225765,ENGLISH 90AE,ENGLISH,2025Spring,4.78,4.22,13,1
225766,MCB 260,MCB,2025Spring,4.06,10.44,22,3
225767,ENGLISH CMCO,ENGLISH,2025Spring,4.63,5.13,15,1
225787,EMR 167,EMR,2025Spring,4.7,4.0,13,1
225788,EMR 170,EMR,2025Spring,4.85,4.62,15,1
225790,EMR 169,EMR,2025Spring,4.91,4.7,14,1
225811,MCB 130,MCB,2025Spring,4.52,7.92,29,1
225812,ANE 211,ANE,2025Spring,4.5,6.33,9,1
225821,AFRAMER 159Y,AFRAMER,2025Spring,4.67,7.4,9,1
225825,GOV 1090,GOV,2025Spring,4.87,4.79,347,1
225830,SOC-STD 98WN,SOC-STD,2025Spring,5.0,6.14,8,1
225832,AFVS 42L,AFVS,2025Spring,4.67,5.83,9,1
225834,ANTHRO 2802,ANTHRO,2025Spring,4.86,5.17,8,1
225835,ANTHRO 1853,ANTHRO,2025Spring,4.78,4.75,15,1
225836,ANTHRO 1913,ANTHRO,2025Spring,4.55,5.0,11,1
225837,AFRAMER 223,AFRAMER,2025Spring,4.85,6.47,28,1
225845,SOC-STD 68LS,SOC-STD,2025Spring,4.75,6.75,5,1
225846,HIST 1769,HIST,2025Spring,4.35,3.82,19,1
225847,AFVS 140S,AFVS,2025Spring,4.29,7.14,7,1
225855,HEB 50,HEB,2025Spring,4.33,2.5,9,1
225862,ANE 116,ANE,2025Spring,4.6,7.2,6,1
225864,NEUROBIO 327QC,NEUROBIO,2025Spring,4.67,5.8,16,3
225865,QSE 276,QSE,2025Spring,3.8,7.4,10,1
225867,QSE 216,QSE,2025Spring,5.0,6.67,14,1
225868,HAA 178M,HAA,2025Spring,4.9,4.22,15,1
225878,EMR 168,EMR,2025Spring,4.5,4.67,28,2
225879,GOV 94RR,GOV,2025Spring,4.25,5.5,9,1
225880,HIST 16K,HIST,2025Spring,4.55,6.44,12,1
225881,OEB 257,OEB,2025Spring,4.75,3.88,11,1
225882,MBB 980EE,MBB,2025Spring,4.83,5.3,15,1
225883,HIST 1915,HIST,2025Spring,5.0,5.0,9,1
225885,TDM 140DL,TDM,2025Spring,4.92,4.45,15,1
225887,HIST 1853,HIST,2025Spring,3.63,3.36,71,1
225888,ROM-STD 145,ROM-STD,2025Spring,4.44,4.75,19,2
225889,RELIGION 161,RELIGION,2025Spring,4.67,6.5,14,1
225890,HISTSCI 2912,HISTSCI,2025Spring,4.78,7.25,15,1
225891,SPANSH 255,SPANSH,2025Spring,4.63,4.81,24,1
225896,HISTSCI 1456,HISTSCI,2025Spring,3.86,7.67,11,2
225897,SLAVIC 194,SLAVIC,2025Spring,4.38,4.14,29,2
225903,HEB 190,HEB,2025Spring,4.82,3.45,11,1
225904,PHYSICS 211BR,PHYSICS,2025Spring,4.38,6.13,13,1
225905,EMR 171,EMR,2025Spring,4.93,3.57,15,1
225906,FOLKMYTH 125,FOLKMYTH,2025Spring,5.0,5.8,8,1
225907,FOLKMYTH 141,FOLKMYTH,2025Spring,4.45,4.18,22,1
225909,EMR 172,EMR,2025Spring,5.0,7.0,9,1
225910,EMR 173,EMR,2025Spring,3.71,5.29,9,1
225914,HIST 1226,HIST,2025Spring,3.63,4.77,29,1
225915,HIST 16M,HIST,2025Spring,4.5,5.13,13,1
225918,PHIL 173E,PHIL,2025Spring,4.63,6.2,21,1
225922,GERMAN 69,GERMAN,2025Spring,4.78,8.44,10,1
225923,RELIGION 33,RELIGION,2025Spring,5.0,4.78,13,1
225925,HIST 16L,HIST,2025Spring,4.75,5.0,12,1
225935,GOV 1388,GOV,2025Spring,4.71,5.71,10,1
225964,ANTHRO 1713,ANTHRO,2025Spring,4.07,5.21,20,1
225966,HIST 16N,HIST,2025Spring,4.82,6.2,14,1
225967,ANTHRO 1821,ANTHRO,2025Spring,4.52,4.69,44,1
225968,ENG-SCI 255,ENG-SCI,2025Spring,3.6,4.11,19,1
225969,APPHY 290A,APPHY,2025Spring,4.38,4.0,8,2
225972,MODMDEST 209,MODMDEST,2025Spring,4.33,5.69,23,1
226030,ENG-SCI 294,ENG-SCI,2025Spring,3.92,3.38,34,1
226047,COMPLIT 133X,COMPLIT,2025Spring,4.7,3.4,17,1
226052,COMPSCI 1060,COMPSCI,2025Spring,4.21,8.17,63,1
