fas_id,course_code,course_title,department,rating,hours_per_week,num_students,semester,num_semesters_offered,rating_category,workload_category,size_category
000016,PHIL 16,"Sex, Love, and Friendship 001",PHIL,4.38,3.82,102,2024Spring,1,Good,Light,Large
000031,PHIL 31,"Saints, Heretics, and Atheists: A Historical Introduction to the Philosophy of Religion 001",PHIL,4.75,4.26,32,2024Spring,1,Excellent,Moderate,Medium
000168,MUSIC 168,Analog Synthesizer and the Digital Age SEM,MUSIC,4.83,4.67,10,2024Spring,1,Excellent,Moderate,Small
000169,PHIL 169,Nozick's Philosophical Explanations 001,PHIL,4.89,6.28,20,2024Spring,1,Excellent,Moderate,Medium
000172,MUSIC 172R,Performer-Composer Collaborative 001,MUSIC,3.8,3.0,10,2022Fall,1,Satisfactory,Light,Small
000176,PHIL 176G,Groups in Political Philosophy (Proseminar) 001,PHIL,4.47,6.25,19,2022Fall,1,Good,Moderate,Medium
000177,MUSIC 177R,Creative Music: Advanced Ensemble Workshop 001,MUSIC,4.55,5.45,20,2024Spring,2,Excellent,Moderate,Medium
000185,PHIL 185,Philosophy and Architecture 001,PHIL,4.18,5.36,15,2024Fall,2,Good,Moderate,Medium
000187,MUSIC 187R,Opera Workshop STO,MUSIC,4.9,5.89,15,2024Spring,1,Excellent,Moderate,Medium
000188,MUSIC 188R,Composer-Performers of the African Diaspora LEC,MUSIC,4.7,3.38,19,2023Fall,2,Excellent,Light,Medium
000291,MUSIC 291R,Music and Migration SEM,MUSIC,5.0,9.0,10,2023Spring,1,Excellent,Heavy,Small
107340,FRSEMR 26F,Dreams: Our Mind by Night 001,FRSEMR,3.9,1.7,13,2022Fall,1,Satisfactory,Light,Small
107341,GENED 1076,Equity and Excellence in K12 American Schools 001,GENED,4.55,5.04,73,2022Fall,1,Excellent,Moderate,Large
107349,MODMDEST 100,"The Modern Middle East, Real and Imagined: An Introduction 001",MODMDEST,4.75,7.0,9,2025Spring,2,Excellent,Moderate,Small
107368,PHYSCI 11,Foundations and Frontiers of Modern Chemistry: A Molecular and Global Perspective LEC,PHYSCI,3.48,8.58,338,2025Spring,3,Below Average,Heavy,Large
107378,SAS 100R,"South Asian Language Tutorials, Introductory Level 004",SAS,5.0,2.2,6,2022Fall,1,Excellent,Light,Small
107388,ECON 1936,Keynes 001,ECON,4.31,6.71,26,2024Fall,2,Good,Moderate,Medium
107400,CELLBIO 306QC,Teaching 100: The Theory and Science of Teaching 001,CELLBIO,4.8,4.22,20,2024Fall,3,Excellent,Moderate,Medium
107425,ECON 1450,The Political Economy of Religion 001,ECON,3.86,6.14,19,2025Spring,3,Satisfactory,Moderate,Medium
107464,GENED 1011,Contemporary Developing Countries: Entrepreneurial Solutions to Intractable Problems 001,GENED,3.28,5.42,97,2023Fall,2,Below Average,Moderate,Large
107602,PSY 1503,Psychology of Close Relationships 001,PSY,4.6,2.49,201,2023Spring,1,Excellent,Light,Large
107619,HISTSCI 1885,Communicating Science 001,HISTSCI,4.92,5.17,14,2023Fall,1,Excellent,Moderate,Small
107669,GENED 1033,Conflict Resolution in a Divided World 001,GENED,4.61,3.82,73,2022Fall,1,Excellent,Light,Large
107675,ECON 980W,Economic Aspects of Health Policy 001,ECON,4.36,4.45,14,2023Fall,2,Good,Moderate,Small
107702,CHEM 171,Biological Synthesis LEC,CHEM,4.33,8.67,32,2025Spring,2,Good,Heavy,Medium
107706,PSY 2410R,Laboratory Research on Emotional Disorders 001,PSY,4.4,2.0,9,2025Spring,3,Good,Light,Small
107709,CHEM 255,Practical Crystallography in Chemistry and Materials Science LEC,CHEM,3.2,6.4,8,2025Spring,2,Below Average,Moderate,Small
107755,NEUROBIO 230,Visual Recognition: Computational and biophysical perspective 001,NEUROBIO,4.2,4.8,7,2023Fall,1,Good,Moderate,Small
107770,GOV 3005A,Research Workshop in International Relations 001,GOV,5.0,0,17,2024Fall,3,Excellent,Light,Medium
107798,GOV 2032,Capitalism and its Critics 001,GOV,4.0,7.45,19,2023Spring,1,Good,Moderate,Medium
107821,GENED 1120,The Political Economy of Globalization 001,GENED,3.53,4.83,175,2023Fall,2,Satisfactory,Moderate,Large
107843,HBTM 200,Pathology of Human Disease 001,HBTM,4.4,2.9,18,2025Spring,3,Good,Light,Medium
107859,RELIGION 40,Incarnation and Desire 1,RELIGION,4.86,4.86,10,2023Fall,1,Excellent,Moderate,Small
107880,GENED 1030,The Philosopher and the Tyrant 001,GENED,3.91,4.26,48,2023Spring,1,Satisfactory,Moderate,Medium
107899,PHYSICS 302A,Teaching and Communicating Physics 001S,PHYSICS,3.44,1.75,36,2025Spring,3,Below Average,Light,Medium
107925,HIST 1911,Pacific History 01,HIST,4.67,7.0,14,2025Spring,1,Excellent,Moderate,Small
107972,HIST 89J,The United States and China: Opium War to the Present 01,HIST,4.71,5.83,10,2025Spring,3,Excellent,Moderate,Small
107973,HIST 1155,"Early Modern Europe, 1450-1789 01",HIST,3.6,3.29,25,2023Fall,1,Satisfactory,Light,Medium
107995,ENG-SCI 298R,"Political Economy of the Global Semiconductor Industry: Technology, Markets and Policy 001",ENG-SCI,4.0,5.33,29,2024Spring,1,Good,Moderate,Medium
108001,MUSIC 220R,History of Music Theory 001,MUSIC,4.83,4.5,9,2023Spring,1,Excellent,Moderate,Small
108055,HIST 80G,Travelers to Byzantium 01,HIST,4.75,5.38,12,2024Fall,1,Excellent,Moderate,Small
108059,HIST 1035,Byzantine Civilization 01,HIST,4.73,5.27,19,2025Spring,2,Excellent,Moderate,Medium
108094,GREEK 110,Plato's Republic 001,GREEK,4.6,6.0,5,2023Spring,1,Excellent,Moderate,Small
108130,ASTRON 209,Exoplanet Systems 001,ASTRON,4.4,11.8,7,2023Fall,1,Good,Heavy,Small
108137,SOCIOL 3310,Qualifying Paper 001,SOCIOL,4.33,8.5,9,2022Fall,1,Good,Heavy,Small
108167,AFRAMER 120X,African American Theatre SEM,AFRAMER,4.83,5.17,12,2023Fall,1,Excellent,Moderate,Small
108213,SHBT 201,From Sound to Neuron 001,SHBT,4.5,9.0,6,2024Fall,3,Excellent,Heavy,Small
108217,SHBT 202,Clinical Aspects of Speech and Hearing 001,SHBT,3.38,4.0,8,2024Spring,2,Below Average,Moderate,Small
108224,SHBT 205,"Audition: Neural Mechanisms, Perception and Cognition 001",SHBT,3.0,8.0,7,2024Spring,1,Below Average,Moderate,Small
108229,CHNSLIT 140,The Greatest Chinese Novel 01,CHNSLIT,4.4,7.0,19,2023Fall,1,Good,Moderate,Medium
108233,KORHIST 115,Korean History Through Film 01,KORHIST,4.88,5.0,15,2025Spring,1,Excellent,Moderate,Medium
108257,FRSEMR 25X,How the Brain Becomes the Mind: A Bottoms-up and Top-Down Perspective 001,FRSEMR,4.55,2.45,11,2022Fall,1,Excellent,Light,Small
108261,FYSEMR 30G,Digging Egypt's Past: Harvard and Egyptian Archaeology 01,FYSEMR,4.86,2.71,10,2023Fall,1,Excellent,Light,Small
108285,GOV 63,Political Theory: Methods and Resources 001,GOV,4.1,6.6,16,2025Spring,2,Good,Moderate,Medium
108287,GOV 62,Research Practice in Qualitative Methods 001,GOV,4.03,7.03,53,2025Spring,3,Good,Moderate,Large
108328,CLASPHIL 219,Latin Inscriptions and Graffiti 001,CLASPHIL,4.75,6.13,15,2023Fall,1,Excellent,Moderate,Medium
108339,CELLBIO 201,Principles of Cell Biology 001,CELLBIO,3.69,3.62,29,2025Spring,3,Satisfactory,Light,Medium
108359,GENED 1017,Americans as Occupiers and Nation-Builders 001,GENED,3.51,5.31,56,2023Fall,1,Satisfactory,Moderate,Large
108389,FYSEMR 21G,Genesis of Stars and Life in the Universe 002,FYSEMR,4.5,1.86,10,2024Spring,2,Excellent,Light,Small
108397,CHNSE 166R,Chinese in the Humanities 001,CHNSE,4.56,7.56,10,2025Spring,2,Excellent,Moderate,Small
108398,GENED 1020,Security 001,GENED,3.87,4.44,263,2025Spring,1,Satisfactory,Moderate,Large
108405,GENED 1116,Medical Ethics and History 001,GENED,4.56,4.34,149,2023Fall,1,Excellent,Moderate,Large
108419,MUSIC 181R,Performance and Culture: Renaissance Music 001,MUSIC,5.0,5.57,8,2024Fall,3,Excellent,Moderate,Small
108465,PHYSICS 143A,Quantum Mechanics I 001,PHYSICS,3.94,10.87,38,2025Spring,6,Satisfactory,Heavy,Medium
108472,EAFM 202,Rip and Tear--The Body as Moving and Moved Image in Japanese Film: Seminar 01,EAFM,4.56,6.22,13,2023Fall,1,Excellent,Moderate,Small
108482,GENED 1130,"Power to the People: Black Power, Radical Feminism, and Gay Liberation 001",GENED,3.98,4.87,59,2025Spring,2,Satisfactory,Moderate,Large
108490,PSY 1702,The Emotional Mind 001,PSY,4.5,3.44,47,2025Spring,2,Excellent,Light,Medium
108530,HIST 1511,Latin America and the United States 01,HIST,4.13,6.5,12,2024Spring,1,Good,Moderate,Small
108531,HIST 1913,State Terror and Social Repair in Latin America 01,HIST,4.38,7.75,10,2024Spring,1,Good,Moderate,Small
108533,HIST 1513,History of Modern Latin America 01,HIST,4.65,6.5,19,2025Spring,2,Excellent,Moderate,Medium
108562,FYSEMR 43J,The Economist's View of the World 001,FYSEMR,4.67,3.44,12,2023Fall,2,Excellent,Light,Small
108564,FYSEMR 22T,Why We Animals Sing 001,FYSEMR,5.0,1.4,10,2025Spring,1,Excellent,Light,Small
108569,WOMGEN 1234,"A Voice of One's Own: Creative Writing in Women, Gender, and Sexuality 001",WOMGEN,4.8,5.3,12,2024Spring,1,Excellent,Moderate,Small
108573,STAT 242,Time Series 001,STAT,3.77,10.32,32,2024Fall,2,Satisfactory,Heavy,Medium
108580,GENED 1012,The Art and Politics of Propaganda: The Nazis and Their Legacy 001,GENED,4.04,6.07,71,2022Fall,1,Good,Moderate,Large
108583,CLASARCH 10,Greek Archaeology 001,CLASARCH,5.0,3.33,6,2022Fall,1,Excellent,Light,Small
108635,GREEK 120,Homer 001,GREEK,4.75,2.63,10,2024Spring,1,Excellent,Light,Small
108649,AFVS 35R,Building Thought: Sculpture Course 001,AFVS,4.63,8.25,12,2024Spring,2,Excellent,Heavy,Small
108657,AFVS 108,Stranger than Fiction 001,AFVS,4.25,4.75,14,2023Spring,1,Good,Moderate,Small
108693,CLASARCH 11,Roman Archaeology 001,CLASARCH,4.64,4.53,77,2025Spring,2,Excellent,Moderate,Large
108716,FRENCH 136,A La Francaise: French Feminisms Today 001,FRENCH,4.64,6.11,14,2022Fall,1,Excellent,Moderate,Small
108750,E-PSCI 162,Hydrology 001,E-PSCI,4.13,4.75,11,2023Spring,1,Good,Moderate,Small
108752,SPANSH 194,The Borges Machine 001,SPANSH,4.28,4.12,23,2024Spring,2,Good,Moderate,Medium
108761,SOC-STD 98NQ,Global East Asia 001,SOC-STD,5.0,7.0,10,2024Fall,2,Excellent,Moderate,Small
108772,ITAL 162,What is Time? 001,ITAL,4.17,5.5,7,2023Fall,1,Good,Moderate,Small
108791,COMPLIT 193,What's Love Got to Do With It; Love Poetry of the Middle Ages and Early Modernity SEM,COMPLIT,4.5,3.83,12,2023Spring,1,Excellent,Light,Small
108799,TDM 118,Acting Alone: The Monologue 001,TDM,5.0,5.2,8,2024Spring,1,Excellent,Moderate,Small
108811,HISTSCI 2445,The Changing Concept of Race in Science and Medicine in the U.S.: From Jefferson to Genomics 001,HISTSCI,3.4,7.2,8,2023Fall,1,Below Average,Moderate,Small
108816,RSRA 298A,Master's Thesis Reading and Research 001,RSRA,4.57,4.0,9,2024Fall,3,Excellent,Moderate,Small
108818,RSRA 299A,Master's Thesis Development and Writing 001,RSRA,4.6,3.8,9,2023Fall,1,Excellent,Light,Small
108829,FYSEMR 27I,Global Health: Comparative Analysis of Healthcare Delivery Systems 001,FYSEMR,4.14,2.23,15,2024Fall,3,Good,Light,Medium
108849,AAAS 124,Tobacco and Sugar 001,AAAS,3.5,8.5,9,2023Fall,1,Satisfactory,Heavy,Small
108859,AFVS 52,Introduction to Nonfiction Videomaking 001,AFVS,4.5,5.83,11,2024Fall,3,Excellent,Moderate,Small
108865,ANTHRO 1400,"Quests for Wisdom: Religious, Moral and Aesthetic Experiences in the Art of Living in Perilous Times 001",ANTHRO,4.9,3.22,21,2024Spring,1,Excellent,Light,Medium
108871,ENG-SCI 183,Introduction to Heat Transfer 001,ENG-SCI,4.57,5.43,15,2025Spring,2,Excellent,Moderate,Medium
108879,AFRAMER 119X,"Chocolate, Culture, and the Politics of Food 001",AFRAMER,4.71,3.25,35,2025Spring,3,Excellent,Light,Medium
108880,APPHY 50A,"Physics as a Foundation for Science and Engineering, Part I 001",APPHY,3.63,11.33,65,2024Fall,3,Satisfactory,Heavy,Large
108882,APPHY 50B,"Physics as a Foundation for Science and Engineering, Part II 001",APPHY,2.99,10.35,111,2025Spring,3,Below Average,Heavy,Large
108890,GENED 1134,Understanding Islam and Contemporary Muslim Societies 001,GENED,3.94,5.32,46,2023Spring,1,Satisfactory,Moderate,Medium
108892,ECON 980X,Economics of Work and Family : Junior Seminar 001,ECON,4.92,6.08,15,2024Fall,3,Excellent,Moderate,Medium
108901,ECON 1010A,Intermediate Microeconomics 001,ECON,3.84,7.48,67,2025Spring,6,Satisfactory,Moderate,Large
108915,GOV 94GO,Politics of Religion in Liberal Democracies: America and the European Union 001,GOV,4.55,5.27,12,2022Fall,1,Excellent,Moderate,Small
108949,ANTHRO 3628,Anthropological Research Methods 001,ANTHRO,4.13,6.63,11,2024Spring,1,Good,Moderate,Small
108950,GENED 1156,Modern Art and Modernity 001,GENED,3.77,4.6,94,2024Spring,1,Satisfactory,Moderate,Large
108969,E-PSCI 56,The History and Evolution of Life on Earth 001,E-PSCI,4.17,4.33,15,2025Spring,3,Good,Moderate,Medium
108970,ARABIC 242BR,Modern & Contemporary Arabic Literary Prose 001,ARABIC,4.5,5.25,8,2023Spring,1,Excellent,Moderate,Small
108971,ARABIC 242AR,Arabic Five: The Arabic Short Story Between Art and Politics 001,ARABIC,4.2,4.6,6,2022Fall,1,Good,Moderate,Small
108982,MUSIC 175R,Topics LEC,MUSIC,4.29,5.57,7,2024Spring,2,Good,Moderate,Small
108994,BBS 230,Analysis of Biological Literature and Experimental Design 0001,BBS,3.44,4.69,70,2024Fall,1,Below Average,Moderate,Large
109073,MED-SCI 302QC,Responsible Conduct of Science Refresher 001,MED-SCI,3.33,1.06,118,2024Fall,3,Below Average,Light,Large
109110,CHEM 145,Experimental Inorganic Chemistry LAB,CHEM,4.88,2.25,10,2024Fall,1,Excellent,Light,Small
109230,MEDVLSTD 250,At Cross Purposes: The Crusades in Material Culture 001,MEDVLSTD,4.75,4.36,15,2025Spring,2,Excellent,Moderate,Medium
109231,E-PSCI 52,Global Geophysics 001,E-PSCI,4.71,3.4,7,2024Fall,2,Excellent,Light,Small
109263,HISTSCI 99B,Tutorial - Senior Year 001,HISTSCI,4.5,16.57,8,2025Spring,3,Excellent,Heavy,Small
109272,ENG-SCI 95R,Startup R & D 001,ENG-SCI,4.69,10.64,24,2025Spring,6,Excellent,Heavy,Medium
109274,PHYSCI 12A,"Mechanics and Statistical Physics from an Analytic, Numerical and Experimental Perspective 001",PHYSCI,4.2,7.48,125,2025Spring,3,Good,Moderate,Large
109282,ENG-SCI 229,Survey of Energy Technology 001,ENG-SCI,4.21,10.64,16,2025Spring,2,Good,Heavy,Medium
109305,GOV 94MS,The Ethics of Artificial Intelligence 001,GOV,4.6,6.1,15,2024Fall,2,Excellent,Moderate,Medium
109308,MATH 290Z,Combinatorics of symmetric functions 001,MATH,4.89,13.38,26,2025Spring,1,Excellent,Heavy,Medium
109319,FRSEMR 23P,"Physics, Math and Puzzles 001",FRSEMR,4.5,1.4,12,2022Fall,1,Excellent,Light,Small
109324,FRSEMR 30M,California in the 60s 001,FRSEMR,4.78,2.44,13,2022Fall,1,Excellent,Light,Small
109328,PHYSICS 254,The Standard Model 001,PHYSICS,4.83,11.4,13,2023Spring,1,Excellent,Heavy,Small
109339,APCOMP 298R,Interdisciplinary Seminar in Applied Computation 001,APCOMP,4.13,3.75,15,2024Fall,4,Good,Light,Medium
109341,ESE 169,Field and Lab-Based Seminar on Local Pollution Issues 001,ESE,4.58,6.58,18,2024Fall,2,Excellent,Moderate,Medium
109342,PLSH CR,Advanced Polish 001,PLSH,5.0,5.6,5,2023Spring,1,Excellent,Moderate,Small
109346,PHYSICS 223,Electronics for Scientists 001,PHYSICS,4.86,9.14,12,2024Fall,2,Excellent,Heavy,Small
109348,ENGLISH 90KA,The Brontës 001,ENGLISH,4.89,8.72,20,2025Spring,2,Excellent,Heavy,Medium
109356,ENG-SCI 177,Microfabrication Laboratory 001,ENG-SCI,4.75,3.77,22,2025Spring,3,Excellent,Light,Medium
109357,ENG-SCI 277,Microfabrication Laboratory 001,ENG-SCI,4.75,3.77,22,2025Spring,3,Excellent,Light,Medium
109358,ENG-SCI 157,Biological Signal Processing 001,ENG-SCI,3.92,8.85,16,2023Fall,2,Satisfactory,Heavy,Medium
109360,GENED 1064,"Brains, Identity, and Moral Agency 001",GENED,4.21,4.31,58,2025Spring,2,Good,Moderate,Large
109375,HAA 96A,Architecture Studio I: Transformations 001,HAA,4.0,16.0,10,2025Spring,3,Good,Heavy,Small
109394,HBTM 235,Principles of Human Disease: Physiology and Pathology 001,HBTM,4.5,9.18,18,2024Fall,3,Excellent,Heavy,Medium
109409,HIST 1206,France and the World since 1870 01,HIST,4.88,5.63,11,2024Fall,1,Excellent,Moderate,Small
109418,HIST 1281,The End of Communism 01,HIST,4.33,4.59,26,2024Fall,2,Good,Moderate,Medium
109422,HIST 1912,History Design Studio 01,HIST,4.8,5.0,13,2024Fall,1,Excellent,Moderate,Small
109423,HIST 1412,African Diaspora in the Americas 001,HIST,4.36,4.43,25,2022Fall,1,Good,Moderate,Medium
109425,ARABIC BA,Intermediate Arabic I 001,ARABIC,4.4,7.4,5,2025Spring,4,Good,Moderate,Small
109427,AFRIKAAN AA,Elementary Afrikaans 001,AFRIKAAN,4.83,3.4,10,2024Fall,3,Excellent,Light,Small
109436,HIST 1520,Colonial Latin America 01,HIST,4.29,4.35,22,2023Fall,1,Good,Moderate,Medium
109447,PHIL 144,Logic and Philosophy 001,PHIL,4.57,9.08,24,2024Spring,1,Excellent,Heavy,Medium
109454,CHEM 105,Advanced Organic Chemistry LEC,CHEM,4.27,7.67,20,2024Fall,3,Good,Moderate,Medium
109457,PHYSCI 12B,"Electromagnetism from an Analytic, Numerical and Experimental Perspective 001",PHYSCI,3.5,8.82,67,2024Fall,3,Satisfactory,Heavy,Large
109469,FYSEMR 40P,Appraising and Reimagining Middle and High School Math Education 001,FYSEMR,4.6,5.4,9,2023Fall,2,Excellent,Moderate,Small
109474,FRSEMR 31P,Trials from Classical Athens and Modern Legal Debates 001,FRSEMR,4.27,2.1,12,2022Fall,1,Good,Light,Small
109475,FYSEMR 41E,"The American Death Penalty: Morality, Law, and Politics 01",FYSEMR,4.31,4.77,14,2023Fall,1,Good,Moderate,Small
109501,GENED 1043,American Dreams Made in Hollywood and Beyond 001,GENED,4.2,4.61,81,2023Fall,1,Good,Moderate,Large
109521,ISLAMCIV 145B,Introduction to Islamic Philosophy and Theology: The Modern Period (19th and 20th centuries) 001,ISLAMCIV,4.75,5.67,10,2022Fall,1,Excellent,Moderate,Small
109527,E-PSCI 110,Introduction to Planetary Materials and Earth Resources 001,E-PSCI,4.0,5.33,12,2024Fall,3,Good,Moderate,Small
109554,GOV 1292,Politics of Brazil 001,GOV,5.0,8.0,14,2025Spring,1,Excellent,Moderate,Small
109570,ANTHRO 1936,Anthropology of Religion 001,ANTHRO,4.0,4.0,12,2023Fall,1,Good,Moderate,Small
109571,ANTHRO 1698,Anthropology of Death and Immortality 001,ANTHRO,4.38,5.56,17,2024Fall,2,Good,Moderate,Medium
109600,PHIL 34,Existentialism in Literature and Film 001,PHIL,4.44,5.09,120,2022Fall,1,Good,Moderate,Large
109605,HIST 2277,Eastern Europe: Peoples and Empires: Proseminar 01,HIST,5.0,22.17,7,2025Spring,2,Excellent,Heavy,Small
109607,WOMGEN 1210ST,Theories of Race and Sexuality 001,WOMGEN,4.89,6.11,13,2023Spring,1,Excellent,Moderate,Small
109621,HIST 1602,Modern China: 1894-Present 01,HIST,4.53,5.29,26,2025Spring,3,Excellent,Moderate,Medium
109627,FYSEMR 21V,"Black Holes, String Theory and the Fundamental Laws of Nature 001",FYSEMR,4.42,3.3,14,2024Fall,3,Good,Light,Small
109636,MCB 170,Brain Invaders: Building and Breaking Barriers in the Nervous System 001,MCB,4.92,4.82,17,2024Spring,2,Excellent,Moderate,Medium
109652,FOLKMYTH 106,History of Witchcraft and Charm Magic 001,FOLKMYTH,4.14,2.95,33,2023Spring,1,Good,Light,Medium
109660,HISTSCI 98,Tutorial - Junior Year 001,HISTSCI,4.78,7.44,14,2025Spring,6,Excellent,Moderate,Small
109680,SOCIOL 1181,Social Change in Modern Korea 001,SOCIOL,4.79,5.04,31,2024Spring,1,Excellent,Moderate,Medium
109684,ESE 163,Pollution Control in Aquatic Ecosystems 001,ESE,5.0,9.0,7,2024Fall,2,Excellent,Heavy,Small
109705,SOCIOL 1115,"The Internet, Social Media, and Society 001",SOCIOL,3.0,2.5,10,2023Spring,1,Below Average,Light,Small
109731,GOV 94GK,The Politics and Ethics of Health Care 001,GOV,4.58,6.58,14,2024Fall,3,Excellent,Moderate,Small
109735,GOV 94KA,Thinking Out of the Box - Exploring New Insights into North Korea 001,GOV,5.0,4.5,8,2023Spring,1,Excellent,Moderate,Small
109742,GOV 94AU,Political Economy 001,GOV,4.73,4.8,11,2023Fall,1,Excellent,Moderate,Small
109762,HIST 2950A,Approaches to Global History: Seminar 001,HIST,4.5,11.75,11,2022Fall,1,Excellent,Heavy,Small
109775,SPANSH 171,Barcelona and the Catalan Culture 001,SPANSH,4.36,5.07,17,2023Spring,1,Good,Moderate,Medium
109802,ARABIC 243BR,Introduction to the Rational Sciences 001,ARABIC,4.57,8.71,8,2022Fall,1,Excellent,Heavy,Small
109804,ARABIC 243DR,Islamic Religious Sciences 001,ARABIC,5.0,8.0,6,2024Fall,1,Excellent,Moderate,Small
109817,MATH 112,Introductory Real Analysis 001,MATH,3.31,8.74,54,2025Spring,4,Below Average,Heavy,Large
109820,SPANSH 49H,Languaging and the Latinx identities 001,SPANSH,4.8,3.8,8,2024Fall,3,Excellent,Light,Small
109851,MCB 68,Cell Biology Through the Microscope 001,MCB,4.65,6.45,24,2025Spring,2,Excellent,Moderate,Medium
109860,HISTSCI 2739,Freud and His Legacies: Readings in the History of Psychoanalysis 001,HISTSCI,4.8,7.89,17,2022Fall,1,Excellent,Moderate,Medium
109861,GENED 1069,"Faith and Authenticity: Religion, Existentialism and the Human Condition 001",GENED,4.39,5.16,44,2024Fall,2,Good,Moderate,Medium
109866,MBB 980H,What Disease Teaches about Cognition 001,MBB,4.82,3.36,14,2025Spring,3,Excellent,Light,Small
109873,HIST 2475,Legal History Workshop: Technology and the Law 01,HIST,4.75,6.0,7,2025Spring,1,Excellent,Moderate,Small
109882,ESPP 77,"Technology, Environment, and Society 001",ESPP,3.54,4.78,34,2023Fall,1,Satisfactory,Moderate,Medium
109894,ECON 10B,Principles of Economics (Macroeconomics) 001,ECON,4.15,4.96,649,2025Spring,6,Good,Moderate,Large
109898,APCOMP 209A,Data Science 1: Introduction to Data Science 001,APCOMP,3.86,9.52,450,2024Fall,3,Satisfactory,Heavy,Large
109899,COMPSCI 1090A,Data Science 1: Introduction to Data Science 001,COMPSCI,3.86,9.52,450,2024Fall,3,Satisfactory,Heavy,Large
109906,HAA 18J,Introduction to Japanese Architecture 001,HAA,4.56,4.49,74,2025Spring,2,Excellent,Moderate,Large
109927,HIST 97B,"""What is Intellectual History?"" 01",HIST,4.83,9.83,12,2025Spring,2,Excellent,Heavy,Small
109930,HIST 97E,"""What is Imperial History?"" 01",HIST,4.17,9.58,16,2025Spring,3,Good,Heavy,Medium
109942,GOV 94SAF,E&L Safra Undergraduate Ethics Fellowship Seminar 001,GOV,4.88,7.75,11,2025Spring,3,Excellent,Moderate,Small
109959,HAA 144M,Hagia Sophia: Space and Ceremony 001,HAA,4.6,5.56,12,2023Fall,1,Excellent,Moderate,Small
109969,ECON 1544,Foundations of International Macroeconomic Policy 001,ECON,4.62,4.46,24,2023Spring,1,Excellent,Moderate,Medium
110008,UKRA BR,Intermediate Ukrainian 001,UKRA,5.0,5.25,5,2023Spring,1,Excellent,Moderate,Small
110022,STAT 186,Introduction to Causal Inference 001,STAT,4.54,7.23,20,2025Spring,2,Excellent,Moderate,Medium
110043,AFVS 158BR,Sensory Ethnography 2 1,AFVS,5.0,17.5,8,2024Spring,1,Excellent,Heavy,Small
110046,AFVS 241,New Media Theory 001,AFVS,4.6,7.2,7,2022Fall,1,Excellent,Moderate,Small
110053,GOV 1430,Tech Science to Save the World 001,GOV,4.37,4.89,29,2025Spring,3,Good,Moderate,Medium
110075,BCS CR,"Advanced Bosnian, Croatian, and Serbian 001",BCS,5.0,3.33,6,2024Spring,3,Excellent,Light,Small
110087,APPHY 275,Computational Design of Materials 001,APPHY,4.46,11.0,22,2024Spring,2,Good,Heavy,Medium
110094,STAT 102,Introduction to Statistics for Life Sciences 001,STAT,4.52,8.71,35,2025Spring,4,Excellent,Heavy,Medium
110099,HISTSCI 1490,The History and Culture of Stigma 001,HISTSCI,4.63,4.64,21,2024Fall,1,Excellent,Moderate,Medium
110112,MUSIC 10,Harvard-Radcliffe Orchestra 001,MUSIC,5.0,6.0,10,2025Spring,6,Excellent,Moderate,Small
110114,MUSIC 14,Harvard-Radcliffe Collegium Musicum 001,MUSIC,4.78,2.77,27,2025Spring,6,Excellent,Light,Medium
110115,MUSIC 15,Harvard Glee Club 001,MUSIC,4.92,3.3,31,2025Spring,6,Excellent,Light,Medium
110128,MUSIC 16,Radcliffe Choral Society 001,MUSIC,4.71,2.38,20,2025Spring,6,Excellent,Light,Medium
110144,PHYSICS 220,Fluid Dynamics 001,PHYSICS,4.57,12.0,10,2025Spring,1,Excellent,Heavy,Small
110215,MATH 268A,Categorical Langlands and Shimura Varieties 001,MATH,4.4,9.67,29,2024Fall,1,Good,Heavy,Medium
110216,PSY 1009,Psychology of Women 001,PSY,4.75,5.43,13,2025Spring,3,Excellent,Moderate,Small
110241,CHEM 110,The Chemistry and Biology of Therapeutics LEC,CHEM,4.04,6.57,71,2024Fall,3,Good,Moderate,Large
110271,STAT 314HFRA,Timely Topics in Statistics 001,STAT,4.75,1.67,7,2023Fall,2,Excellent,Light,Small
110285,HIST 1265,"Germany, 1848-1949 01",HIST,4.7,4.43,105,2024Fall,2,Excellent,Moderate,Large
110300,ECON 2148,Causal Inference in Economics 001,ECON,4.59,9.5,22,2025Spring,3,Excellent,Heavy,Medium
110305,FYSEMR 24Q,Microbial Symbioses: From the Deep-Sea to the Human Microbiome 001,FYSEMR,4.33,4.44,10,2024Fall,3,Good,Moderate,Small
110313,ANTHRO 2725,History and Anthropology: Seminar 001,ANTHRO,4.33,7.5,16,2023Spring,1,Good,Moderate,Medium
110319,TDM 150,Directorial Concepts and Set Design of the 20th and 21st Centuries 001,TDM,5.0,2.67,9,2024Fall,3,Excellent,Light,Small
110362,HAA 96B,Architecture Studio II: Connections 001,HAA,4.29,17.17,9,2025Spring,2,Good,Heavy,Small
110371,ECON 1000,"Growth, Technology, Inequality, and Education 001",ECON,3.9,4.97,41,2022Fall,1,Satisfactory,Moderate,Medium
110382,GENED 1129,Infectious Diseases and Social Injustice 001,GENED,4.0,4.07,18,2023Fall,1,Good,Moderate,Medium
110392,STAT 300HFRA,Research in Statistics 001,STAT,4.8,0,21,2024Fall,3,Excellent,Light,Medium
110398,SPANSH 186,"Tobacco and Sugar, Seminar in Caribbean Counterpoints 001",SPANSH,4.14,8.0,12,2025Spring,2,Good,Moderate,Small
110424,MCB 60,Cellular Biology and Molecular Medicine 001,MCB,4.14,8.27,62,2024Fall,3,Good,Heavy,Large
110425,FYSEMR 30Q,Death and Immortality 001,FYSEMR,4.18,3.27,12,2024Fall,3,Good,Light,Small
110440,HUMAN 10A,A Humanities Colloquium from Homer to Joyce 001,HUMAN,4.52,9.06,89,2024Fall,3,Excellent,Heavy,Large
110441,HUMAN 10B,A Humanities Colloquium from Homer to Joyce 001,HUMAN,4.52,8.5,86,2025Spring,3,Excellent,Heavy,Large
110444,HIST 97G,"""What is Legal History?"" 01",HIST,3.55,11.2,15,2023Spring,1,Satisfactory,Heavy,Medium
110445,HIST 97H,"""What is Urban History?"" 001",HIST,4.3,7.8,12,2024Spring,1,Good,Moderate,Small
110450,MCB 63,Biochemistry and Molecular Medicine 001,MCB,3.65,11.5,23,2024Fall,3,Satisfactory,Heavy,Medium
110464,GENED 1049,East Asian Cinema 001,GENED,4.61,4.39,173,2023Spring,1,Excellent,Moderate,Large
110471,EAFM 222,Media Cultures in the People's Republic of China 01,EAFM,5.0,7.0,13,2022Fall,1,Excellent,Moderate,Small
110474,MATH 265,Singularities and Hodge theory 001,MATH,4.75,13.33,39,2024Fall,1,Excellent,Heavy,Medium
110501,AFRAMER 199X,Social Revolutions in Latin America 001,AFRAMER,4.94,8.78,18,2024Fall,1,Excellent,Heavy,Medium
110504,MATH 267Z,Posets 001,MATH,4.55,5.7,24,2024Fall,1,Excellent,Moderate,Medium
110507,SOCIOL 1058,"Sex, Gender, Sexuality 001",SOCIOL,4.64,5.32,38,2024Fall,2,Excellent,Moderate,Medium
110521,BPH 219,Biological Sciences Communications 001,BPH,4.0,4.0,12,2024Fall,3,Good,Moderate,Small
110526,PHYSICS 262,Statistical Mechanics 001,PHYSICS,4.1,10.83,57,2024Fall,3,Good,Heavy,Large
110543,CHNSE 106A,Introduction to Literary Sinitic 001,CHNSE,4.5,5.67,5,2024Fall,3,Excellent,Moderate,Small
110546,VIROLOGY 201,Virology 001,VIROLOGY,3.56,3.67,12,2025Spring,3,Satisfactory,Light,Small
110551,SOCIOL 2209,Qualitative Social Analysis: Seminar 001,SOCIOL,4.17,13.5,8,2024Spring,2,Good,Heavy,Small
110578,SPANSH 70B,Golden Age Literature 001,SPANSH,4.0,4.27,12,2023Fall,1,Good,Moderate,Small
110596,MATH 19A,Modeling and Differential Equations for the Life Sciences 001,MATH,4.25,12.95,22,2024Fall,3,Good,Heavy,Medium
110599,UKRA CR,Advanced Ukrainian 001,UKRA,5.0,4.75,6,2024Fall,2,Excellent,Moderate,Small
110614,LATIN 117,Livy and the Gauls 001,LATIN,5.0,5.88,10,2022Fall,1,Excellent,Moderate,Small
110638,MUSIC 190RB,Topics in World Music: Proseminar SEM,MUSIC,2.25,6.75,6,2024Fall,1,Below Average,Moderate,Small
110641,PORTUG 11S,"Beginning Portuguese for Spanish Speakers II: More SAMBA, less Salsa! 001",PORTUG,4.88,4.0,12,2025Spring,3,Excellent,Moderate,Small
110650,HAA 98AR,Junior Tutorial - Museums and Collections 001,HAA,2.75,5.13,12,2024Fall,3,Below Average,Moderate,Small
110658,LING 107,Introduction to Indo-European 001,LING,4.67,5.5,20,2025Spring,2,Excellent,Moderate,Medium
110660,ECON 2450A,Public Economics and Fiscal Policy I 001,ECON,3.67,6.33,14,2024Fall,3,Satisfactory,Moderate,Small
110661,COMPSCI 1820,Planning and Learning Methods in AI 001,COMPSCI,3.12,9.01,117,2025Spring,3,Below Average,Heavy,Large
110673,HIST 3900,Writing History: Approaches and Practices 01,HIST,3.8,10.5,17,2025Spring,3,Satisfactory,Heavy,Medium
110676,AFVS 53AR,Fundamentals of Animation 001,AFVS,4.88,7.0,11,2025Spring,5,Excellent,Moderate,Small
110684,APMTH 205,Advanced Scientific Computing: Numerical Methods 001,APMTH,3.63,8.16,70,2024Fall,3,Satisfactory,Heavy,Large
110708,ECON 2060,Contract Theory 001,ECON,4.38,5.25,13,2025Spring,3,Good,Moderate,Small
110722,CHNSE 142B,Advanced Conversational Chinese 001,CHNSE,4.67,4.67,6,2024Spring,1,Excellent,Moderate,Small
110731,ECON 2725,Corporate Finance and Banking 001,ECON,5.0,6.5,17,2024Fall,3,Excellent,Moderate,Medium
110751,STAT 139,Introduction to Linear Models 001,STAT,4.18,7.98,116,2024Fall,3,Good,Moderate,Large
110757,LATIN 106A,Virgil: Eclogues and Georgics 001,LATIN,4.5,6.19,18,2022Fall,1,Excellent,Moderate,Medium
110766,STAT 110,Introduction to Probability 001,STAT,4.05,12.07,507,2024Fall,3,Good,Heavy,Large
110776,PSY 16,Developmental Psychology 001,PSY,4.27,3.95,33,2024Fall,3,Good,Light,Medium
110782,JAPAN 106A,Classical Japanese 001,JAPAN,5.0,5.5,6,2024Fall,2,Excellent,Moderate,Small
110785,LING 101,The Science of Language: An Introduction 001,LING,4.56,5.22,14,2024Fall,3,Excellent,Moderate,Small
110786,CHNSHIS 235R,Topics in Warring States History: Seminar 01,CHNSHIS,5.0,5.67,12,2023Spring,1,Excellent,Moderate,Small
110808,MATH 25A,Theoretical Linear Algebra and Real Analysis I 001,MATH,4.78,15.35,23,2024Fall,3,Excellent,Heavy,Medium
110818,GOV 2105,Comparative Politics: Field Seminar 001,GOV,4.63,14.25,18,2025Spring,3,Excellent,Heavy,Medium
110836,GOV 2285,Political Science and China 001,GOV,5.0,17.17,7,2024Spring,2,Excellent,Heavy,Small
110854,MUSIC 164R,Compositional Studies LEC,MUSIC,4.43,6.0,12,2024Spring,1,Good,Moderate,Small
110855,MATH 25B,Theoretical Linear Algebra and Real Analysis II 001,MATH,4.71,12.14,7,2025Spring,3,Excellent,Heavy,Small
110859,RUSS 111,Fourth-Year Russian: Russian and Post-Soviet Studies 001,RUSS,5.0,9.83,6,2022Fall,1,Excellent,Heavy,Small
110880,MATH 213A,Advanced Complex Analysis 001,MATH,4.4,12.2,9,2024Fall,3,Good,Heavy,Small
110893,GOV 1280,Government & Politics of China 001,GOV,4.72,4.37,86,2024Fall,2,Excellent,Moderate,Large
110914,NEC 101,"Historical Background to the Contemporary Middle East: Religion, Literature and Politics 001",NEC,4.0,4.5,13,2025Spring,3,Good,Moderate,Small
110940,CHNSE 120B,Intermediate Modern Chinese 001,CHNSE,4.9,7.4,17,2025Spring,3,Excellent,Moderate,Medium
110943,ESPP 91R,Supervised Reading and Research 001,ESPP,2.67,11.5,6,2024Fall,2,Below Average,Heavy,Small
110947,MOD-HEB 120A,Intermediate Modern Hebrew I 001,MOD-HEB,4.0,5.33,6,2024Fall,2,Good,Moderate,Small
110953,GOV 2005,Formal Political Theory I 001,GOV,4.13,7.86,19,2024Fall,3,Good,Moderate,Medium
110989,MATH 21B,Linear Algebra and Differential Equations 011,MATH,3.89,11.91,24,2025Spring,6,Satisfactory,Heavy,Medium
110990,COMPSCI 148,Design of VLSI Circuits and Systems 001,COMPSCI,4.64,10.64,31,2024Spring,1,Excellent,Heavy,Medium
111002,LING 97R,Group Tutorial - Sophomore Year 001,LING,4.33,2.75,8,2025Spring,3,Good,Light,Small
111010,MATH 1B,"Integration, Series and Differential Equations 011",MATH,3.27,10.66,17,2025Spring,6,Below Average,Heavy,Medium
111036,STAT 111,Introduction to Statistical Inference 001,STAT,4.31,11.71,201,2025Spring,3,Good,Heavy,Large
111086,GOV 2114,The Politics of Health Care in Canada and The U.S. 001,GOV,5.0,6.4,8,2023Fall,1,Excellent,Moderate,Small
111105,ECON 1723,Capital Markets 001,ECON,3.8,6.91,122,2025Spring,3,Satisfactory,Moderate,Large
111129,CHNSE 140A,Advanced Modern Chinese 002,CHNSE,4.57,5.57,8,2023Fall,2,Excellent,Moderate,Small
111130,STAT 211,Statistical Inference I 001,STAT,4.38,12.61,51,2024Fall,3,Good,Heavy,Large
111133,MATH 136,Differential Geometry 001,MATH,3.81,6.4,36,2024Fall,3,Satisfactory,Moderate,Medium
111138,RELIGION 1400,Introduction to the New Testament 1,RELIGION,4.38,4.0,21,2024Fall,2,Good,Moderate,Medium
111161,MATH MA,Introduction to Functions and Calculus I 001,MATH,3.96,10.89,14,2024Fall,3,Satisfactory,Heavy,Small
111162,GOV 1243,Politics and Power in Post-Soviet Russia 001,GOV,3.58,5.78,32,2025Spring,2,Satisfactory,Moderate,Medium
111164,PHYSICS 15A,Introductory Mechanics and Relativity 001,PHYSICS,4.26,7.21,48,2025Spring,6,Good,Moderate,Medium
111191,PHYSICS 287A,Introduction to String Theory 001,PHYSICS,4.8,18.25,7,2024Fall,2,Excellent,Heavy,Small
111192,ANTHRO 1060,Introduction to Archaeological Science 001,ANTHRO,5.0,8.29,11,2025Spring,2,Excellent,Heavy,Small
111193,JAPAN BA,Elementary Japanese 001,JAPAN,4.8,7.8,10,2024Fall,3,Excellent,Moderate,Small
111197,PHYSICS 16,Mechanics and Special Relativity 001,PHYSICS,3.33,16.0,27,2024Fall,3,Below Average,Heavy,Medium
111202,CELTIC 137,Celtic Mythology 001,CELTIC,4.5,2.0,24,2023Fall,1,Excellent,Light,Medium
111213,ECON 2010C,Economic Theory 001,ECON,4.45,11.94,30,2024Fall,3,Good,Heavy,Medium
111215,CELLBIO 207,"Development, Stem Cells and Regeneration 001",CELLBIO,3.63,5.88,9,2025Spring,3,Satisfactory,Moderate,Small
111231,PHYSICS 151,Mechanics 001,PHYSICS,3.6,9.9,14,2024Fall,3,Satisfactory,Heavy,Small
111235,KOREAN 130A,Pre-advanced Korean 001,KOREAN,4.17,6.5,11,2024Fall,3,Good,Moderate,Small
111261,ECON 1661,Economics of Climate Change and Environmental Policy 001,ECON,4.0,4.82,35,2025Spring,3,Good,Moderate,Medium
111292,ECON 1800,The Economics of Cities 001,ECON,4.49,5.18,72,2025Spring,2,Good,Moderate,Large
111305,ASTRON 2,Celestial Navigation 001,ASTRON,4.0,12.91,17,2024Fall,3,Good,Heavy,Medium
111314,PHYSICS 251A,Advanced Quantum Mechanics I 001,PHYSICS,4.31,13.08,35,2024Fall,3,Good,Heavy,Medium
111321,MATH 276B,Introduction to Integrable Probability 001,MATH,5.0,4.6,34,2025Spring,1,Excellent,Moderate,Medium
111324,PERSIAN BA,Intermediate Persian I 001,PERSIAN,3.5,3.5,7,2024Fall,2,Satisfactory,Light,Small
111335,PHIL 176,Contemporary Political Philosophy 001,PHIL,4.62,6.77,15,2024Fall,1,Excellent,Moderate,Medium
111347,MUSIC 208R,Ethnomusicology: Seminar SEM,MUSIC,4.25,5.0,8,2024Spring,1,Good,Moderate,Small
111353,MUSIC 4,Introduction to Composition SEM,MUSIC,4.44,6.78,11,2025Spring,2,Good,Moderate,Small
111358,GENETIC 216,Advanced Topics in Gene Expression 0001,GENETIC,4.75,8.42,13,2025Spring,3,Excellent,Heavy,Small
111361,E-PSCI 131,Introduction to Physical Oceanography and Climate 001,E-PSCI,5.0,7.4,21,2024Spring,1,Excellent,Moderate,Medium
111385,MUSIC 219R,19th Century Music SEM,MUSIC,4.67,6.33,8,2022Fall,1,Excellent,Moderate,Small
111399,MUSIC 180R,The Harvard New Music Ensemble STO,MUSIC,4.86,3.29,9,2023Fall,1,Excellent,Light,Small
111404,ECON 3012,Graduate Student Workshop in Labor Economics 001,ECON,3.67,0,20,2025Spring,4,Satisfactory,Light,Medium
111406,GREEK 104,Herodotus 001,GREEK,4.4,7.4,6,2023Fall,1,Good,Moderate,Small
111407,ECON 2611,Industrial Organization II 001,ECON,4.7,8.33,16,2025Spring,3,Excellent,Heavy,Medium
111410,GOV 2305,American Government and Politics: Field Seminar 001,GOV,3.93,9.79,20,2024Fall,3,Satisfactory,Heavy,Medium
111424,PHIL 140,Fundamentals of Logic 001,PHIL,3.55,5.86,36,2023Fall,2,Satisfactory,Moderate,Medium
111428,GOV 2020,The Hidden Curriculum 001,GOV,4.38,6.62,20,2024Fall,1,Good,Moderate,Medium
111438,AFRAMER 123Z,American Democracy 001,AFRAMER,4.0,6.2,15,2025Spring,3,Good,Moderate,Medium
111458,MATH 131,Topological Spaces and Fundamental Group 001,MATH,3.2,11.21,28,2024Fall,3,Below Average,Heavy,Medium
111477,ECON 1545,International Financial and Macroeconomic Policy 001,ECON,4.64,7.21,23,2024Fall,2,Excellent,Moderate,Medium
111508,HAA 193X,African Architecture 001,HAA,4.0,4.75,11,2025Spring,2,Good,Moderate,Small
111530,GOV 2002,Quantitative Social Science Methods II 001,GOV,3.74,9.45,25,2023Fall,2,Satisfactory,Heavy,Medium
111533,MATH 124,Number Theory 001,MATH,3.6,10.11,13,2024Fall,3,Satisfactory,Heavy,Small
111536,GOV 2080,The Political Philosophy of Jonathan Swift 001,GOV,4.33,3.18,15,2022Fall,1,Good,Light,Medium
111548,GOV 1360,American Public Opinion 001,GOV,4.34,4.23,40,2024Fall,1,Good,Moderate,Medium
111556,GOV 1982,"GOV 1982: Chinese Foreign Policy, 1949-2024 001",GOV,4.56,5.75,21,2024Fall,2,Excellent,Moderate,Medium
111565,ENGLISH 141,When Novels Were New 001,ENGLISH,4.93,8.2,26,2025Spring,1,Excellent,Heavy,Medium
111575,ENGLISH 178X,The American Novel: Dreiser to the Present 001,ENGLISH,4.62,6.1,102,2024Spring,2,Excellent,Moderate,Large
111650,COMPLIT 299AR,Comparative Literature in Theory and Practice SEM,COMPLIT,5.0,6.0,13,2025Spring,3,Excellent,Moderate,Small
111696,STAT 210,Probability I 001,STAT,4.45,11.49,92,2024Fall,3,Good,Heavy,Large
111698,GOV 1300,Congress: Power and Preferences 001,GOV,4.6,3.8,6,2024Spring,2,Excellent,Light,Small
111720,MCB 169,Molecular and Cellular Immunology 001,MCB,4.16,5.03,58,2024Fall,3,Good,Moderate,Large
111729,TURKISH AA,Elementary Modern Turkish I 001,TURKISH,5.0,7.33,6,2024Fall,3,Excellent,Moderate,Small
111731,PHYSICS 143B,Quantum Mechanics II 001,PHYSICS,4.24,10.62,23,2024Fall,4,Good,Heavy,Medium
111749,ECON 1535,The Global Economy 001,ECON,4.58,6.54,42,2024Fall,3,Excellent,Moderate,Medium
111756,MOD-HEB 120B,Intermediate Modern Hebrew II 001,MOD-HEB,4.25,11.6,6,2023Spring,1,Good,Heavy,Small
111781,SOCIOL 3305,Teaching Practicum 001,SOCIOL,3.83,2.25,7,2022Fall,1,Satisfactory,Light,Small
111796,GERMAN 20B,Intermediate German 001,GERMAN,4.33,4.67,9,2024Spring,2,Good,Moderate,Small
111813,GOV 30,American Government: A New Perspective 001,GOV,4.06,6.23,73,2024Fall,3,Good,Moderate,Large
111822,PHYSICS 153,Electrodynamics 001,PHYSICS,4.34,9.33,60,2025Spring,3,Good,Heavy,Large
111824,MATH 213BR,Riemann Surfaces 001,MATH,4.46,9.62,15,2024Spring,2,Good,Heavy,Medium
111846,KOREAN 130B,Pre-advanced Korean 001,KOREAN,4.14,9.86,14,2025Spring,3,Good,Heavy,Small
111855,E-PSCI 200,Atmospheric Chemistry and Physics 001,E-PSCI,4.86,4.0,9,2023Fall,2,Excellent,Moderate,Small
111876,PHYSICS 251B,Advanced Quantum Mechanics II 001,PHYSICS,4.0,7.75,41,2025Spring,3,Good,Moderate,Medium
111896,PHYSICS 15B,Introductory Electromagnetism 001,PHYSICS,3.56,8.64,51,2025Spring,6,Satisfactory,Heavy,Large
111906,GOV 1780,International Political Economy 001,GOV,4.29,7.57,30,2023Fall,2,Good,Moderate,Medium
111933,FRENCH 16,"Reading, Understanding and Translating Written French for Research 001",FRENCH,4.8,5.6,6,2023Fall,1,Excellent,Moderate,Small
111954,LING 105,Sounds of Language 001,LING,2.8,6.7,16,2024Fall,3,Below Average,Moderate,Medium
111967,PHYSICS 95,Topics in Current Research 001,PHYSICS,4.69,2.86,22,2024Fall,4,Excellent,Light,Medium
111993,COMPSCI 2210,Computational Complexity 001,COMPSCI,4.88,8.59,20,2024Fall,1,Excellent,Heavy,Medium
111994,COMPSCI 2241,Algorithms at the Ends of the Wire 001,COMPSCI,4.22,7.03,124,2025Spring,2,Good,Moderate,Large
111998,ECON 2723,Asset Pricing 001,ECON,4.17,11.6,9,2024Fall,3,Good,Heavy,Small
112062,ECON 1010B,Intermediate Macroeconomics 001,ECON,3.59,5.96,267,2025Spring,6,Satisfactory,Moderate,Large
112069,HIST 2462,Readings in the U.S. in the 20th Century: Proseminar 01,HIST,4.6,8.2,11,2025Spring,2,Excellent,Heavy,Small
112079,HIND-URD 102A,Intermediate Hindi-Urdu 001,HIND-URD,4.75,6.0,13,2024Fall,2,Excellent,Moderate,Small
112099,LING 118,Historical and Comparative Linguistics 001,LING,4.44,3.17,12,2024Fall,2,Good,Light,Small
112103,CHEM 242,Quantum Mechanics for Physical Chemistry LEC,CHEM,2.83,4.4,7,2024Fall,2,Below Average,Moderate,Small
112107,PHYSICS 195A,Introduction to Solid State Physics 001,PHYSICS,4.75,7.25,24,2024Fall,3,Excellent,Moderate,Medium
112121,STAT 160,Introduction to Survey Sampling and Estimation 001,STAT,4.8,7.87,19,2024Spring,1,Excellent,Moderate,Medium
112195,ECON 1818,Economics of Discontinuous Change 001,ECON,4.75,5.0,17,2025Spring,3,Excellent,Moderate,Medium
112199,GENED 1051,Reclaiming Argument: Logic as a Force for Good 001,GENED,4.63,6.39,24,2024Spring,1,Excellent,Moderate,Medium
112204,MATH 261,Algebraic vector bundles and motivic homotopy theory 001,MATH,5.0,5.33,36,2024Fall,1,Excellent,Moderate,Medium
112218,GENED 1177,Language in Culture and Society 001,GENED,3.17,4.5,34,2023Spring,1,Below Average,Moderate,Medium
112219,HEB 130,Hormones and Behavior 001,HEB,4.88,4.13,14,2025Spring,2,Excellent,Moderate,Small
112225,PSY 3900,Professional Ethics 001,PSY,4.71,2.14,7,2022Fall,1,Excellent,Light,Small
112235,MUSIC BHFA,Graduate Musicianship 001,MUSIC,4.6,8.0,8,2023Fall,1,Excellent,Moderate,Small
112263,PHYSICS 232,Advanced Electromagnetism 001,PHYSICS,4.5,6.75,9,2025Spring,3,Excellent,Moderate,Small
112288,GREEK 112A,Ancient Greek Literature: Texts & Contexts 001,GREEK,4.67,10.0,8,2024Fall,2,Excellent,Heavy,Small
112339,GENED 1027,"Human Evolution, Human Health, and Climate Change 001",GENED,4.18,4.21,56,2025Spring,3,Good,Moderate,Large
112340,ITAL 15,Intensive Beginning Italian: Gateway to Italy 001,ITAL,5.0,12.5,7,2025Spring,3,Excellent,Heavy,Small
112349,FYSEMR 21W,"Research at the Harvard Forest—Global Change Ecology: Forests, Ecosystem Function, the Future 001",FYSEMR,4.8,7.2,10,2024Fall,3,Excellent,Moderate,Small
112355,SOCIOL 3307,Proseminar on Inequality and Social Policy III 001,SOCIOL,5.0,3.75,9,2023Fall,2,Excellent,Light,Small
112378,GENED 1105,Can We Know Our Past? 001,GENED,4.37,4.92,89,2024Fall,3,Good,Moderate,Large
112430,GENED 1098,Natural Disasters 001,GENED,4.12,4.48,40,2024Fall,3,Good,Moderate,Medium
112431,BPH 210,Pathophysiology of Human Disease 001,BPH,3.14,5.5,14,2025Spring,2,Below Average,Moderate,Small
112452,LING 99A,Senior Writing Thesis  Year 001,LING,3.67,8.0,8,2023Fall,1,Satisfactory,Moderate,Small
112455,SLAVIC 126,Structure of Modern Russian 001,SLAVIC,4.67,9.0,5,2024Fall,1,Excellent,Heavy,Small
112472,SWEDISH 20A,Intermediate Swedish: Childhood in Swedish Literature and Culture 001,SWEDISH,5.0,4.75,5,2023Fall,1,Excellent,Moderate,Small
112484,HAA 99A,Tutorial - Senior Year 001,HAA,5.0,6.6,7,2024Fall,3,Excellent,Moderate,Small
112487,ASTRON 98,Research Tutorial in Astrophysics 001,ASTRON,4.58,8.64,16,2023Fall,1,Excellent,Heavy,Medium
112610,ESPP 78,Environmental Politics 001,ESPP,3.58,9.06,50,2024Fall,2,Satisfactory,Heavy,Medium
112754,GENED 1148,"Moctezuma’s Mexico Then and Now: Ancient Empires, Race Mixture, and Finding LatinX 001",GENED,3.83,5.35,70,2024Fall,3,Satisfactory,Moderate,Large
112770,ECON 2810B,Labor Economics and Labor Market Institutions 001,ECON,3.25,6.42,14,2025Spring,2,Below Average,Moderate,Small
112798,APMTH 201,Physical Mathematics I 001,APMTH,3.94,10.0,55,2025Spring,3,Satisfactory,Heavy,Large
112823,RUSS BA,Intermediate Russian I 002,RUSS,4.86,11.71,8,2024Fall,3,Excellent,Heavy,Small
112835,RUSS 102,Advanced Russian: Introduction to the Language of Social Sciences and the Media 001,RUSS,3.6,6.2,7,2022Fall,1,Satisfactory,Moderate,Small
112854,RUSS 112,Fourth-Year Russian: Russian Media and Popular Culture 001,RUSS,4.71,8.71,8,2025Spring,2,Excellent,Heavy,Small
112869,ARABIC 241AR,"Advanced Modern Arabic Bridge: Language, Literature, and Culture I 001",ARABIC,5.0,8.86,8,2023Fall,2,Excellent,Heavy,Small
112871,MATH 55B,Studies in Real and Complex analysis 001,MATH,4.74,17.85,62,2025Spring,3,Excellent,Heavy,Large
112874,SOCIOL 2203,Advanced Quantitative Research Methods 001,SOCIOL,4.08,6.77,18,2025Spring,2,Good,Moderate,Medium
112880,TDM 110,Foundations in Acting: Pathways 001,TDM,4.88,3.0,11,2025Spring,2,Excellent,Light,Small
112899,CHNSE 107A,Intermediate Literary Chinese 001,CHNSE,4.83,11.33,6,2022Fall,1,Excellent,Heavy,Small
112920,GERMAN 20A,Intermediate German 001,GERMAN,5.0,10.4,7,2024Fall,3,Excellent,Heavy,Small
112942,ECON 2020A,Microeconomic Theory I 001,ECON,3.24,10.5,37,2024Fall,3,Below Average,Heavy,Medium
112945,HEBREW 165,Philosophy and Law: Readings in Maimonides’ Mishneh Torah 001,HEBREW,4.4,3.8,9,2022Fall,1,Good,Light,Small
112954,CHEM 135,Experimental Synthetic Organic Chemistry LAB,CHEM,4.67,2.8,7,2025Spring,1,Excellent,Light,Small
112960,COMPSCI 51,Abstraction and Design in Computation 001,COMPSCI,3.06,11.05,33,2025Spring,3,Below Average,Heavy,Medium
112976,CHEM 160,The Quantum World LEC,CHEM,4.55,5.78,57,2024Fall,3,Excellent,Moderate,Large
113055,AFVS 153BR,Intermediate Animation: Intermediate Studio Course 001,AFVS,5.0,9.25,10,2024Fall,4,Excellent,Heavy,Small
113094,PSY 971,Contemporary Issues in Psychology: Intensive Cross-level Analyses 001,PSY,4.47,5.57,56,2025Spring,6,Good,Moderate,Large
113210,GOV 1796,"Central Challenges of American National Security, Strategy, and the Press 001",GOV,5.0,11.5,9,2024Fall,3,Excellent,Heavy,Small
113217,CHEM 161,Statistical Thermodynamics LEC,CHEM,3.8,7.0,17,2025Spring,3,Satisfactory,Moderate,Medium
113249,CHNSE 106B,Introduction to Literary Sinitic 001,CHNSE,4.67,4.8,9,2025Spring,2,Excellent,Moderate,Small
113262,ASTRON 191,Astrophysics Laboratory 001,ASTRON,4.33,16.5,6,2023Spring,1,Good,Heavy,Small
113270,COMPSCI 146,Computer Architecture 001,COMPSCI,4.36,6.44,16,2024Spring,2,Good,Moderate,Medium
113276,BPH 208,Human Physiology 001,BPH,3.88,4.0,14,2024Fall,3,Satisfactory,Moderate,Small
113296,COMPSCI 2280,Computational Learning Theory 001,COMPSCI,3.5,9.48,38,2025Spring,1,Satisfactory,Heavy,Medium
113324,SANSKRIT 200R,Advanced Poetic Sanskrit 001,SANSKRIT,5.0,5.8,5,2023Fall,2,Excellent,Moderate,Small
113326,ECON 10A,Principles of Economics (Microeconomics) 001,ECON,3.99,5.44,93,2025Spring,6,Satisfactory,Moderate,Large
113328,AMSTDIES 200,American Studies: Introduction to the Field 001,AMSTDIES,5.0,6.14,8,2024Fall,1,Excellent,Moderate,Small
113337,HAA 11,Landmarks of World Architecture 001,HAA,4.03,4.2,56,2025Spring,3,Good,Moderate,Large
113339,PHIL 156,Philosophy of Mind 001,PHIL,4.03,4.47,53,2025Spring,3,Good,Moderate,Large
113348,JAPAN 140A,Advanced Modern Japanese 001,JAPAN,5.0,9.25,6,2024Fall,3,Excellent,Heavy,Small
113349,ECON 2052,Game Theory I: Equilibrium Theory 1,ECON,4.67,7.6,14,2025Spring,2,Excellent,Moderate,Small
113358,MUSIC 217R,19th-Century Music: Seminar SEM,MUSIC,5.0,8.17,8,2023Fall,1,Excellent,Heavy,Small
113367,PERSIAN BB,Intermediate Persian II 001,PERSIAN,3.33,6.5,6,2025Spring,2,Below Average,Moderate,Small
113369,MATH 230A,Differential Geometry 001,MATH,4.27,13.09,20,2024Fall,3,Good,Heavy,Medium
113378,SUMERIAN 141,Introduction to Sumerian Mythology 001,SUMERIAN,4.75,2.5,8,2024Fall,1,Excellent,Light,Small
113383,MUSIC 193R,"Music Since 1945: Contested Boundaries, Alternate Visions. 001",MUSIC,4.56,4.33,12,2023Spring,1,Excellent,Moderate,Small
113404,ECON 2610,Industrial Organization I 001,ECON,4.08,11.92,19,2024Fall,3,Good,Heavy,Medium
113410,COMPSCI 175,Computer Graphics 001,COMPSCI,3.97,9.46,46,2024Spring,2,Satisfactory,Heavy,Medium
113431,STAT 100,Introduction to Statistics and Data Science 001,STAT,2.76,7.79,262,2025Spring,6,Below Average,Moderate,Large
113442,RELIGION 1802,Introduction to Islamic Mystical Traditions 001,RELIGION,4.73,5.55,14,2022Fall,1,Excellent,Moderate,Small
113443,ENGLISH 98R,Tutorial - Junior Year 003,ENGLISH,4.5,9.75,5,2025Spring,4,Excellent,Heavy,Small
113447,AFVS 151BR,Nonfiction Video Projects 001,AFVS,4.5,6.75,9,2024Fall,2,Excellent,Moderate,Small
113464,MATH MB,Introduction to Functions and Calculus II 040,MATH,4.26,10.59,14,2025Spring,3,Good,Heavy,Small
113501,GENED 1074,The Ancient Greek Hero 001,GENED,3.96,5.28,201,2024Fall,3,Satisfactory,Moderate,Large
113504,GOV 97,Tutorial - Sophomore Year D001,GOV,4.36,7.18,15,2025Spring,2,Good,Moderate,Medium
113516,AFVS 150B,Film Direction: From Script to Screen 001,AFVS,4.2,11.4,9,2025Spring,2,Good,Heavy,Small
113567,ANTHRO 97X,Sophomore Tutorial in Archaeology 001,ANTHRO,4.8,4.4,6,2024Spring,1,Excellent,Moderate,Small
113573,PHIL 137,Later Wittgenstein 001,PHIL,3.85,5.25,17,2025Spring,2,Satisfactory,Moderate,Medium
113576,TURKISH 120A,Intermediate Modern Turkish I 001,TURKISH,4.57,9.57,7,2022Fall,1,Excellent,Heavy,Small
113608,MATH 113,Complex Analysis 001,MATH,4.36,7.9,70,2025Spring,3,Good,Moderate,Large
113615,ECON 2020B,Microeconomic Theory II 001,ECON,4.7,7.45,33,2025Spring,3,Excellent,Moderate,Medium
113627,MATH 55A,Studies in Algebra and Group Theory 001,MATH,4.68,20.08,52,2024Fall,3,Excellent,Heavy,Large
113637,ECON 1126,Quantitative Methods in Economics 001,ECON,3.59,7.27,82,2025Spring,3,Satisfactory,Moderate,Large
113639,HIND-URD 101A,Introductory Hindi-Urdu 002,HIND-URD,4.75,3.15,9,2024Fall,3,Excellent,Light,Small
113660,COMPSCI 2650,Big Data Systems 001,COMPSCI,4.27,8.14,34,2025Spring,3,Good,Heavy,Medium
113685,TIBET 101A,Elementary Classical Tibetan 001,TIBET,4.75,8.25,5,2022Fall,1,Excellent,Heavy,Small
113704,PSY 2460,Diagnostic Interviewing 001,PSY,5.0,2.6,6,2024Spring,1,Excellent,Light,Small
113721,STAT 171,Introduction to Stochastic Processes 001,STAT,3.91,7.6,88,2025Spring,3,Satisfactory,Moderate,Large
113749,LING 98A,Group Tutorial - Junior Year 001,LING,4.2,5.6,7,2024Fall,3,Good,Moderate,Small
113752,GENETIC 201,Principles of Genetics 001,GENETIC,4.29,8.49,72,2024Fall,3,Good,Heavy,Large
113793,CHNSE 120A,Intermediate Modern Chinese 001,CHNSE,4.78,5.89,14,2024Fall,3,Excellent,Moderate,Small
113797,ASTRON 1,The Big Questions of Astronomy 001,ASTRON,4.36,7.08,18,2025Spring,3,Good,Moderate,Medium
113802,GERMAN 10A,Beginning German 2,GERMAN,4.2,7.2,6,2024Fall,3,Good,Moderate,Small
113806,PORTUG 10S,Beginning Portuguese for Spanish Speakers I: Português Beyond Portuñol 001,PORTUG,5.0,4.6,6,2025Spring,5,Excellent,Moderate,Small
113811,MATH 154,Probability Theory 001,MATH,4.38,7.17,15,2025Spring,3,Good,Moderate,Medium
113814,ITAL 10,Beginning Italian I - Parliamo Italiano! Pathways to Italy 001,ITAL,4.89,7.25,12,2025Spring,5,Excellent,Moderate,Small
113837,HEB 30,Primate Social Behavior 001,HEB,5.0,2.0,7,2024Fall,2,Excellent,Light,Small
113847,COMPSCI 1610,Operating Systems 001,COMPSCI,4.63,15.95,25,2025Spring,2,Excellent,Heavy,Medium
113856,COMPSCI 1410,Computing Hardware 001,COMPSCI,4.22,11.44,20,2024Fall,3,Good,Heavy,Medium
113873,CHNSE BA,Elementary Modern Chinese 001,CHNSE,5.0,10.38,16,2025Spring,4,Excellent,Heavy,Medium
113876,APMTH 120,Applied Linear Algebra and Big Data 001,APMTH,4.45,8.35,138,2025Spring,3,Good,Heavy,Large
113904,ECON 2142,Time Series 001,ECON,3.77,10.32,32,2024Fall,3,Satisfactory,Heavy,Medium
113925,RUSS AAB,Elementary Russian (Intensive) 001,RUSS,4.8,14.3,12,2025Spring,3,Excellent,Heavy,Small
113944,COMPSCI 2831,Advanced Computer Vision 001,COMPSCI,4.47,13.14,22,2024Fall,2,Good,Heavy,Medium
113962,PHIL 188,Philosophy and Literature: Proust 001,PHIL,4.4,6.57,24,2023Fall,1,Good,Moderate,Medium
113968,AFVS 97,Tutorial - Sophomore Year 001,AFVS,3.56,5.0,21,2025Spring,3,Satisfactory,Moderate,Medium
113970,HIST 1280,"History of the Soviet Union, 1917-1991 01",HIST,4.14,6.86,7,2023Fall,1,Good,Moderate,Small
113988,HLTHPOL 2000A,Core Course in Health Policy 001,HLTHPOL,3.67,4.17,11,2024Fall,3,Satisfactory,Moderate,Small
113995,ECON 2530A,International Trade 001,ECON,4.17,5.0,6,2023Fall,1,Good,Moderate,Small
114022,GREEK 116,Greek Lyric Poetry 001,GREEK,4.8,6.2,5,2022Fall,1,Excellent,Moderate,Small
114027,STAT 104,Introduction to Quantitative Methods for Economics 001,STAT,3.58,9.61,55,2024Fall,5,Satisfactory,Heavy,Large
114038,COMPLIT 97,Tutorial - Sophomore Year TUT,COMPLIT,4.22,6.56,14,2025Spring,3,Good,Moderate,Small
114116,AFVS 150A,Film Directing: Approaching Fiction Now 001,AFVS,4.17,6.0,10,2024Fall,2,Good,Moderate,Small
114117,JAPAN 150A,Readings and Discussion in Japanese Social Sciences 001,JAPAN,4.4,7.4,6,2023Fall,2,Good,Moderate,Small
114153,LING 112,Syntactic Theory I 001,LING,4.29,6.43,8,2022Fall,1,Good,Moderate,Small
114178,PSY 15,Social Psychology 001,PSY,4.14,4.61,115,2024Fall,3,Good,Moderate,Large
114188,MUSIC 150,"Musical Analysis, Composition, and Interpretation in the Classical Style SEM",MUSIC,4.89,5.5,15,2025Spring,3,Excellent,Moderate,Medium
114200,SPANSH 30,Upper-level Spanish: Four Countries and their Cultures 001,SPANSH,4.4,3.88,14,2025Spring,6,Good,Light,Small
114218,MOD-HEB BA,Elementary Modern Hebrew I 001,MOD-HEB,4.11,8.33,12,2023Fall,2,Good,Heavy,Small
114266,PHYSICS 210,General Theory of Relativity 001,PHYSICS,4.82,13.18,22,2025Spring,3,Excellent,Heavy,Medium
114270,SANSKRIT 102AR,Intermediate Sanskrit I 001,SANSKRIT,5.0,11.6,5,2022Fall,1,Excellent,Heavy,Small
114292,JAPAN 130A,Intermediate Japanese II 001,JAPAN,4.8,7.6,11,2024Fall,3,Excellent,Moderate,Small
114301,ECON 2810A,Labor Market Analysis 001,ECON,4.4,6.31,18,2024Fall,3,Good,Moderate,Medium
114346,PSY 1801,Anxiety Disorders 001,PSY,4.25,5.25,6,2025Spring,1,Good,Moderate,Small
114351,AFVS 50A,Introduction to Nonfiction Filmmaking 001,AFVS,5.0,15.0,9,2024Fall,3,Excellent,Heavy,Small
114362,PSY 2660R,Research Seminar in Mindfulness Theory 001,PSY,4.5,3.75,12,2024Fall,3,Excellent,Light,Small
114371,CHNSHIS 234R,The Historiography of Early Chinese History 01,CHNSHIS,4.5,4.5,18,2024Fall,2,Excellent,Moderate,Medium
114383,KOREAN BX,Elementary Korean for Advanced Beginners 001,KOREAN,4.75,5.75,9,2024Fall,2,Excellent,Moderate,Small
114416,PHIL 7,Introduction to Ancient Greek and Roman Philosophy 001,PHIL,4.44,4.12,78,2024Fall,2,Good,Moderate,Large
114432,GOV 1540,The American Presidency 001,GOV,4.25,5.0,23,2024Fall,3,Good,Moderate,Medium
114565,HAA 128,Topics in Arabic Art and Culture: Art of the Qur'an 001,HAA,4.75,6.75,15,2025Spring,1,Excellent,Moderate,Medium
114594,MUSIC 1,"Introduction to Western Music, from Bach to Beyoncé 001",MUSIC,4.87,3.07,22,2024Spring,2,Excellent,Light,Medium
114664,E-PSCI 109,Earth Resources and the Environment 001,E-PSCI,4.36,5.71,42,2025Spring,2,Good,Moderate,Medium
114680,HISTSCI 1520,Filming Science 001,HISTSCI,5.0,6.67,8,2024Spring,1,Excellent,Moderate,Small
114716,GOV 2218,Topics in Russian Politics 001,GOV,4.0,5.17,18,2023Spring,1,Good,Moderate,Medium
114740,BCMP 230,Principles and Practice of Drug Development 001,BCMP,4.23,3.13,45,2024Fall,3,Good,Light,Medium
114754,GOV 1060,Ancient and Medieval Political Philosophy 001,GOV,4.79,7.23,22,2024Fall,3,Excellent,Moderate,Medium
114765,MEDVLSTD 202,Latin Palaeography and Manuscript Culture 001,MEDVLSTD,4.71,7.0,9,2023Fall,1,Excellent,Moderate,Small
114770,GOV 1171,The Making of Modern Politics 001,GOV,4.55,5.45,24,2024Fall,2,Excellent,Moderate,Medium
114789,MCB 115,Cellular Basis of Neuronal Function 001,MCB,4.7,6.61,25,2024Spring,2,Excellent,Moderate,Medium
114796,MCB 65,Physical Biochemistry: Understanding Macromolecular Machines 001,MCB,4.06,10.44,22,2025Spring,3,Good,Heavy,Medium
114806,COMPSCI 223,Probabilistic Analysis and Algorithms 001,COMPSCI,4.5,10.5,7,2023Spring,1,Excellent,Heavy,Small
114807,COMPSCI 2520R,Advanced Topics in Programming Languages 001,COMPSCI,4.4,6.9,14,2024Fall,3,Good,Moderate,Small
114808,ENG-SCI 222,Advanced Cellular Engineering 001,ENG-SCI,4.43,17.0,13,2025Spring,2,Good,Heavy,Small
114829,ENGLISH 294Z,On Beauty: Graduate Seminar 001,ENGLISH,4.75,7.0,15,2024Fall,2,Excellent,Moderate,Medium
114862,HIST 2055,"Early Medieval History, Archaeology and Archaeoscience: Seminar 01",HIST,4.8,6.4,8,2023Fall,1,Excellent,Moderate,Small
114864,MCB 188,Chromosomes 001,MCB,4.5,7.0,12,2025Spring,2,Excellent,Moderate,Small
114881,HIST 2400,Readings in Colonial and Revolutionary America: Proseminar 01,HIST,5.0,6.2,13,2023Fall,1,Excellent,Moderate,Small
114922,GENED 1106,Sound and Music Perception 001,GENED,3.86,4.29,19,2024Spring,1,Satisfactory,Moderate,Medium
114941,ROM-STD 97,"Sophomore Tutorial: Poetics, Practice, and Politics in Romance Societies 001",ROM-STD,4.27,4.36,15,2023Spring,1,Good,Moderate,Medium
114944,PORTUG 30,Upper-level Portuguese: Traditions and Culture through Brazilian folklore 001,PORTUG,4.6,2.25,5,2024Spring,2,Excellent,Light,Small
114957,GHHP 50,The Quality of Health Care in America 001,GHHP,4.86,3.54,53,2024Fall,3,Excellent,Light,Large
115014,GOV 1061,The History of Modern Political Philosophy 001,GOV,4.0,6.19,22,2025Spring,3,Good,Moderate,Medium
115026,ECON 2120,Principles of Econometrics 001,ECON,4.35,11.96,37,2024Fall,3,Good,Heavy,Medium
115030,ECON 3011,Graduate Student Workshop in Financial Economics 001,ECON,5.0,4.5,16,2024Fall,2,Excellent,Moderate,Medium
115034,CHNSE 187,Art and Violence in the Cultural Revolution 01,CHNSE,4.79,4.42,18,2023Spring,1,Excellent,Moderate,Medium
115077,STAT 221,"Computational Tools for Statistical Learning: Approximation, Optimization, and Monte Carlo 001",STAT,3.71,9.83,9,2023Fall,2,Satisfactory,Heavy,Small
115130,SOCIOL 97,Tutorial in Sociological Theory 001,SOCIOL,4.25,6.13,25,2025Spring,6,Good,Moderate,Medium
115137,CHEM 17,Principles of Organic Chemistry LEC,CHEM,3.58,11.99,258,2024Fall,3,Satisfactory,Heavy,Large
115190,GERMAN 120,The Age of Goethe 1,GERMAN,4.83,9.67,6,2025Spring,1,Excellent,Heavy,Small
115238,GREEK 134,The Language of Homer 001,GREEK,4.17,4.67,8,2022Fall,1,Good,Moderate,Small
115384,COMPSCI 1240,Data Structures and Algorithms 001,COMPSCI,3.69,13.3,171,2025Spring,3,Satisfactory,Heavy,Large
115419,HISTSCI 97,Tutorial - Sophomore Year 001,HISTSCI,4.38,5.62,30,2025Spring,3,Good,Moderate,Medium
115423,RELIGION 12,Ritual and the Life Cycle 1,RELIGION,4.25,3.5,13,2024Spring,1,Good,Light,Small
115442,PHYSICS 253B,Quantum Field Theory II 001,PHYSICS,3.83,18.4,12,2025Spring,3,Satisfactory,Heavy,Small
115470,SOC-STD 10A,Introduction to Social Studies 001,SOC-STD,4.31,8.46,108,2024Fall,3,Good,Heavy,Large
115494,ECON 3017,Research in Health Economics 001,ECON,4.33,9.0,8,2024Fall,3,Good,Heavy,Small
115521,CHNSLIT 267R,Topics in Tang Literature: Seminar 01,CHNSLIT,4.8,9.4,7,2023Spring,1,Excellent,Heavy,Small
115572,PSY 2170,Developmental Proseminar 001,PSY,4.67,10.67,8,2024Fall,2,Excellent,Heavy,Small
115578,PSY 2500,Proseminar in Social Psychology 001,PSY,4.0,7.54,21,2024Spring,1,Good,Moderate,Medium
115586,HIND-URD 103BR,Advanced Hindi-Urdu 001,HIND-URD,5.0,4.5,8,2024Spring,1,Excellent,Moderate,Small
115688,AFVS 70,The Art of Film 1,AFVS,3.8,3.9,38,2025Spring,2,Satisfactory,Light,Medium
115702,SLAVIC 148,Strange Russian Writers 1,SLAVIC,4.86,4.14,8,2022Fall,1,Excellent,Moderate,Small
115734,MATH 129,Number Fields 001,MATH,4.29,10.76,21,2024Spring,2,Good,Heavy,Medium
115767,BPH 215,Principles of Toxicology 001,BPH,4.43,4.14,12,2024Fall,2,Good,Moderate,Small
115778,PHIL 311,Workshop in Moral and Political Philosophy 001,PHIL,5.0,0,10,2022Fall,1,Excellent,Light,Small
115859,GOV 50,Data Science for the Social Sciences 001,GOV,3.15,6.11,209,2024Fall,3,Below Average,Moderate,Large
115860,GOV 2009,Methods of Political Analysis 001,GOV,5.0,6.13,12,2025Spring,1,Excellent,Moderate,Small
115876,GOV 2335,Power in American Society 001,GOV,4.36,7.5,17,2024Fall,1,Good,Moderate,Medium
115879,GOV 2738,Political Psychology and International Relations 001,GOV,5.0,11.0,9,2023Spring,1,Excellent,Heavy,Small
115919,SPANSH 59,Spanish and the Community 001,SPANSH,5.0,4.9,13,2025Spring,6,Excellent,Moderate,Small
115920,SPANSH 50,Advanced Spanish II: Creative Writing and Performance 001,SPANSH,4.78,5.5,15,2025Spring,6,Excellent,Moderate,Medium
115931,E-PSCI 272,"Topics in Structural Geology, Tectonics, and Earthquake Science 001",E-PSCI,5.0,3.0,7,2024Spring,1,Excellent,Light,Small
116063,ANTHRO 2080R,Zooarchaeology: Seminar 001,ANTHRO,4.4,9.8,7,2022Fall,1,Good,Heavy,Small
116069,HEB 55,Human Evolutionary Anatomy 001,HEB,4.29,10.29,25,2025Spring,3,Good,Heavy,Medium
116088,LATIN 103,Latin Elegy 001,LATIN,4.8,5.4,7,2023Spring,1,Excellent,Moderate,Small
116133,ECON 1640,Industrial Organization: Theory and Applications 001,ECON,4.5,5.67,25,2024Fall,2,Excellent,Moderate,Medium
116137,MATH 212,Advanced Real Analysis 001,MATH,3.67,9.87,27,2025Spring,3,Satisfactory,Heavy,Medium
116159,CHEM 163,Frontiers in Biophysics 001,CHEM,4.8,9.0,5,2022Fall,1,Excellent,Heavy,Small
116191,MATH 152,Discrete Mathematics 1,MATH,4.5,6.75,11,2022Fall,1,Excellent,Moderate,Small
116196,MATH 155R,Combinatorics 001,MATH,4.44,8.44,13,2024Fall,3,Good,Heavy,Small
116219,SOCIOL 1141,Contemporary Chinese Society 001,SOCIOL,4.89,4.17,29,2025Spring,3,Excellent,Moderate,Medium
116233,ITAL 40,Advanced Italian I: Italian Through Cinema: Oral Expression and Performance 001,ITAL,4.78,7.88,10,2024Fall,2,Excellent,Moderate,Small
116237,HIST 1036,Modern South Asia 01,HIST,4.4,4.25,5,2024Fall,2,Good,Moderate,Small
116248,GENED 1052,Race in a Polarized America 001,GENED,4.29,3.14,11,2023Spring,1,Good,Light,Small
116263,SPANSH 70,"Introduction to Latin American Studies: Aesthetics, Politics, and Anxieties 001",SPANSH,4.79,5.14,20,2024Fall,1,Excellent,Moderate,Medium
116266,VIETNAM BA,Elementary Vietnamese 001,VIETNAM,4.9,4.1,17,2024Fall,2,Excellent,Moderate,Medium
116267,VIETNAM BB,Elementary Vietnamese 001,VIETNAM,4.86,4.71,9,2025Spring,3,Excellent,Moderate,Small
116268,VIETNAM 120A,Intermediate Vietnamese 001,VIETNAM,5.0,4.4,8,2024Fall,1,Excellent,Moderate,Small
116270,VIETNAM 120B,Intermediate Vietnamese 001,VIETNAM,5.0,4.83,9,2025Spring,3,Excellent,Moderate,Small
116271,VIETNAM 130A,Advanced Vietnamese 001,VIETNAM,4.83,4.17,11,2024Fall,2,Excellent,Moderate,Small
116272,VIETNAM 130B,Advanced Vietnamese 001,VIETNAM,5.0,4.5,11,2025Spring,1,Excellent,Moderate,Small
116288,SOC-STD 98EO,"Art, Political Culture, and Civic Life 001",SOC-STD,4.67,6.6,6,2024Fall,3,Excellent,Moderate,Small
116295,GOV 2006,Formal Models of Domestic Politics 001,GOV,4.6,7.8,11,2025Spring,2,Excellent,Moderate,Small
116353,EXPOS 20,Expository Writing 20 215,EXPOS,4.29,6.37,13,2025Spring,6,Good,Moderate,Small
116362,ESE 6,Introduction to Environmental Science and Engineering 001,ESE,4.17,6.94,19,2024Fall,3,Good,Moderate,Medium
116407,PHIL 98,Tutorial II 002,PHIL,4.56,6.44,8,2024Fall,4,Excellent,Moderate,Small
116413,VIROLOGY 200,Introduction to Virology 001,VIROLOGY,3.57,4.5,11,2024Fall,3,Satisfactory,Moderate,Small
116417,PSY 2640R,The Understand Seminar 001,PSY,5.0,11.33,6,2023Spring,2,Excellent,Heavy,Small
116445,MUSIC 174R,"Advanced Ensemble Workshop for Composers, Performers, and Improvisers: Project Development STO",MUSIC,4.86,5.57,15,2025Spring,1,Excellent,Moderate,Medium
116452,MATH 137,Algebraic Geometry 001,MATH,4.21,11.74,27,2025Spring,3,Good,Heavy,Medium
116455,NEUROBIO 209,The Neurobiology of Disease 0001,NEUROBIO,4.73,2.93,22,2024Spring,1,Excellent,Light,Medium
116469,SPANSH 15,Intensive Beginning Spanish: Special Course 001,SPANSH,3.75,7.5,9,2025Spring,5,Satisfactory,Moderate,Small
116477,BCMP 200,Principles of Molecular Biology 001,BCMP,3.54,5.69,89,2024Fall,3,Satisfactory,Moderate,Large
116503,MATH 123,Algebra II: Theory of Rings and Fields 001,MATH,3.71,8.36,22,2025Spring,3,Satisfactory,Heavy,Medium
116505,PHIL 300AAA,First Year Colloquium 001,PHIL,4.75,7.0,7,2024Fall,1,Excellent,Moderate,Small
116509,APPHY 291,Electron Microscopy Laboratory 001,APPHY,4.78,6.75,12,2025Spring,3,Excellent,Moderate,Small
116522,ANTHRO 3626,Research Design/Proposal Writing 001,ANTHRO,4.8,7.5,5,2022Fall,1,Excellent,Moderate,Small
116531,COMPSCI 236R,Topics at the Interface between Computer Science and Economics 001,COMPSCI,4.6,6.78,30,2023Fall,2,Excellent,Moderate,Medium
116585,RELIGION 16,Religious Dimensions in Human Experience 01,RELIGION,4.22,3.32,53,2023Spring,1,Good,Light,Large
116622,PSY 1304,Brain Damage as a Window into the Mind: Cognitive Neuropsychology 001,PSY,4.5,4.6,19,2024Fall,3,Excellent,Moderate,Medium
116646,PSY 2190,Topics in Language Acquisition 001,PSY,5.0,6.33,6,2023Fall,1,Excellent,Moderate,Small
116729,CLS-STDY 97A,Introduction to the Ancient Greek World 001,CLS-STDY,4.48,5.05,30,2024Fall,3,Good,Moderate,Medium
116735,LATIN 122,Horace's Odes 001,LATIN,4.83,5.09,12,2025Spring,1,Excellent,Moderate,Small
116737,CELLBIO 211,Molecular and Systems Level Cancer Cell Biology 001,CELLBIO,4.44,3.44,29,2024Spring,1,Good,Light,Medium
116746,ARABIC AA,Elementary Arabic I 004,ARABIC,4.89,10.21,12,2024Fall,4,Excellent,Heavy,Small
116807,FYSEMR 33X,Complexity in Works of Art: Ulysses and Hamlet 001,FYSEMR,4.75,6.0,10,2024Fall,3,Excellent,Moderate,Small
116853,HIST 99A,Senior Thesis Tutorial 001,HIST,4.52,9.79,35,2024Fall,3,Excellent,Heavy,Medium
116859,ENG-SCI 150,Probability with Engineering Applications 001,ENG-SCI,4.54,6.95,71,2025Spring,3,Excellent,Moderate,Large
116874,ENGLISH CLR,Introduction to Screenwriting: Workshop 001,ENGLISH,5.0,4.57,10,2025Spring,6,Excellent,Moderate,Small
116875,ENGLISH CKR,Introduction to Playwriting: Workshop 001,ENGLISH,4.71,4.86,8,2024Fall,2,Excellent,Moderate,Small
116977,ENGLISH 103G,Advanced Old English: Scribes and Manuscripts 001,ENGLISH,3.11,7.38,16,2023Spring,1,Below Average,Moderate,Medium
117043,RELIGION 97,Tutorial - Sophomore Year 001,RELIGION,4.67,7.5,8,2025Spring,2,Excellent,Moderate,Small
117085,CHNSE 163,Business Chinese 001,CHNSE,5.0,7.0,6,2025Spring,2,Excellent,Moderate,Small
117103,LING 216,Semantic Theory II 01,LING,4.83,5.5,7,2023Spring,1,Excellent,Moderate,Small
117131,STAT 131,Introduction to Time Series & Prediction 001,STAT,4.32,8.18,34,2025Spring,3,Good,Heavy,Medium
117143,AFVS 166,"North American Seacoasts and Landscapes, Discovery to Present: Seminar 1",AFVS,4.83,3.5,7,2024Fall,2,Excellent,Light,Small
117151,GOV 1203,Capitalism and Democracy in Central and Eastern Europe 001,GOV,4.31,3.69,15,2024Spring,2,Good,Light,Medium
117201,PHYSICS 211BR,Holography and the infrared structure of gravity 001,PHYSICS,4.4,7.6,17,2023Spring,1,Good,Moderate,Medium
117220,KOREAN 120A,Intermediate Korean 001,KOREAN,4.56,8.33,15,2024Fall,3,Excellent,Heavy,Medium
117237,ECON 1745,Corporate Finance 001,ECON,4.15,4.66,329,2024Fall,3,Good,Moderate,Large
117341,MCB 105,Systems Neuroscience 001,MCB,3.81,3.97,49,2024Spring,2,Satisfactory,Light,Medium
117342,MCB 111,Mathematics in Biology 001,MCB,3.57,8.77,28,2023Fall,2,Satisfactory,Heavy,Medium
117360,COMPLIT 277,"Literature, Diaspora, Migration, and Trauma SEM",COMPLIT,4.33,6.83,19,2023Spring,1,Good,Moderate,Medium
117372,COMPSCI 1870,Introduction to Computational Linguistics and Natural-language Processing 001,COMPSCI,3.74,6.67,36,2024Fall,2,Satisfactory,Moderate,Medium
117399,E-PSCI 187,Biogeochemistry 001,E-PSCI,4.6,5.8,8,2024Spring,1,Excellent,Moderate,Small
117406,FRSEMR 34X,Language and Prehistory 001,FRSEMR,4.67,2.33,7,2022Fall,1,Excellent,Light,Small
117413,COMPLIT 109,On Translation SEM,COMPLIT,5.0,4.56,13,2022Fall,1,Excellent,Moderate,Small
117558,CHEM 27,Organic Chemistry of Life LEC,CHEM,3.36,11.38,298,2025Spring,3,Below Average,Heavy,Large
117560,SOCIOL 1128,Models of Social Science Research 001,SOCIOL,3.47,5.4,65,2025Spring,3,Below Average,Moderate,Large
117584,SOCIOL 1024,Social Inequality 001,SOCIOL,4.86,7.33,10,2025Spring,3,Excellent,Moderate,Small
117606,GOV 2041,Justice by Means of Democracy 001,GOV,4.83,7.0,9,2025Spring,1,Excellent,Moderate,Small
117635,BIOPHYS 242R,Special Topics in Biophysics 001,BIOPHYS,4.22,4.5,16,2024Spring,2,Good,Moderate,Medium
117647,MATH 99R,Tutorial 001,MATH,3.86,4.0,8,2025Spring,5,Satisfactory,Moderate,Small
117649,VIROLOGY 202,Proposal Writing 001,VIROLOGY,4.0,7.8,10,2023Fall,2,Good,Moderate,Small
117711,MCB 80,Neurobiology of Behavior 001,MCB,4.25,7.19,267,2024Fall,3,Good,Moderate,Large
117719,PHYSICS 145,Elementary Particle Physics 001,PHYSICS,4.71,10.14,8,2022Fall,1,Excellent,Heavy,Small
117760,SOCIOL 2208,Contemporary Theory and Research 001,SOCIOL,1.57,4.2,9,2024Spring,1,Below Average,Moderate,Small
117766,MUSIC 218R,20th-Century Music: Seminar SEM,MUSIC,4.57,9.83,7,2023Fall,2,Excellent,Heavy,Small
117788,LING 106,Knowledge of Meaning 001,LING,4.56,3.44,21,2025Spring,3,Excellent,Light,Medium
117818,ECON 1410,Public Economics: Designing Government Policy 001,ECON,3.67,5.87,18,2024Fall,2,Satisfactory,Moderate,Medium
117823,PHIL 129,Kant's Critique of Pure Reason 001,PHIL,4.63,5.94,74,2024Spring,1,Excellent,Moderate,Large
117853,GOV 20,Foundations of Comparative Politics 001,GOV,4.23,8.94,101,2024Fall,3,Good,Heavy,Large
117859,MCB 231,Computational Neuroscience 001,MCB,4.12,9.41,21,2024Spring,1,Good,Heavy,Medium
117877,SOCIOL 2204,Classical Social Theory SEM,SOCIOL,4.73,10.18,12,2025Spring,3,Excellent,Heavy,Small
117879,PSY 1952,Applied Statistical Data Analysis in Psychology II 001,PSY,4.92,3.73,23,2025Spring,3,Excellent,Light,Medium
117932,HIST 1465,The United States and World Order since 1900 01,HIST,4.61,6.37,65,2025Spring,2,Excellent,Moderate,Large
117941,HIST 2708,"Sources, Methodology, and Themes in African History: Seminar 01",HIST,5.0,8.25,5,2024Fall,1,Excellent,Heavy,Small
117946,SOCIOL 99A,Senior Tutorial 001,SOCIOL,4.83,6.83,9,2022Fall,1,Excellent,Moderate,Small
117969,FYSEMR 23K,Insights from Narratives of Illness 001,FYSEMR,4.88,4.13,9,2025Spring,2,Excellent,Moderate,Small
117972,FRSEMR 23S,The Seven Sins of Memory 001,FRSEMR,4.56,2.78,10,2023Spring,1,Excellent,Light,Small
117992,MUSIC 194RS,Special Topics: Proseminar SEM,MUSIC,4.5,2.25,11,2024Spring,1,Excellent,Light,Small
118016,STAT 220,Bayesian Data Analysis 001,STAT,3.63,11.32,23,2024Spring,2,Satisfactory,Heavy,Medium
118021,APMTH 115,Mathematical Modeling 001,APMTH,4.36,7.75,44,2025Spring,4,Good,Moderate,Medium
118065,PHIL 300B,First Year Colloquium 001,PHIL,4.33,6.33,6,2024Spring,1,Good,Moderate,Small
118078,MUSIC 201B,Current Methods in Ethnomusicology 001,MUSIC,4.25,6.5,6,2024Spring,1,Good,Moderate,Small
118080,PORTUG 59,Portuguese and the Community 001,PORTUG,3.75,4.75,5,2024Spring,1,Satisfactory,Moderate,Small
118135,MEDVLSTD 107,Authority and Invention: Medieval Art and Architecture 001,MEDVLSTD,4.0,3.88,13,2022Fall,1,Good,Light,Small
118136,ASTRON 16,Stellar and Planetary Astronomy 001,ASTRON,4.29,4.85,40,2025Spring,3,Good,Moderate,Medium
118138,ASTRON 203,Interstellar Medium and Star Formation 001,ASTRON,4.86,9.14,11,2025Spring,2,Excellent,Heavy,Small
118139,ASTRON 202A,Extragalactic Astronomy and Cosmology I 001,ASTRON,4.08,8.58,17,2024Spring,1,Good,Heavy,Medium
118174,LATIN 102,Catullus 001,LATIN,4.86,4.71,10,2023Fall,1,Excellent,Moderate,Small
118185,MUSIC 167,Storytelling with Sounds 001,MUSIC,4.86,8.43,8,2023Spring,1,Excellent,Heavy,Small
118254,PSY 1900,Introduction to Statistics for the Behavioral Sciences 001,PSY,3.74,5.75,204,2025Spring,6,Satisfactory,Moderate,Large
118262,EXPOS 10,Introduction to Expository Writing 118,EXPOS,4.45,6.39,9,2024Fall,3,Good,Moderate,Small
118266,ASTRON 204,Stellar Astrophysics 1,ASTRON,4.64,9.91,17,2024Fall,2,Excellent,Heavy,Medium
118278,JEWISHST 111,Encounters Between German and Jewish Thought 001,JEWISHST,4.75,5.0,5,2024Fall,1,Excellent,Moderate,Small
118290,GENED 1019,"The Caribbean Crucible: Colonialism, Capitalism and Post-Colonial Misdevelopment In The Region 001",GENED,3.88,3.09,102,2023Fall,2,Satisfactory,Light,Large
118302,MATH 116,"Real Analysis, Convexity, and Optimization 001",MATH,3.2,9.4,7,2024Fall,3,Below Average,Heavy,Small
118348,PHIL 248R,Intuition 001,PHIL,4.55,4.9,19,2024Fall,3,Excellent,Moderate,Medium
118349,PHIL 149S,Foundations of Space-Time Theories 001,PHIL,2.87,2.29,25,2024Spring,1,Below Average,Light,Medium
118412,ARABIC 241BR,"Advanced Modern Arabic Bridge: Language, Literature, and Culture II 001",ARABIC,5.0,6.2,5,2023Spring,1,Excellent,Moderate,Small
118418,COMPSCI 1430,Computer Networks 001,COMPSCI,3.43,5.86,22,2025Spring,2,Below Average,Moderate,Medium
118419,GOV 2082,Marx 001,GOV,4.9,5.22,19,2023Spring,1,Excellent,Moderate,Medium
118429,MATH 118R,Dynamical Systems 001,MATH,3.71,6.63,28,2025Spring,2,Satisfactory,Moderate,Medium
118456,ENGLISH CVR,Fiction Writing: Workshop 001,ENGLISH,4.5,1.43,12,2023Spring,1,Excellent,Light,Small
118459,PHYSICS 253CR,Quantum Field Theory III 001,PHYSICS,5.0,14.8,8,2023Fall,1,Excellent,Heavy,Small
118482,APMTH 107,Graph Theory and Combinatorics 001,APMTH,3.38,7.52,35,2025Spring,3,Below Average,Moderate,Medium
118497,TDM 119,Introduction to Voice and Speech 001,TDM,5.0,3.63,14,2024Fall,3,Excellent,Light,Small
118509,PHYSICS 285B,Modern Atomic and Optical Physics II 001,PHYSICS,3.86,16.08,28,2024Fall,2,Satisfactory,Heavy,Medium
118517,GENED 1018,How to Build a Habitable Planet 001,GENED,3.55,3.0,43,2023Fall,2,Satisfactory,Light,Medium
118526,GOV 1740,International Law and Institutions 001,GOV,4.03,5.0,36,2023Fall,2,Good,Moderate,Medium
118557,RELIGION 2001,The History of the Study of Religion 1,RELIGION,1.67,5.67,11,2024Fall,2,Below Average,Moderate,Small
118586,ENGLISH 264X,Sensation and Moral Action in Thomas Hardy 001,ENGLISH,5.0,11.5,11,2023Fall,1,Excellent,Heavy,Small
118594,MUSIC 2,Foundations of Tonal Music I LEC,MUSIC,4.44,4.44,18,2025Spring,3,Good,Moderate,Medium
118658,ECON 2450B,Public Economics and Fiscal Policy II 001,ECON,4.0,5.0,7,2025Spring,3,Good,Moderate,Small
118671,CELTIC 138,The Mabinogion: Stories from Medieval Wales 001,CELTIC,4.71,2.71,24,2023Spring,1,Excellent,Light,Medium
118724,PHYSICS 283B,Beyond the Standard Model 001,PHYSICS,4.4,2.75,7,2024Fall,1,Good,Light,Small
118734,PHYSICS 285A,Modern Atomic and Optical Physics I 001,PHYSICS,4.29,11.71,12,2025Spring,2,Good,Heavy,Small
118736,ESPP 90M,Natural Climate Solutions: Feasible or Fantasy? 001,ESPP,3.67,3.27,20,2023Spring,1,Satisfactory,Light,Medium
118775,GENED 1166,Pluralism: Case Studies in American Diversity 001,GENED,4.23,3.14,106,2023Fall,2,Good,Light,Large
118783,MUSIC 190R,Gospel Music from the Church to the Streets SEM,MUSIC,4.19,5.33,35,2024Spring,1,Good,Moderate,Medium
118790,PSY 2010,Contemporary Topics in Psychological Research 001,PSY,4.5,4.17,13,2024Fall,3,Excellent,Moderate,Small
118849,ANE 120A,Introduction to the Hebrew Bible/Old Testament 1: Pentateuch and Former Prophets 001,ANE,4.13,6.0,14,2024Fall,2,Good,Moderate,Small
118850,ENGLISH 90LV,Consciousness in Fiction from Austen to Woolf 001,ENGLISH,4.69,5.44,21,2024Fall,2,Excellent,Moderate,Medium
118858,SOCIOL 2255,Social Stratification: Seminar 001,SOCIOL,4.5,10.0,10,2025Spring,3,Excellent,Heavy,Small
118876,TDM 105,Introduction to Dramaturgy 001,TDM,4.11,4.5,11,2024Fall,2,Good,Moderate,Small
118883,AFRAMER 20,Introduction to African Languages and Cultures 001,AFRAMER,4.4,3.8,5,2022Fall,1,Good,Light,Small
118925,CHEM 30,Organic Chemistry LEC,CHEM,3.88,9.96,27,2024Fall,3,Satisfactory,Heavy,Medium
118939,ENG-SCI 139,Innovation in Science and Engineering: Conference Course 001,ENG-SCI,4.24,4.08,204,2024Fall,3,Good,Moderate,Large
118942,ENG-SCI 239,Advanced Innovation in Science and Engineering: Conference Course 001,ENG-SCI,4.24,4.08,204,2024Fall,3,Good,Moderate,Large
118974,STAT 149,Introduction to Generalized Linear Models 001,STAT,4.54,7.25,45,2025Spring,3,Excellent,Moderate,Medium
118977,HISTSCI 99A,Tutorial - Senior Year 001,HISTSCI,3.94,11.21,24,2024Fall,3,Satisfactory,Heavy,Medium
119020,TDM 115,Acting Shakespeare 001,TDM,4.73,4.55,13,2025Spring,2,Excellent,Moderate,Small
119025,GENED 1092,American Society and Public Policy 001,GENED,3.71,5.8,56,2024Fall,2,Satisfactory,Moderate,Large
119035,CHEM 165,Experimental Physical Chemistry LAB,CHEM,4.91,4.0,15,2025Spring,3,Excellent,Moderate,Medium
119048,ENG-SCI 173,Introduction to Electronic and Photonic Devices 001,ENG-SCI,4.41,4.46,24,2024Fall,2,Good,Moderate,Medium
119057,ENG-SCI 250,Information Theory 001,ENG-SCI,4.75,12.09,16,2024Fall,2,Excellent,Heavy,Medium
119061,LIFESCI 100,Experimental Research in the Life Sciences 001,LIFESCI,4.2,5.47,28,2025Spring,6,Good,Moderate,Medium
119062,E-PSCI 287,Biogeochemistry 001,E-PSCI,4.6,5.8,8,2024Spring,1,Excellent,Moderate,Small
119064,COMPSCI 1210,Introduction to Theoretical Computer Science 001,COMPSCI,3.98,10.48,69,2024Fall,3,Satisfactory,Heavy,Large
119067,BE 121,Cellular Engineering 001,BE,4.43,17.0,13,2025Spring,2,Good,Heavy,Small
119121,FRENCH 70B,Feeling Modern: Introduction to 19th- through 21st-century French Literature 001,FRENCH,4.0,9.0,6,2023Spring,1,Good,Heavy,Small
119124,PSY 2461R,Laboratory for Clinical and Developmental Research 001,PSY,5.0,6.0,7,2023Fall,3,Excellent,Moderate,Small
119128,IRISH 132,Introduction to Modern Irish 001,IRISH,4.71,4.14,7,2022Fall,1,Excellent,Moderate,Small
119196,MATH 21A,Multivariable Calculus 000,MATH,3.91,9.55,26,2025Spring,6,Satisfactory,Heavy,Medium
119249,COMPSCI 1650,Data Systems 001,COMPSCI,4.75,13.75,25,2024Fall,3,Excellent,Heavy,Medium
119260,ENG-SCI 230,Advanced Tissue Engineering 001,ENG-SCI,4.75,6.38,12,2024Fall,3,Excellent,Moderate,Small
119379,ANTHRO 1610,Ethnographic Research Methods 001,ANTHRO,4.67,7.11,11,2024Fall,3,Excellent,Moderate,Small
119414,PHIL 151,Philosophy of Quantum Theory 001,PHIL,4.45,7.64,30,2025Spring,1,Good,Moderate,Medium
119441,SPANSH 70C,Tales of Two Spains: A Survey of Spanish Modern Literature and Culture (18th to 21st centuries) 001,SPANSH,4.71,4.86,8,2025Spring,1,Excellent,Moderate,Small
119479,GOV 1010,Survey Research Methods 001,GOV,4.38,3.7,27,2025Spring,3,Good,Light,Medium
119492,PHIL 246,Formal Methods in Philosophy 001,PHIL,3.33,6.8,15,2024Fall,1,Below Average,Moderate,Medium
119502,MATH 242,Mathematical Biology-Evolutionary Dynamics 001,MATH,4.32,2.84,28,2023Fall,2,Good,Light,Medium
119511,MATH 243,Evolutionary Dynamics 001,MATH,3.86,3.21,28,2025Spring,3,Satisfactory,Light,Medium
119532,PSY 3555,Instructional Styles in Psychology 001,PSY,2.33,1.13,11,2024Fall,1,Below Average,Light,Small
119533,HIST 1300,Western Intellectual History: Greco-Roman Antiquity 01,HIST,4.33,4.8,8,2023Fall,1,Good,Moderate,Small
119534,HIST 1301,Western Intellectual History: The Prehistory of Modern Thought 01,HIST,4.76,6.25,26,2024Fall,1,Excellent,Moderate,Medium
119573,GOV 2160,Politics and Economics 001,GOV,4.75,8.0,11,2023Fall,2,Excellent,Moderate,Small
119622,FRSEMR 48K,Political Legitimacy and Resistance: What Happened in Montaigne’s Library 001,FRSEMR,4.71,3.43,7,2022Fall,1,Excellent,Light,Small
119629,COMPSCI 1520,Programming Languages 001,COMPSCI,3.94,7.88,23,2025Spring,3,Satisfactory,Moderate,Medium
119630,MOD-HEB 130A,Advanced Modern Hebrew I 001,MOD-HEB,5.0,4.75,8,2022Fall,1,Excellent,Moderate,Small
119636,AFVS 196R,Directed Research: Studio Course 001,AFVS,4.75,7.0,12,2025Spring,6,Excellent,Moderate,Small
119644,AFVS 123R,Post Brush: Studio Course 1,AFVS,4.0,5.0,9,2024Spring,2,Good,Moderate,Small
119717,PSY 980T,Eating Disorders 001,PSY,4.91,4.82,16,2024Fall,3,Excellent,Moderate,Medium
119757,CHNSE 150A,Readings and Discussions in Academic and Professional Chinese 001,CHNSE,4.78,6.89,10,2022Fall,1,Excellent,Moderate,Small
119807,BIOPHYS 205,Computational and Functional Genomics 001,BIOPHYS,3.25,11.29,17,2025Spring,3,Below Average,Heavy,Medium
119811,MUSIC 160R,Composition Seminar: Working with Words 001,MUSIC,3.0,4.83,7,2022Fall,1,Below Average,Moderate,Small
119812,MUSIC 161R,Advanced Composition LEC,MUSIC,4.5,4.63,11,2025Spring,2,Excellent,Moderate,Small
119819,SWAHILI AA,Elementary Swahili 001,SWAHILI,4.33,9.2,12,2024Fall,2,Good,Heavy,Small
119820,SWAHILI 101AR,Reading in Swahili 001,SWAHILI,5.0,4.0,7,2024Fall,1,Excellent,Moderate,Small
119821,SWAHILI 101BR,Reading in Swahili II 001,SWAHILI,4.83,6.67,9,2025Spring,2,Excellent,Moderate,Small
119844,BIOSTAT 230,Probability I 001,BIOSTAT,5.0,8.5,11,2024Fall,3,Excellent,Heavy,Small
119845,BIOSTAT 231,Statistical Inference I 001,BIOSTAT,4.78,15.63,12,2025Spring,3,Excellent,Heavy,Small
119846,BIOSTAT 232,Methods I 001,BIOSTAT,4.57,8.17,12,2024Fall,3,Excellent,Heavy,Small
119847,BIOSTAT 233,Methods II 001,BIOSTAT,4.83,10.8,11,2025Spring,1,Excellent,Heavy,Small
119848,BIOSTAT 235,Advanced Regression and Statistical Learning 001,BIOSTAT,4.6,9.0,7,2024Fall,2,Excellent,Heavy,Small
119849,BIOSTAT 244,Analysis of Failure Time Data 001,BIOSTAT,3.83,1.6,13,2025Spring,3,Satisfactory,Light,Small
119850,BIOSTAT 245,Analysis of Multivariate and Longitudinal Data 001,BIOSTAT,4.29,10.17,12,2024Fall,3,Good,Heavy,Small
119853,BIOSTAT 249,Bayesian Methodology in Biostatistics 01,BIOSTAT,3.25,9.25,6,2024Fall,2,Below Average,Heavy,Small
119854,BIOSTAT 240,Probability Theory and Applications II 001,BIOSTAT,4.25,7.86,12,2024Fall,1,Good,Moderate,Small
119855,BIOSTAT 241,Statistical Inference II 001,BIOSTAT,4.78,8.38,14,2024Spring,2,Excellent,Heavy,Small
119867,GREEK 112B,Ancient Greek Literature: Texts and Contexts 001,GREEK,4.6,11.8,14,2025Spring,2,Excellent,Heavy,Small
119882,SANSKRIT 101B,Elementary Sanskrit 001,SANSKRIT,4.88,10.71,8,2024Spring,2,Excellent,Heavy,Small
119890,E-PSCI 231,Climate Dynamics 001,E-PSCI,4.86,8.43,12,2025Spring,2,Excellent,Heavy,Small
119926,SOCIOL 2275,Social Network Analysis: Seminar 001,SOCIOL,4.58,4.67,18,2022Fall,1,Excellent,Moderate,Medium
119940,STAT 230,Multivariate Statistical Analysis 001,STAT,4.38,8.38,9,2023Fall,1,Good,Heavy,Small
119951,ECON 1017,A Libertarian Perspective on Economic and Social Policy 001,ECON,4.33,3.58,161,2024Fall,3,Good,Light,Large
119953,COMPSCI 1,Great Ideas in Computer Science 001,COMPSCI,3.62,6.46,20,2025Spring,2,Satisfactory,Moderate,Medium
119960,ECON 2030,Psychology and Economics 001,ECON,3.86,7.5,24,2025Spring,2,Satisfactory,Moderate,Medium
119964,JAPAN 130B,Intermediate Japanese II 001,JAPAN,4.8,8.8,11,2025Spring,3,Excellent,Heavy,Small
119971,ECON 2727,Empirical Methods in Financial Economics 001,ECON,4.75,6.33,5,2025Spring,3,Excellent,Moderate,Small
119983,ANTHRO 2704,The Problem of Language 001,ANTHRO,3.75,11.25,10,2024Fall,1,Satisfactory,Heavy,Small
119985,SOCIOL 2202,Intermediate Quantitative Research Methods 001,SOCIOL,4.19,7.19,23,2024Fall,3,Good,Moderate,Medium
119999,FRSEMR 49G,"The Holocaust in History, Literature, and Film 001",FRSEMR,4.71,3.14,9,2022Fall,1,Excellent,Light,Small
120031,GENED 1137,The Challenge of Human Induced Climate Change: Transitioning to a Post Fossil Fuel Future 001,GENED,3.53,4.11,31,2025Spring,3,Satisfactory,Moderate,Medium
120045,CHNSE 107B,Intermediate Literary Chinese 001,CHNSE,5.0,9.33,6,2023Spring,1,Excellent,Heavy,Small
120049,GENED 1032,What is a Republic? 001,GENED,3.33,5.36,242,2025Spring,2,Below Average,Moderate,Large
120127,ARABIC 131B,Upper-Level Modern Arabic II 001,ARABIC,4.75,16.5,11,2025Spring,3,Excellent,Heavy,Small
120167,PHYSICS 125,Widely Applied Physics 001,PHYSICS,4.54,7.0,37,2024Fall,1,Excellent,Moderate,Medium
120172,ECON 1011B,Intermediate Macroeconomics: Advanced 001,ECON,3.69,7.67,118,2025Spring,3,Satisfactory,Moderate,Large
120198,APMTH 111,Introduction to Scientific Computing 001,APMTH,4.25,10.75,10,2023Fall,2,Good,Heavy,Small
120228,MATH 121,Linear Algebra 001,MATH,4.29,8.43,11,2025Spring,3,Good,Heavy,Small
120237,COMPSCI 229R,Topics in Theoretical Computer Science: Essential Coding Theory 001,COMPSCI,4.76,11.63,21,2023Fall,3,Excellent,Heavy,Medium
120305,CHNSE BX,Elementary Chinese for Advanced Beginners 001,CHNSE,4.8,4.8,8,2024Fall,3,Excellent,Moderate,Small
120352,LATIN 112A,Latin Literature: Texts and Contexts 001,LATIN,3.71,11.57,13,2023Fall,1,Satisfactory,Heavy,Small
120379,E-PSCI 99A,Tutorial - Senior Year 001,E-PSCI,5.0,12.5,7,2024Fall,1,Excellent,Heavy,Small
120398,PORTUG 10,Beginning Portuguese I: From Cambridge to Copacabana 001,PORTUG,4.83,3.67,6,2024Fall,3,Excellent,Light,Small
120439,ECON 2530B,International Finance 001,ECON,5.0,9.33,12,2025Spring,2,Excellent,Heavy,Small
120449,ENGLISH 157,The Classic Phase of the Novel 001,ENGLISH,4.57,7.64,34,2022Fall,1,Excellent,Moderate,Medium
120472,ENGLISH CAPR,Poetry: Workshop 001,ENGLISH,5.0,16.0,11,2023Spring,1,Excellent,Heavy,Small
120489,ANTHRO 2070,Archaeological Method and Theory: Seminar 001,ANTHRO,4.8,17.0,7,2023Fall,1,Excellent,Heavy,Small
120541,ECON 985A,Econ 985: Senior Thesis Research S09,ECON,4.42,7.65,12,2024Fall,3,Good,Moderate,Small
120542,HIST 1965,Asian American History 01,HIST,5.0,11.0,9,2024Fall,1,Excellent,Heavy,Small
120552,PHIL 257,Inquiry 001,PHIL,4.6,9.2,9,2023Spring,1,Excellent,Heavy,Small
120559,PSY 2553R,Behavioral Insights Group Research Seminar 001,PSY,4.75,4.25,15,2023Spring,2,Excellent,Moderate,Medium
120579,ANTHRO 1150,Ancient Landscapes 001,ANTHRO,4.33,7.17,9,2025Spring,2,Good,Moderate,Small
120580,ANTHRO 2020,GIS & Spatial Analysis In Archaeology 001,ANTHRO,4.43,4.86,12,2024Spring,1,Good,Moderate,Small
120602,CHNSHIS 113,Life and Death in Late Imperial China: Social History of the 10th to 19th Centuries 01,CHNSHIS,3.9,4.67,15,2023Spring,1,Satisfactory,Moderate,Medium
120653,GOV 1082,What is Property? 001,GOV,4.69,4.94,17,2023Spring,1,Excellent,Moderate,Medium
120662,ECON 2140,Econometric Methods 001,ECON,4.0,11.42,39,2025Spring,3,Good,Heavy,Medium
120668,ECON 2110,Econometrics I 001,ECON,4.61,10.41,28,2024Fall,3,Excellent,Heavy,Medium
120677,WOMGEN 97,Tutorial - Sophomore Year 001,WOMGEN,4.75,7.57,10,2024Fall,4,Excellent,Moderate,Small
120711,ECON 1011A,Intermediate Microeconomics: Advanced 001,ECON,4.32,10.7,67,2024Fall,3,Good,Heavy,Large
120717,RUSS 101,Third-Year Russian I 001,RUSS,4.5,8.25,7,2024Fall,2,Excellent,Heavy,Small
120783,E-PSCI 236,Environmental Modeling and Data Analysis 001,E-PSCI,3.39,4.82,25,2025Spring,1,Below Average,Moderate,Medium
120838,GERMAN 62,Advanced Conversation and Composition: Berlin Stories 1,GERMAN,4.2,4.6,8,2023Spring,1,Good,Moderate,Small
120881,GENED 1070,Life as a Planetary Phenomenon 001,GENED,3.79,2.59,35,2025Spring,2,Satisfactory,Light,Medium
120952,YORUBA AA,Elementary Yoruba 001,YORUBA,4.73,5.67,25,2024Fall,2,Excellent,Moderate,Medium
120953,YORUBA BA,Intermediate Yoruba 001,YORUBA,4.6,3.8,6,2022Fall,1,Excellent,Light,Small
121017,FYSEMR 41K,"Human Rights, Law and Advocacy 01",FYSEMR,5.0,4.67,14,2024Fall,2,Excellent,Moderate,Small
121041,CHNSLIT 245R,Topics in Sinophone Studies - Modern Chinese Fiction on the Periphery 01,CHNSLIT,5.0,10.13,17,2024Spring,1,Excellent,Heavy,Medium
121062,SOCIOL 2236,Cultural Processes in the Production of Inequality SEM,SOCIOL,4.73,9.91,14,2023Spring,1,Excellent,Heavy,Small
121089,LING 102,Sentence Structure 001,LING,4.33,4.33,19,2025Spring,3,Good,Moderate,Medium
121110,ITAL 116,Renaissance Revolutions 001,ITAL,4.43,4.57,10,2024Fall,2,Good,Moderate,Small
121141,ANTHRO 1130,Archaeology of Harvard Yard 001,ANTHRO,4.8,3.25,14,2023Fall,1,Excellent,Light,Small
121189,LIFESCI 1A,"An Integrated Introduction to the Life Sciences: Chemistry, Molecular Biology, and Cell Biology 001",LIFESCI,3.71,8.79,291,2024Fall,3,Satisfactory,Heavy,Large
121191,LIFESCI 1B,"An Integrated Introduction to the Life Sciences: Genetics, Genomics, and Evolution 001",LIFESCI,3.74,8.72,396,2025Spring,3,Satisfactory,Heavy,Large
121282,BE 125,Tissue Engineering 001,BE,4.75,6.38,12,2024Fall,3,Excellent,Moderate,Small
121293,RELIGION 44,The Bible and Human Sexuality 001,RELIGION,4.42,3.83,22,2024Spring,1,Good,Light,Medium
121311,STAT 303HFA,The Art of Communicating and Teaching Statistics 001,STAT,4.4,1.67,7,2023Fall,2,Good,Light,Small
121320,MCB 208,Talking about Science 001,MCB,4.08,2.0,26,2024Fall,3,Good,Light,Medium
121345,SOC-STD 98CL,Law and American Society 001,SOC-STD,4.5,4.33,9,2025Spring,3,Excellent,Moderate,Small
121346,ARABIC 131A,Upper-Level Modern Arabic l 002,ARABIC,4.79,9.21,8,2024Fall,3,Excellent,Heavy,Small
121351,GOV 2755,International Political Economy 001,GOV,5.0,6.75,7,2024Spring,1,Excellent,Moderate,Small
121403,APPHY 225,Introduction to Soft Matter 001,APPHY,4.8,4.25,19,2024Fall,1,Excellent,Moderate,Medium
121412,SWEDISH 10A,Beginning Swedish Language and Literature 001,SWEDISH,4.83,5.33,7,2024Fall,2,Excellent,Moderate,Small
121463,ESE 109,Earth Resources and the Environment 001,ESE,4.36,5.71,42,2025Spring,2,Good,Moderate,Medium
121484,SANSKRIT 201R,Advanced Philosophical Sanskrit 001,SANSKRIT,4.8,7.25,7,2024Spring,2,Excellent,Moderate,Small
121508,COMPSCI 96,System Design Projects: Machine Learning for Social Impact 001,COMPSCI,4.67,6.25,15,2023Spring,1,Excellent,Moderate,Medium
121520,FYSEMR 26E,Beautiful Physics 001,FYSEMR,3.5,3.67,9,2023Fall,2,Satisfactory,Light,Small
121542,AFVS 51A,Introduction to Nonfiction Videomaking 001,AFVS,4.43,11.71,9,2023Spring,1,Good,Heavy,Small
121549,FYSEMR 26J,The Universe's Hidden Dimensions 001,FYSEMR,4.56,4.0,10,2024Fall,2,Excellent,Moderate,Small
121594,APPHY 218,"Electrical, Optical, and Magnetic Properties of Materials 001",APPHY,3.8,6.0,19,2024Fall,1,Satisfactory,Moderate,Medium
121621,HIST 83A,Markets and States: The History of Economic Thought Since 1750 01,HIST,4.54,4.67,16,2023Fall,1,Excellent,Moderate,Medium
121681,SLAVIC 97,Introduction to Slavic Literatures and Cultures 001,SLAVIC,5.0,5.6,6,2025Spring,3,Excellent,Moderate,Small
121687,CHEM 153,Organometallic Chemistry LEC,CHEM,4.79,4.09,28,2025Spring,2,Excellent,Moderate,Medium
121705,PHIL 155,Topics in Philosophy of Religion 001,PHIL,4.4,7.5,17,2023Fall,1,Good,Moderate,Medium
121724,GOV 1004,Political Economy 001,GOV,3.75,5.21,38,2023Spring,1,Satisfactory,Moderate,Medium
121728,GOV 1368,The Politics of American Education 001,GOV,4.41,5.18,27,2024Fall,2,Good,Moderate,Medium
121738,PSY 1950,Applied Statistical Data Analysis in Psychology I 001,PSY,5.0,3.86,22,2024Fall,3,Excellent,Light,Medium
121745,GENETIC 228,Genetics in Medicine - From Bench to Bedside 001,GENETIC,4.69,2.93,67,2025Spring,3,Excellent,Light,Large
121749,LATIN 112B,Latin Literature: Texts and Contexts 001,LATIN,4.25,7.38,13,2024Spring,1,Good,Moderate,Small
121758,AFVS 15AR,Silkscreen 1,AFVS,4.56,7.1,11,2025Spring,3,Excellent,Moderate,Small
121778,GENED 1091,Classical Chinese Ethical and Political Theory 001,GENED,4.43,4.75,307,2024Fall,2,Good,Moderate,Large
121791,HAA 14K,The Roman World in Transition 001,HAA,3.75,2.5,9,2023Spring,1,Satisfactory,Light,Small
121820,BCMP 234,Cellular Metabolism and Human Disease 001,BCMP,3.92,3.91,24,2025Spring,3,Satisfactory,Light,Medium
121842,JAPNLIT 133,Gender and Art in Japan and Beyond 01,JAPNLIT,4.5,6.83,14,2025Spring,1,Excellent,Moderate,Small
121896,MEDGREEK 115,Introduction to Byzantine Greek 001,MEDGREEK,5.0,6.25,5,2025Spring,1,Excellent,Moderate,Small
121898,MUSIC 176R,Music and Disability 001,MUSIC,4.82,3.09,14,2023Fall,1,Excellent,Light,Small
121901,FYSEMR 31J,Skepticism and Knowledge 001,FYSEMR,3.5,1.5,12,2023Fall,2,Satisfactory,Light,Small
121907,FYSEMR 49N,Measurements of the Mind: The Creation and Critique of the Psychological Test 001,FYSEMR,4.1,3.11,12,2024Fall,3,Good,Light,Small
121928,ISLAMCIV 145,Introduction to Islamic Philosophy and Theology: The Classical and Medieval period 001,ISLAMCIV,4.87,4.68,27,2023Fall,1,Excellent,Moderate,Medium
121934,PORTUG 20,"Intermediate Portuguese I: Justice, Equity and Rights in the Lusophone world 001",PORTUG,5.0,5.4,7,2023Fall,2,Excellent,Moderate,Small
121941,PHYSICS 175,Laser Physics and Modern Optical Physics 001,PHYSICS,3.6,7.4,15,2024Spring,2,Satisfactory,Moderate,Medium
121954,PHIL 125,Beyond Dualism: Descartes and His Critics 001,PHIL,4.85,8.55,18,2022Fall,1,Excellent,Heavy,Medium
121970,PHYSICS 271,Topics in the Physics of Quantum Information 001,PHYSICS,4.14,11.78,39,2024Fall,2,Good,Heavy,Medium
121973,ARABIC 134,Colloquial Levantine Arabic 001,ARABIC,5.0,6.3,12,2023Spring,1,Excellent,Moderate,Small
121975,APPHY 217,Foundations of Modern Optics 001,APPHY,3.94,8.5,28,2024Fall,2,Satisfactory,Heavy,Medium
121984,COMPSCI 248,Advanced Design of VLSI Circuits and Systems 001,COMPSCI,4.64,10.64,31,2024Spring,1,Excellent,Heavy,Medium
121985,COMPSCI 2790R,Research Topics in Human-Computer Interaction 001,COMPSCI,4.2,8.24,45,2024Fall,3,Good,Heavy,Medium
121989,APMTH 108,Nonlinear Dynamical Systems 001,APMTH,4.43,9.54,20,2025Spring,3,Good,Heavy,Medium
121993,PHYSICS 191,Advanced Laboratory 001,PHYSICS,4.43,8.36,22,2025Spring,6,Good,Heavy,Medium
122029,GERMAN 20AB,Intermediate German (Intensive) 001,GERMAN,4.8,11.4,8,2025Spring,3,Excellent,Heavy,Small
122031,GERMAN 61,Advanced Grammar and Reading 1,GERMAN,4.14,5.86,8,2023Fall,1,Good,Moderate,Small
122085,HIST 2271,The Soviet Union: Proseminar 01,HIST,4.8,13.4,11,2024Spring,1,Excellent,Heavy,Small
122093,E-PSCI 133,Atmospheric Chemistry 001,E-PSCI,4.7,6.22,11,2025Spring,3,Excellent,Moderate,Small
122094,APMTH 104,"Complex and Fourier Analysis with Applications to Art, Science and Engineering 001",APMTH,3.92,8.9,102,2024Fall,3,Satisfactory,Heavy,Large
122149,ANTHRO 1836BR,Sensory Ethnography 2 001,ANTHRO,5.0,17.5,8,2024Spring,1,Excellent,Heavy,Small
122175,CHEM 170,Chemical Biology LEC,CHEM,4.46,3.76,52,2024Spring,2,Good,Light,Large
122184,AFVS 41A,Introduction to Photography 1,AFVS,4.5,8.33,10,2025Spring,2,Excellent,Heavy,Small
122214,GOV 1521,"Bureaucratic Politics: Government, Economic, Social and Military Organizations 001",GOV,4.37,5.16,24,2024Spring,1,Good,Moderate,Medium
122224,PSY 1201,Your Brain on Drugs: Psychopharmacology 001,PSY,4.58,4.25,113,2024Fall,3,Excellent,Moderate,Large
122233,MATH 266,Motivic homotopy theory 001,MATH,5.0,8.5,33,2024Fall,1,Excellent,Heavy,Medium
122276,WOMGEN 2000,Live Theory (and Practice): A Graduate Proseminar in WGS Studies 001,WOMGEN,4.67,4.0,8,2024Fall,2,Excellent,Moderate,Small
122277,GENED 1113,"Race, Gender, and Performance 001",GENED,4.39,2.64,55,2024Spring,2,Good,Light,Large
122306,STAT 170,Quantitative Analysis of Capital Markets 001,STAT,3.98,9.8,60,2023Spring,1,Satisfactory,Heavy,Large
122315,PSY 975,Contemporary Issues in Psychology: Intensive Cross-level Analyses for Cog Neuro and Evo Psych 001,PSY,1.71,10.29,8,2025Spring,3,Below Average,Heavy,Small
122318,SOCIOL 1165,Online Dating and the Transformation of Intimacy 001,SOCIOL,2.17,3.67,9,2023Fall,2,Below Average,Light,Small
122339,ENG-SCI 53,Quantitative Physiology as a Basis for Bioengineering 001,ENG-SCI,3.85,8.1,48,2024Fall,3,Satisfactory,Heavy,Medium
122340,ENG-SCI 221,Drug Delivery 001,ENG-SCI,4.53,4.33,45,2024Fall,2,Excellent,Moderate,Medium
122341,BE 130,Neural Control of Movement 001,BE,4.21,7.08,15,2024Spring,2,Good,Moderate,Medium
122342,ENG-SCI 249,Advanced Neural Control of Movement 001,ENG-SCI,4.21,7.08,15,2024Spring,2,Good,Moderate,Medium
122410,MCB 199,Statistical Thermodynamics and Quantitative Biology 001,MCB,4.0,8.67,10,2025Spring,2,Good,Heavy,Small
122419,CELTIC 101,Irish Heroic Saga 001,CELTIC,4.67,3.2,23,2024Fall,1,Excellent,Light,Medium
122422,MCB 294,Interesting Questions in Physical Biology 001,MCB,3.82,2.91,16,2024Fall,2,Satisfactory,Light,Medium
122439,ANTHRO 2690,"Middle East Ethnography: Discourse, Politics, and Culture 001",ANTHRO,4.88,8.5,10,2023Spring,1,Excellent,Heavy,Small
122444,FOLKMYTH 161,The Vikings and the Nordic Heroic Tradition 001,FOLKMYTH,4.08,2.81,33,2022Fall,1,Good,Light,Medium
122458,FYSEMR 25N,Finding Connections: Perspectives on Psychological Development and Mental Illness 001,FYSEMR,4.3,3.1,12,2024Fall,3,Good,Light,Small
122467,SOCIOL 1129,Sociology of Education 001,SOCIOL,4.6,3.41,35,2024Fall,1,Excellent,Light,Medium
122487,AFRAMER 112,"Black Humor: Performance, Art, and Literature 001",AFRAMER,4.67,4.17,32,2023Spring,1,Excellent,Moderate,Medium
122496,AFRAMER 174X,African Architecture 001,AFRAMER,3.67,6.0,16,2022Fall,1,Satisfactory,Moderate,Medium
122498,AFRAMER 192X,Religion and Society in Nigeria 001,AFRAMER,4.0,4.33,18,2024Spring,1,Good,Moderate,Medium
122514,LING 83,"Language, Structure, and Cognition 001",LING,3.64,6.03,67,2025Spring,3,Satisfactory,Moderate,Large
122515,LING 116,Semantic Theory I 001,LING,4.78,5.56,9,2022Fall,1,Excellent,Moderate,Small
122529,MCB 91R,Research for Credit in Molecular and Cellular Biology 001,MCB,4.83,10.2,10,2025Spring,6,Excellent,Heavy,Small
122530,MCB 99A,Laboratory Research for Honors Thesis 001,MCB,4.5,16.5,30,2024Fall,3,Excellent,Heavy,Medium
122549,E-PSCI 208,Physics of Climate 001,E-PSCI,4.64,6.55,14,2024Fall,2,Excellent,Moderate,Small
122550,HUMAN 20,A Colloquium in the Visual Arts 001,HUMAN,4.6,7.19,34,2024Fall,3,Excellent,Moderate,Medium
122564,APMTH 50,Introduction to Applied Mathematics 001,APMTH,4.21,5.71,68,2025Spring,3,Good,Moderate,Large
122575,PHYSCI 2,"Mechanics, Elasticity, Fluids, and Diffusion 1001",PHYSCI,3.81,7.46,175,2024Fall,3,Satisfactory,Moderate,Large
122576,PHYSCI 3,"Electromagnetism, Circuits, Waves, Optics, and Imaging 001",PHYSCI,3.65,7.91,132,2025Spring,3,Satisfactory,Moderate,Large
122591,CPB 91,Research for Credit in Chemical and Physical Biology 001,CPB,5.0,13.0,5,2023Spring,1,Excellent,Heavy,Small
122592,CPB 99A,Laboratory Research for Honors Thesis 001,CPB,4.71,13.6,9,2024Fall,3,Excellent,Heavy,Small
122595,HEB 99A,Tutorial - Senior Year 001,HEB,4.86,7.0,9,2024Fall,3,Excellent,Moderate,Small
122596,BCMP 218,Molecular Medicine 001,BCMP,4.59,3.19,28,2024Fall,3,Excellent,Light,Medium
122603,MATH 122,Algebra I: Theory of Groups and Vector Spaces 001,MATH,4.09,7.0,21,2025Spring,4,Good,Moderate,Medium
122608,PSY 2020,"Cognition, Brain, and Behavior: Proseminar 001",PSY,3.8,3.6,16,2024Fall,2,Satisfactory,Light,Medium
122616,HISTSCI 2953,"Bioethics, Law, and the Life Sciences 001",HISTSCI,3.94,6.23,22,2024Spring,1,Satisfactory,Moderate,Medium
122625,HEB 97,Sophomore Tutorial in Human Evolutionary Biology 004,HEB,4.8,5.8,6,2025Spring,3,Excellent,Moderate,Small
122674,HAA 310A,Methods and Theory of Art History 001,HAA,4.33,7.75,10,2024Fall,3,Good,Moderate,Small
122679,AFVS 107,Studies of the Built North American Environment since 1580 1,AFVS,4.87,5.36,19,2024Fall,2,Excellent,Moderate,Medium
122708,MICROBI 213,Social Issues in Biology 001,MICROBI,4.22,3.88,20,2025Spring,2,Good,Light,Medium
122718,HISTSCI 2985,"Science, Power and Politics 001",HISTSCI,4.47,7.93,18,2024Fall,3,Good,Moderate,Medium
122752,ECON 970,Tutorial - Sophomore Year T01,ECON,4.36,7.2,10,2025Spring,6,Good,Moderate,Small
122813,COMPSCI 2620,Introduction to Distributed Computing 001,COMPSCI,4.13,8.21,107,2025Spring,2,Good,Heavy,Large
122814,RUSS 114,"Fourth-Year Russian: Language, Ethnicity, and Diversity in Russia 001",RUSS,4.67,10.67,8,2023Fall,2,Excellent,Heavy,Small
122818,PHYSICS 268AR,Information Theory for Physicists 001,PHYSICS,3.45,5.27,21,2022Fall,1,Below Average,Moderate,Medium
122846,NEURO 91,Laboratory Research 001,NEURO,4.76,11.5,48,2025Spring,6,Excellent,Heavy,Medium
122847,NEURO 99,Thesis research 001,NEURO,4.88,15.08,42,2025Spring,4,Excellent,Heavy,Medium
122848,HIST 2272,The Soviet Union: Seminar 01,HIST,5.0,12.0,9,2024Fall,2,Excellent,Heavy,Small
122850,GOV 1008,Introduction to Geographic Information Systems 001,GOV,4.36,5.68,30,2024Fall,3,Good,Moderate,Medium
122852,GOV 1009,Advanced Geographical Information Systems Workshop 001,GOV,4.0,4.17,17,2025Spring,3,Good,Moderate,Medium
122855,ENG-SCI 271R,Topics in Mixed-Signal Integrated Circuits 001,ENG-SCI,5.0,5.25,7,2023Fall,2,Excellent,Moderate,Small
122906,TDM 112R,Advanced Acting: Contemporary Texts 001,TDM,5.0,6.8,11,2025Spring,3,Excellent,Moderate,Small
122907,RUSS AA,Elementary Russian I 001,RUSS,4.8,9.25,6,2024Fall,1,Excellent,Heavy,Small
122910,AFRAMER 10,Introduction to African American Studies 001,AFRAMER,4.11,5.47,24,2024Fall,2,Good,Moderate,Medium
122916,RELIGION 2002,Contemporary Conversations in the Study of Religion: Seminar 001,RELIGION,3.4,3.75,9,2024Fall,2,Below Average,Light,Small
122930,PHYSICS 253A,Quantum Field Theory I 001,PHYSICS,4.75,19.68,32,2024Fall,3,Excellent,Heavy,Medium
122943,MATH 101,"Sets, Groups and Geometry 001",MATH,3.83,8.39,27,2025Spring,6,Satisfactory,Heavy,Medium
122980,WOMGEN 98S,Tutorial - Junior Year: Research and Methods 001,WOMGEN,4.67,6.5,9,2025Spring,3,Excellent,Moderate,Small
122988,WOMGEN 1170,"Power to the People: Black Power, Radical Feminism, and Gay Liberation, 1955-1975 001",WOMGEN,4.6,3.1,13,2023Fall,1,Excellent,Light,Small
122989,PHIL 97,Tutorial I 004,PHIL,4.23,4.27,8,2025Spring,4,Good,Moderate,Small
123003,ECON 1420,American Economic Policy 001,ECON,4.37,4.15,49,2023Fall,2,Good,Moderate,Medium
123022,CHEM 100R,Experimental Chemistry and Chemical Biology LAB,CHEM,4.89,4.44,10,2024Spring,4,Excellent,Moderate,Small
123033,ECON 1123,Introduction to Econometrics 001,ECON,3.74,8.46,186,2025Spring,6,Satisfactory,Heavy,Large
123045,SANSKRIT 101A,Elementary Sanskrit 001,SANSKRIT,4.29,7.0,9,2024Fall,3,Good,Moderate,Small
123051,PERSIAN AA,Elementary Persian I 001,PERSIAN,4.33,6.5,8,2024Fall,3,Good,Moderate,Small
123076,PLSH AA,Elementary Polish I 001,PLSH,4.67,7.17,6,2024Fall,1,Excellent,Moderate,Small
123080,TDM 130R,Directing 1,TDM,4.78,7.89,9,2024Spring,2,Excellent,Moderate,Small
123092,PHIL 167,"Privacy, Security, Connectivity 001",PHIL,3.14,3.29,16,2023Fall,2,Below Average,Light,Medium
123098,HIST 72F,East European Identities: Russia and Ukraine 01,HIST,4.56,6.22,13,2024Spring,1,Excellent,Moderate,Small
123102,GHHP 99,Research in Global Health and Health Policy 001,GHHP,4.83,3.6,9,2025Spring,3,Excellent,Light,Small
123105,ECON 3004,Graduate Student Workshop in Economic History 001,ECON,5.0,0,11,2025Spring,4,Excellent,Light,Small
123126,CHEM 40,Inorganic Chemistry LEC,CHEM,4.31,7.0,54,2025Spring,3,Good,Moderate,Large
123195,ANTHRO 1131,Archaeology of Harvard Yard II: Laboratory Methods and Analysis 001,ANTHRO,4.36,3.2,12,2024Spring,1,Good,Light,Small
123211,MATH 130,Classical Geometry 001,MATH,3.67,6.65,27,2025Spring,2,Satisfactory,Moderate,Medium
123212,MATH 132,Differential Topology 001,MATH,3.3,10.64,16,2025Spring,3,Below Average,Heavy,Medium
123220,AFVS 158AR,Sensory Ethnography 1 1,AFVS,4.0,16.67,9,2024Spring,1,Good,Heavy,Small
123227,MATH 114,"Analysis of Function Spaces, Measure and Integration 001",MATH,4.57,6.99,84,2024Fall,3,Excellent,Moderate,Large
123232,MATH 221,Commutative Algebra 001,MATH,4.75,11.75,8,2024Fall,3,Excellent,Heavy,Small
123238,MATH 222,Lie Groups and Lie Algebras 001,MATH,4.78,9.75,24,2025Spring,3,Excellent,Heavy,Medium
123239,MATH 223A,Algebraic Number Theory 001,MATH,4.83,13.67,17,2023Fall,1,Excellent,Heavy,Medium
123242,MATH 229,Introduction to Analytic Number Theory 001,MATH,4.0,7.2,8,2024Spring,1,Good,Moderate,Small
123243,MATH 231A,Algebraic Topology 001,MATH,4.27,10.9,13,2024Fall,3,Good,Heavy,Small
123271,MCB 145,Neurobiology of Perception and Decision Making 001,MCB,4.5,7.08,23,2024Fall,2,Excellent,Moderate,Medium
123272,MCB 146,Experience-Based Brain Development: Causes and Consequences 001,MCB,4.0,3.5,46,2023Spring,1,Good,Light,Medium
123305,PSY 1750,"Free Will, Responsibility, and Law 001",PSY,4.78,8.89,13,2024Fall,2,Excellent,Heavy,Small
123351,ENG-SCI 273,Optics and Photonics 001,ENG-SCI,4.22,11.11,16,2025Spring,3,Good,Heavy,Medium
123375,GOV 2710,International Relations: Field Seminar 001,GOV,4.71,10.86,11,2024Fall,3,Excellent,Heavy,Small
123398,HISTSCI 100,Knowing the World: An Introduction to the History of Science 001,HISTSCI,4.3,4.06,65,2024Fall,3,Good,Moderate,Large
123425,GREEK 129,Dionysus and Greek Tragedy: Euripides' Bacchae 001,GREEK,4.83,4.33,7,2023Fall,1,Excellent,Moderate,Small
123433,MATH 231BR,Advanced Algebraic Topology 001,MATH,4.8,12.0,18,2025Spring,3,Excellent,Heavy,Medium
123435,AFRAMER 197,"Poverty, Race, and Health 001",AFRAMER,4.72,4.67,38,2024Fall,2,Excellent,Moderate,Medium
123439,LING 115,Phonological Theory I 001,LING,3.6,8.25,6,2023Fall,2,Satisfactory,Heavy,Small
123441,MATH 232AR,Introduction to Algebraic Geometry I 001,MATH,4.17,14.5,18,2024Fall,3,Good,Heavy,Medium
123443,GOV 51,Data Analysis and Politics 001,GOV,4.54,8.0,22,2025Spring,3,Excellent,Moderate,Medium
123444,MATH 232BR,Introduction to Algebraic Geometry II 001,MATH,5.0,12.2,22,2024Spring,2,Excellent,Heavy,Medium
123448,LING 132,Psychosemantics 001,LING,4.38,5.71,11,2024Fall,1,Good,Moderate,Small
123501,GOV 94DN,Mapping Social and Environmental Space 001,GOV,4.6,4.0,12,2023Spring,1,Excellent,Moderate,Small
123580,ENG-SCI 252R,Advanced Topics in Robotics Research 001,ENG-SCI,4.75,6.75,9,2025Spring,2,Excellent,Moderate,Small
123590,AFRAMER 97,Sophomore Tutorial: Understanding Race and Racism 001,AFRAMER,4.83,3.6,8,2025Spring,3,Excellent,Light,Small
123591,AFRAMER 11,Introduction to African Studies 001,AFRAMER,4.6,10.2,7,2024Fall,3,Excellent,Heavy,Small
123611,LING 117R,Linguistic Field Methods 01,LING,4.5,3.5,5,2024Fall,2,Excellent,Light,Small
123623,COMPSCI 61,Systems Programming and Machine Organization 001,COMPSCI,3.96,14.28,254,2024Fall,3,Satisfactory,Heavy,Large
123625,LATIN 129,Latin Inscriptions and Graffiti 001,LATIN,4.75,6.13,15,2023Fall,1,Excellent,Moderate,Medium
123658,FYSEMR 22I,The Science of Sailing 01,FYSEMR,5.0,1.78,12,2024Fall,2,Excellent,Light,Small
123662,APMTH 121,Introduction to Optimization: Models and Methods 001,APMTH,4.22,7.78,74,2024Fall,3,Good,Moderate,Large
123674,LIFESCI 2,Evolutionary Human Physiology and Anatomy 001,LIFESCI,4.14,9.57,105,2024Fall,3,Good,Heavy,Large
123680,MATH 1A,Introduction to Calculus 001,MATH,4.21,9.61,42,2025Spring,6,Good,Heavy,Medium
123710,LING 250,Old Church Slavonic 001,LING,4.75,9.5,7,2023Fall,1,Excellent,Heavy,Small
123790,HIND-URD 123,"Bollywood and Beyond: Commercial Cinema, Language and Culture in South Asia 001",HIND-URD,4.56,6.14,19,2025Spring,2,Excellent,Moderate,Medium
123833,LPS A,Foundational Chemistry and Biology LEC,LPS,3.99,7.91,191,2024Fall,3,Satisfactory,Moderate,Large
123837,MCB 195,Foundations of Systems Biology and Biological Engineering 001,MCB,5.0,3.8,8,2025Spring,3,Excellent,Light,Small
123849,ECON 2040,Experimental Economics 001,ECON,5.0,5.78,14,2024Fall,2,Excellent,Moderate,Small
123850,LING 108,Introduction to Historical Linguistics 001,LING,4.64,3.09,11,2023Fall,1,Excellent,Light,Small
123852,MODGRK 100,Advanced Modern Greek: Introduction to Modern Greek Literature 001,MODGRK,5.0,2.14,9,2023Spring,1,Excellent,Light,Small
123858,ESPP 90N,Addressing the Global Climate Crisis: Challenges for Both Developed and Developing Economies 001,ESPP,4.0,2.33,10,2024Fall,3,Good,Light,Small
123880,COMPLIT 264,Thinking and Writing Transculturally SEM,COMPLIT,4.5,5.17,13,2024Spring,1,Excellent,Moderate,Small
123893,ECON 1050,"Strategy, Conflict, and Cooperation 001",ECON,4.38,5.79,23,2025Spring,3,Good,Moderate,Medium
123934,ENGLISH CALR,Advanced Screenwriting: Workshop 001,ENGLISH,4.71,4.57,12,2025Spring,2,Excellent,Moderate,Small
123941,PSY 1,Introduction to Psychological Science 001,PSY,4.0,4.38,80,2025Spring,6,Good,Moderate,Large
123963,JAPAN 140B,Advanced Modern Japanese 001,JAPAN,5.0,6.63,8,2025Spring,2,Excellent,Moderate,Small
123964,SOC-STD 10B,Introduction to Social Studies 001,SOC-STD,4.43,8.04,96,2025Spring,3,Good,Heavy,Large
123971,COMPSCI 79,Design of Useful and Usable Interactive Systems 001,COMPSCI,4.08,6.84,93,2023Fall,2,Good,Moderate,Large
123973,PSY 18,Psychopathology 18,PSY,4.74,4.34,143,2025Spring,3,Excellent,Moderate,Large
124043,KOREAN 120B,Intermediate Korean 001,KOREAN,4.6,6.8,14,2025Spring,3,Excellent,Moderate,Small
124050,CLS-STDY 97B,Introduction to the Ancient Roman World 001,CLS-STDY,4.46,7.23,18,2025Spring,3,Good,Moderate,Medium
124063,RELIGION 1803,Exploring the Quran 1,RELIGION,4.67,5.5,11,2024Fall,1,Excellent,Moderate,Small
124076,ECON 2726,Theoretical and Empirical Perspectives on Entrepreneurship and Innovation 001,ECON,4.25,5.63,14,2025Spring,3,Good,Moderate,Small
124093,GERMAN 10AB,Beginning German (Intensive) 001,GERMAN,4.8,9.75,12,2025Spring,4,Excellent,Heavy,Small
124099,ASTRON 201,Astrophysical Fluids & Plasmas 001,ASTRON,4.4,5.2,10,2025Spring,2,Good,Moderate,Small
124105,RUSS 103,Third-Year Russian II 001,RUSS,4.5,7.5,8,2025Spring,3,Excellent,Moderate,Small
124108,PHYSICS 123,Laboratory Electronics 001,PHYSICS,4.86,9.14,12,2024Fall,2,Excellent,Heavy,Small
124109,MICROBI 210,"Microbial Sciences: Chemistry, Ecology and Evolution 001",MICROBI,4.14,5.29,10,2025Spring,3,Good,Moderate,Small
124127,GENED 1093,"Who Lives, Who Dies, Who Cares? Reimagining Global Health 001",GENED,4.15,3.27,159,2023Fall,2,Good,Light,Large
124134,ECON 2010A,Economic Theory 001,ECON,4.0,15.11,26,2024Fall,3,Good,Heavy,Medium
124139,ECON 2010B,Economic Theory 001,ECON,4.16,9.56,26,2025Spring,3,Good,Heavy,Medium
124154,PHYSICS 15C,Wave Phenomena 001,PHYSICS,4.12,5.41,24,2025Spring,6,Good,Moderate,Medium
124213,HIST 1026,Rise and Fall of Postwar Japan 01,HIST,4.6,7.6,16,2024Fall,1,Excellent,Moderate,Medium
124235,CHNSE 130XA,Pre-Advanced Modern Chinese for High-Proficiency Learners 001,CHNSE,5.0,6.17,8,2024Fall,3,Excellent,Moderate,Small
124237,CHNSE BB,Elementary Modern Chinese 001,CHNSE,4.82,6.91,18,2025Spring,3,Excellent,Moderate,Medium
124238,CHNSE 130XB,Pre-Advanced Modern Chinese for High-Proficiency Learners 002,CHNSE,4.8,5.4,9,2025Spring,3,Excellent,Moderate,Small
124240,KOREAN BB,Elementary Korean 001,KOREAN,4.57,5.0,13,2025Spring,3,Excellent,Moderate,Small
124258,JAPAN BB,Elementary Japanese 001,JAPAN,5.0,8.33,12,2025Spring,3,Excellent,Heavy,Small
124296,KOREAN BA,Elementary Korean 001,KOREAN,4.86,8.33,11,2024Fall,3,Excellent,Heavy,Small
124297,HIST 2968,History and Economics: Proseminar 01,HIST,4.0,4.56,17,2023Fall,1,Good,Moderate,Medium
124312,CHEM 20,Organic Chemistry LEC,CHEM,4.66,11.23,68,2025Spring,3,Excellent,Heavy,Large
124332,FRENCH 15,Intensive Beginning French: Parisian Culture & Life 001,FRENCH,4.6,7.6,6,2025Spring,3,Excellent,Moderate,Small
124352,MATH 297X,Geometry and complexity theory 001,MATH,4.33,6.2,20,2024Fall,1,Good,Moderate,Medium
124364,COMPSCI 1710,Visualization 001,COMPSCI,4.15,10.71,62,2024Fall,3,Good,Heavy,Large
124385,HAA 100R,Sophomore Excursion Course 001,HAA,4.75,4.25,13,2025Spring,3,Excellent,Moderate,Small
124404,HIST 1700,The History of Sub-Saharan Africa to 1860 01,HIST,4.6,7.0,10,2024Spring,2,Excellent,Moderate,Small
124414,GOV 10,Foundations of Political Theory 001,GOV,4.64,6.36,24,2025Spring,3,Excellent,Moderate,Medium
124495,HIST 82F,The Origins of the Cold War: The Yalta Conference (1945) 01,HIST,4.69,6.54,15,2024Fall,3,Excellent,Moderate,Medium
124506,HIST 1270,Frontiers of Europe: Ukraine since 1500 001,HIST,4.75,7.88,11,2024Fall,3,Excellent,Moderate,Small
124524,PORTUG 40,Advanced Portuguese I: Images of Brazil through Contemporary Cinema 001,PORTUG,4.8,4.8,8,2024Fall,2,Excellent,Moderate,Small
124534,CHNSLIT 229R,Topics in Early Medieval Literature 01,CHNSLIT,4.67,9.0,11,2024Fall,2,Excellent,Heavy,Small
124633,HAA 12M,Monuments of Islamic Architecture 001,HAA,4.75,4.13,17,2022Fall,1,Excellent,Moderate,Medium
124652,CHNSLIT 248,Modern Chinese Literature: Theory and Practice: Seminar 01,CHNSLIT,4.67,9.25,10,2023Fall,1,Excellent,Heavy,Small
124708,RELIGION 1615,Bhagavad Gita and Its Greatest Commentary 1,RELIGION,4.38,4.0,11,2025Spring,1,Good,Moderate,Small
124723,APPHY 235,Chemistry in Materials Science and Engineering 001,APPHY,4.5,7.67,10,2024Fall,3,Excellent,Moderate,Small
124754,LING 99B,Tutorial - Senior Year 001,LING,4.75,16.0,8,2024Spring,2,Excellent,Heavy,Small
124775,GOV 94IA,Sino-US Relations in an Era of Rising Chinese Power 001,GOV,4.78,5.44,10,2025Spring,2,Excellent,Moderate,Small
124780,GOV 2001,Quantitative Social Science Methods I 001,GOV,4.15,7.46,19,2025Spring,3,Good,Moderate,Medium
124788,PHIL 8,Self and World: Early Modern Philosophy 001,PHIL,4.5,6.88,73,2025Spring,2,Excellent,Moderate,Large
124803,ANTHRO 2856,"Ethnography, Biography, The Novel, and Film: Anthropology of Emotional and Moral Experience 001",ANTHRO,4.88,13.2,11,2024Fall,1,Excellent,Heavy,Small
124817,MCB 129,"The Brain: Development, Plasticity and Disease 0001",MCB,4.24,5.13,49,2024Fall,1,Good,Moderate,Medium
124836,GOV 2034,"Ethics, Economics, and Law 001",GOV,5.0,5.8,6,2022Fall,1,Excellent,Moderate,Small
124879,RELIGION 1059,Who Needs God? Rethinking God in Light of Hindu and Christian Theologies 01,RELIGION,4.4,3.75,8,2022Fall,1,Good,Light,Small
124899,MCB 291,"Genetics, Genomics and Evolutionary Biology 001",MCB,2.33,2.67,17,2023Spring,1,Below Average,Light,Medium
124900,MCB 292,"Cellular Biology, Neurobiology and Developmental Biology 001",MCB,3.75,3.0,15,2023Fall,2,Satisfactory,Light,Medium
124901,MCB 293,"Biochemistry, Chemical and Structural Biology 001",MCB,3.25,3.75,15,2024Spring,2,Below Average,Light,Medium
124905,CHEM 301HFA,Scientific Teaching and Communications: Practicum RR,CHEM,4.18,2.27,33,2024Fall,3,Good,Light,Medium
124933,ECON 2330,History and Human Capital 001,ECON,5.0,5.1,20,2024Spring,2,Excellent,Moderate,Medium
124966,ASTRON 200,Radiative Processes in Astrophysics 001,ASTRON,3.0,8.43,12,2024Fall,3,Below Average,Heavy,Small
124969,CLS-STDY 165,Ancient Medicine 001,CLS-STDY,4.09,3.71,36,2025Spring,2,Good,Light,Medium
124982,SPANSH 10,"Introduction to the Spanish-speaking World I: Histories, Cultures, and Traditions. 001",SPANSH,5.0,5.4,8,2025Spring,6,Excellent,Moderate,Small
125011,SPANSH 20,Intermediate Spanish: Language and Culture in the Hispanic World 001,SPANSH,3.5,6.3,14,2025Spring,6,Satisfactory,Moderate,Small
125014,SPANSH 40,Advanced Spanish Language I: Viewing the Hispanic World 001,SPANSH,5.0,3.75,16,2025Spring,6,Excellent,Light,Medium
125049,HIST 1024,The British Empire 001,HIST,4.71,3.61,74,2023Fall,2,Excellent,Light,Large
125058,SPANSH 11,"Introduction to the Spanish-speaking World II: Social, Cultural, and Sustainability Topics 001",SPANSH,4.2,3.22,15,2025Spring,6,Good,Light,Medium
125061,ITAL 11,Beginning Italian II - Parliamo Italiano! The Art & Craft of Italy 001,ITAL,4.67,8.0,9,2025Spring,5,Excellent,Moderate,Small
125089,SOCIOL 2205,Sociological Research Design 001,SOCIOL,4.57,8.0,12,2024Fall,2,Excellent,Moderate,Small
125097,HIST 3920A,Colloquium on Teaching and Professional Practices 001,HIST,4.0,1.33,12,2024Fall,2,Good,Light,Small
125125,RELIGION 55,Denying and Defending God: Classic Texts of Modern Western Religious Thought 1,RELIGION,5.0,4.83,7,2024Spring,1,Excellent,Moderate,Small
125185,SCRB 190,"Understanding Aging: Degeneration, Regeneration, and the Scientific Search for the Fountain of Youth 01",SCRB,4.43,3.08,29,2024Fall,3,Good,Light,Medium
125186,GENED 1057,Poetry Without Borders 001,GENED,3.69,4.17,57,2024Spring,1,Satisfactory,Moderate,Large
125200,SCRB 167,Stem Cell Therapeutics: Exploring the Science and the Patient Experience 01,SCRB,4.54,4.27,19,2025Spring,3,Excellent,Moderate,Medium
125211,GOV 94OA,Inequality and American Democracy 001,GOV,4.5,7.43,11,2025Spring,3,Excellent,Moderate,Small
125212,MUSIC 51A,Analyzing Tonal Music I 001,MUSIC,3.89,4.76,25,2024Fall,3,Satisfactory,Moderate,Medium
125213,MUSIC 51B,Theory Ib 001,MUSIC,3.5,4.5,11,2023Spring,1,Satisfactory,Moderate,Small
125216,GENED 1097,"Tradition, Performance, and Culture 001",GENED,3.3,4.86,36,2022Fall,1,Below Average,Moderate,Medium
125227,EXPOS 40,Public Speaking Practicum 003,EXPOS,4.95,3.51,14,2025Spring,6,Excellent,Light,Small
125262,BIOSTAT 238,Principles and Advanced Topics in Clinical Trials 001,BIOSTAT,2.83,7.17,9,2023Spring,1,Below Average,Moderate,Small
125372,ECON 2410A,Macro-Finance: Rational and Behavioral 001,ECON,4.67,7.25,23,2025Spring,3,Excellent,Moderate,Medium
125374,ENG-SCI 301,SEAS Teaching Practicum 001,ENG-SCI,4.4,1.0,7,2023Spring,1,Good,Light,Small
125380,ENG-SCI 231,Energy Technology 001,ENG-SCI,4.21,10.64,16,2025Spring,2,Good,Heavy,Medium
125396,MATH 18A,Multivariable Calculus for Social Sciences 001,MATH,4.43,9.36,20,2024Fall,3,Good,Heavy,Medium
125407,COMPSCI 1050,Privacy and Technology 001,COMPSCI,4.72,6.13,47,2024Fall,3,Excellent,Moderate,Medium
125496,GENED 1159,American Capitalism 001,GENED,4.06,5.0,93,2024Spring,1,Good,Moderate,Large
125517,HIST 74N,U.S. History: Major Themes in the Twentieth Century 01,HIST,4.43,5.57,12,2024Spring,2,Good,Moderate,Small
125538,COMPLIT 154,"Music, Literature, and the Voice LEC",COMPLIT,4.57,5.57,39,2025Spring,1,Excellent,Moderate,Medium
125573,GOV 94EK,Globalization and Private Governance 001,GOV,4.5,3.92,16,2024Fall,3,Excellent,Light,Medium
125588,ANTHRO 1080,American History Before Columbus 001,ANTHRO,4.4,2.79,21,2024Spring,1,Good,Light,Medium
125611,GENED 1042,Anime as Global Popular Culture 001,GENED,4.13,5.0,34,2025Spring,3,Good,Moderate,Medium
125614,ANTHRO 2250A,Proseminar in Archaeology 001,ANTHRO,4.33,8.67,6,2022Fall,1,Good,Heavy,Small
125615,JAPNLIT 162,"Girl Culture, Media, and Japan 01",JAPNLIT,4.83,4.5,10,2024Spring,1,Excellent,Moderate,Small
125650,MES 299B,Master's Thesis - Middle Eastern Studies 001,MES,3.67,14.0,6,2025Spring,1,Satisfactory,Heavy,Small
125656,PHYSICS 129,Energy Science 001,PHYSICS,4.29,7.54,17,2024Spring,1,Good,Moderate,Medium
125694,CHNSHIS 253,Topics in Late Imperial History 01,CHNSHIS,4.89,16.14,19,2024Fall,1,Excellent,Heavy,Medium
125716,ECON 1425,Political Economics 001,ECON,5.0,8.57,18,2025Spring,3,Excellent,Heavy,Medium
125790,LING 104,Word Structure 001,LING,4.71,5.14,9,2024Fall,2,Excellent,Moderate,Small
125800,SCRB 10,Human Developmental and Regenerative Biology 001,SCRB,4.29,9.41,38,2024Fall,3,Good,Heavy,Medium
125803,NEURO 180,"Development, Plasticity, and Regeneration in the Mammalian Brain 001",NEURO,4.31,5.5,19,2024Fall,1,Good,Moderate,Medium
125804,SCRB 91R,Introduction to Research 001,SCRB,4.38,14.38,15,2023Fall,1,Good,Heavy,Medium
125813,JAPAN 210A,Reading Scholarly Japanese for Students of Chinese and Korean 001,JAPAN,4.6,6.67,6,2023Fall,1,Excellent,Moderate,Small
125825,CELLBIO 212,Biology of the Cancer Cell: From Molecular Mechanisms to Therapeutic Implications 0001,CELLBIO,4.38,2.46,28,2025Spring,2,Good,Light,Medium
125860,GOV 1092,Progressive Alternatives: Institutional Reconstruction Now 001,GOV,3.89,3.44,14,2024Spring,2,Satisfactory,Light,Small
125880,ASTRON 100,Methods of Observational Astronomy 001,ASTRON,4.75,8.75,6,2025Spring,3,Excellent,Heavy,Small
125881,ASTRON 110,Exoplanets 001,ASTRON,4.75,6.67,19,2024Fall,2,Excellent,Moderate,Medium
125883,ASTRON 130,Cosmology 1,ASTRON,4.75,4.81,20,2024Fall,2,Excellent,Moderate,Medium
125884,ASTRON 17,Galactic and Extragalactic Astronomy 001,ASTRON,3.44,6.83,22,2024Fall,3,Below Average,Moderate,Medium
125910,ISLAMCIV 186,Ismaili History and Thought 001,ISLAMCIV,5.0,8.25,8,2022Fall,1,Excellent,Heavy,Small
125932,GENED 1079,Why Is There No Cure for Health? 001,GENED,4.26,4.84,83,2023Fall,2,Good,Moderate,Large
125964,FRSEMR 35E,What is Beauty? 001,FRSEMR,3.67,3.0,8,2022Fall,1,Satisfactory,Light,Small
125979,PSY 1654,"What Infants Know, How Children Learn 001",PSY,4.8,8.2,7,2023Spring,1,Excellent,Heavy,Small
125982,SOC-STD 98LF,Globalization and the Nation State 001,SOC-STD,4.8,6.25,10,2024Fall,3,Excellent,Moderate,Small
126001,GOV 2328,Electoral Politics 001,GOV,4.71,5.43,9,2024Spring,2,Excellent,Moderate,Small
126004,GENED 1110,Classical Mythology: Myth in Antiquity and Today 001,GENED,3.78,3.36,77,2024Spring,2,Satisfactory,Light,Large
126035,CHEM 154,Advanced Inorganic Chemistry 001,CHEM,4.43,6.57,15,2024Spring,2,Good,Moderate,Medium
126038,FRENCH 180,"""The Words to Say It"": 20th-century Women Writing in French, From Colette to Satrapi 001",FRENCH,4.75,4.08,19,2023Spring,1,Excellent,Moderate,Medium
126065,ANE 120B,Introduction to the Hebrew Bible/Old Testament 2: Latter Prophets and Writings 001,ANE,4.88,4.71,14,2025Spring,2,Excellent,Moderate,Small
126074,ECON 2465,Health Economics 001,ECON,5.0,13.25,13,2025Spring,3,Excellent,Heavy,Small
126103,E-PSCI 182,Stratigraphy and Sedimentology 001,E-PSCI,4.14,4.29,9,2024Fall,1,Good,Moderate,Small
126109,CLASSIC 98,Tutorial - Junior Year 001,CLASSIC,5.0,4.6,5,2024Fall,2,Excellent,Moderate,Small
126154,SCRB 155,Epigenetics and Gene Regulation of Human Development and Disease 001,SCRB,4.0,7.0,17,2025Spring,2,Good,Moderate,Medium
126174,E-PSCI 53,Marine Geochemistry 001,E-PSCI,4.8,4.4,8,2024Fall,3,Excellent,Moderate,Small
126176,E-PSCI 286,Oxygen (and oxidant) budgets through time 001,E-PSCI,5.0,4.5,5,2024Fall,2,Excellent,Moderate,Small
126181,AFVS 54S,Animating Science 1,AFVS,4.78,6.67,12,2024Spring,1,Excellent,Moderate,Small
126190,ANTHRO 2855,Deep China: The Moral Life of the Person: What Anthropology and Psychiatry Tell Us About Personal... 001,ANTHRO,4.4,8.2,16,2024Spring,1,Good,Heavy,Medium
126193,GENED 1063,World Health: Challenges and Opportunities 001,GENED,4.34,3.9,103,2024Spring,2,Good,Light,Large
126199,EASTD 141,East Asian Religions: Traditions and Transformations 01,EASTD,4.83,3.67,11,2025Spring,2,Excellent,Light,Small
126211,FRSEMR 33O,Animation--Getting Your Hands on Time 001,FRSEMR,4.3,5.0,10,2022Fall,1,Good,Moderate,Small
126248,SOCIOL 98M,Junior Tutorial: Social Class 001,SOCIOL,4.86,6.0,12,2025Spring,2,Excellent,Moderate,Small
126258,GOV 40,International Conflict and Cooperation 001,GOV,3.69,6.04,47,2025Spring,3,Satisfactory,Moderate,Medium
126269,MICROBI 202,Mechanisms of Bacterial Pathogenesis and Host Immune Response 001,MICROBI,4.33,4.5,13,2024Fall,2,Good,Moderate,Small
126271,MICROBI 201,Molecular Biology of the Bacterial Cell 001,MICROBI,4.8,9.0,15,2025Spring,2,Excellent,Heavy,Medium
126275,MUSIC 127R,Intensive Conducting 001,MUSIC,5.0,4.75,7,2023Fall,2,Excellent,Moderate,Small
126300,AMHARIC AA,Elementary Amharic 001,AMHARIC,4.0,2.17,14,2023Fall,1,Good,Light,Small
126306,HAITIAN AA,Elementary Haitian Creole 001,HAITIAN,1.6,1.33,5,2023Fall,2,Below Average,Light,Small
126308,IGBO AA,Elementary Igbo 001,IGBO,4.0,5.5,9,2024Fall,3,Good,Moderate,Small
126316,ZULU AA,Elementary Zulu 001,ZULU,4.82,4.65,35,2024Fall,3,Excellent,Moderate,Medium
126347,GOV 2093,Political Theory Field Seminar 001,GOV,4.25,6.0,15,2025Spring,2,Good,Moderate,Medium
126403,E-PSCI 239,"The Climate Energy Challenge: A Foundation in Science, Technology and Policy 001",E-PSCI,4.71,5.67,14,2024Fall,1,Excellent,Moderate,Small
126477,E-PSCI 261,Sea Level Change and the Human Experience 001,E-PSCI,4.89,3.75,13,2025Spring,1,Excellent,Light,Small
126514,HAA 310B,"Works of Art: Materials, Forms, Histories 001",HAA,4.33,1.67,10,2025Spring,2,Good,Light,Small
126531,MOD-HEB 130B,Advanced Modern Hebrew II 001,MOD-HEB,5.0,6.25,5,2023Spring,1,Excellent,Moderate,Small
126539,HAA 97R,The Sophomore Seminar 001,HAA,3.8,7.75,10,2025Spring,6,Satisfactory,Moderate,Small
126545,HIST 1323,"German Social Thought, Nietzsche to Habermas 01",HIST,4.56,6.77,42,2023Fall,1,Excellent,Moderate,Medium
126546,HIST 1324,"French Social Thought, Durkheim to Foucault 01",HIST,4.75,6.08,49,2024Spring,1,Excellent,Moderate,Medium
126551,PSY 14,Cognitive Neuroscience 001,PSY,4.05,5.18,22,2024Fall,3,Good,Moderate,Medium
126556,PSY 1005,Health: A Positive Psychology Perspective 001,PSY,4.78,3.84,75,2024Fall,3,Excellent,Light,Large
126603,GENED 1031,Finding Our Way 001,GENED,4.45,3.67,36,2024Fall,1,Good,Light,Medium
126627,JAPNHIST 270,Early Modern Japanese History: Proseminar 01,JAPNHIST,5.0,4.8,7,2024Spring,1,Excellent,Moderate,Small
126633,GENED 1094,"Confronting Climate Change: A Foundation in Science, Technology and Policy 001",GENED,3.82,4.14,135,2024Fall,3,Satisfactory,Moderate,Large
126638,GENED 1104,Science and Cooking: From Haute Cuisine to Soft Matter Science 001,GENED,4.31,4.46,70,2024Fall,3,Good,Moderate,Large
126641,GENED 1099,Pyramid Schemes: What Can Ancient Egyptian Civilization Teach Us? 001,GENED,3.88,5.49,63,2025Spring,2,Satisfactory,Moderate,Large
126648,SWEDISH 10B,Beginning Swedish Language and Literature 001,SWEDISH,4.8,4.6,7,2025Spring,2,Excellent,Moderate,Small
126650,SCAND 90R.C,Norwegian 002,SCAND,4.25,6.0,7,2025Spring,2,Good,Moderate,Small
126728,AFRAMER 124,"Tobacco and Sugar, Seminar in Caribbean Counterpoints 001",AFRAMER,4.14,8.0,12,2025Spring,1,Good,Moderate,Small
126744,SCRB 140,Biology of Human Growth and Cancer 001,SCRB,4.67,2.83,8,2024Spring,1,Excellent,Light,Small
126777,ECON 980B,Education in the Economy 001,ECON,4.56,5.78,11,2025Spring,3,Excellent,Moderate,Small
126812,TDM 131,Directing Lab 001,TDM,5.0,4.5,10,2025Spring,2,Excellent,Moderate,Small
126838,FYSEMR 35N,The Art and Craft of Acting 001,FYSEMR,4.82,4.27,12,2024Fall,3,Excellent,Moderate,Small
126853,SPANSH 71B,"Introduction to Modern Latin American Literature: Gender, Genre, and Canon 001",SPANSH,3.4,6.2,7,2024Spring,1,Below Average,Moderate,Small
126860,SPANSH 80T,Words of Which History is Made: Translation Workshop on Modern Spain 001,SPANSH,5.0,1.75,12,2023Fall,2,Excellent,Light,Small
126908,GENED 1123,Islam and Politics in the Modern Middle East 001,GENED,4.09,5.94,81,2024Fall,2,Good,Moderate,Large
126926,GOV 1372,Political Psychology 001,GOV,4.66,4.82,61,2023Fall,1,Excellent,Moderate,Large
126933,FRENCH 10,Beginning French I: Cross-Cultural Encounters in French 001,FRENCH,4.89,5.67,13,2025Spring,6,Excellent,Moderate,Small
126935,FRENCH 11,Beginning French II: Paris in Virtual Reality 002,FRENCH,4.33,3.5,8,2025Spring,6,Good,Light,Small
126938,FRENCH 20,Intermediate French: Francophone Culture in Local Communities 002,FRENCH,4.67,6.67,9,2025Spring,6,Excellent,Moderate,Small
126942,FRENCH 30,Upper level French : Current Events and Media in the Francophone World 002,FRENCH,3.8,3.44,14,2025Spring,6,Satisfactory,Light,Small
126944,BIOSTAT 281,Genomic Data Manipulation 001,BIOSTAT,2.67,8.4,21,2025Spring,3,Below Average,Heavy,Medium
126997,FRENCH 40,Advanced French I: The Contemporary Francophone World Through Cinema 001,FRENCH,5.0,5.8,7,2025Spring,6,Excellent,Moderate,Small
126998,FRENCH 50,"Advanced French II: Justice, Equity, Rights, and Language 001",FRENCH,4.27,5.91,14,2025Spring,6,Good,Moderate,Small
127050,ANTHRO 1250,"The Pyramids of Giza: Technology, Archaeology, History 001",ANTHRO,5.0,3.86,10,2024Fall,2,Excellent,Light,Small
127064,GOV 1115,Protest Movements from Chartism to BLM 001,GOV,3.38,4.67,18,2022Fall,1,Below Average,Moderate,Medium
127078,PSY 1901,Methods of Behavioral Research 001,PSY,3.95,4.75,39,2025Spring,6,Satisfactory,Moderate,Medium
127177,AFVS 24,"Painting, Smoking, Eating 1",AFVS,4.86,10.86,13,2024Spring,2,Excellent,Heavy,Small
127184,MUSIC 220R,History of Music Theory SEM,MUSIC,4.71,6.14,12,2024Fall,1,Excellent,Moderate,Small
127206,HEB 110,Research in Human Biomechanics and Physiology 001,HEB,4.86,6.0,9,2025Spring,3,Excellent,Moderate,Small
127207,BBS 301,Embedded Teaching Practicum (for Graduate Teaching Fellows) 001,BBS,2.5,1.2,23,2022Fall,1,Below Average,Light,Medium
127369,CELTIC 106,Warriors and Wonders: The Folklore of Gaelic Scotland 001,CELTIC,4.73,4.42,23,2025Spring,2,Excellent,Moderate,Medium
127382,GOV 2887,International Politics in the Post-Soviet Space 001,GOV,4.11,6.56,12,2022Fall,1,Good,Moderate,Small
127465,HAA 171M,Architecture and Utopia in the 20th Century  001,HAA,4.83,7.5,10,2023Fall,1,Excellent,Moderate,Small
127469,AFVS 60X,Approaching Narrative: Introduction to Fiction Filmmaking 1,AFVS,4.29,6.14,9,2025Spring,3,Good,Moderate,Small
127491,TAM 101A,Elementary Tamil 001,TAM,4.86,5.71,9,2024Fall,2,Excellent,Moderate,Small
127492,TAM 101B,Elementary Tamil 001,TAM,4.71,5.86,8,2025Spring,2,Excellent,Moderate,Small
127507,MED-SCI 300QC,Responsible Conduct of Science 001,MED-SCI,3.4,1.87,176,2024Fall,3,Below Average,Light,Large
127519,ECON 1432,Economics of European Integrations 001,ECON,4.15,4.33,22,2024Fall,3,Good,Moderate,Medium
127533,RUSS 113,Fourth-Year Russian: Language through Literature 001,RUSS,5.0,6.6,6,2024Fall,2,Excellent,Moderate,Small
127556,SPANSH 109,Displacing Spain: Translating Transatlantic Poetry on 20th- and 21st-Century Spain 001,SPANSH,4.92,3.64,14,2023Spring,1,Excellent,Light,Small
127561,APMTH 207,"Advanced Scientific Computing: Stochastic Methods for Data Analysis, Inference and Optimization 001",APMTH,4.03,9.74,50,2024Fall,3,Good,Heavy,Medium
127565,SCRB 157,A World of RNA: An RNA-centric view of life 01,SCRB,4.25,5.27,20,2025Spring,3,Good,Moderate,Medium
127572,ESPP 90S,"The Technology, Economics, and Public Policy of Renewable Energy SEM",ESPP,4.52,3.58,39,2025Spring,3,Excellent,Light,Medium
127573,SPANSH 61N,The Ethics of Business in Latin America 001,SPANSH,4.5,5.8,7,2024Fall,3,Excellent,Moderate,Small
127589,ENG-SCI 176,Introduction to Microelectromechanical Systems 001,ENG-SCI,4.29,8.71,13,2023Fall,2,Good,Heavy,Small
127590,ENG-SCI 276,Introduction to Microelectromechanical Systems 001,ENG-SCI,4.29,8.71,13,2023Fall,2,Good,Heavy,Small
127601,BPH 304QC,Eradicating Malaria and Neglected Tropical Diseases 001,BPH,4.67,2.0,8,2024Fall,2,Excellent,Light,Small
127639,ENG-SCI 227,Medical Device Design 001,ENG-SCI,4.11,16.78,16,2025Spring,3,Good,Heavy,Medium
127654,HIST-LIT 90AN,God Save the Queen! Ruling Women from Rome to the Renaissance 001,HIST-LIT,4.1,4.8,14,2024Fall,2,Good,Moderate,Small
127668,MUSIC 123R,Performing Bach Cantatas SEM,MUSIC,4.25,3.73,22,2024Fall,1,Good,Light,Medium
127724,GERMAN 115,Deutsche Komödie 1,GERMAN,5.0,6.4,5,2023Fall,1,Excellent,Moderate,Small
127768,STAT 98,Tutorial - Junior Year 001,STAT,3.4,6.6,7,2024Spring,2,Below Average,Moderate,Small
127804,ARABIC BB,Intermediate Arabic II 001,ARABIC,4.08,12.23,6,2025Spring,3,Good,Heavy,Small
127817,SOC-STD 98NB,Inequality and Social Mobility in America 001,SOC-STD,4.75,7.5,9,2022Fall,1,Excellent,Moderate,Small
127836,HAA 194W,World Fairs 001,HAA,4.44,3.13,13,2024Spring,1,Good,Light,Small
127856,STAT 244,Linear and Generalized Linear Models 001,STAT,4.45,7.62,60,2024Fall,2,Good,Moderate,Large
127859,FOLKMYTH 172,Quilts and Quiltmaking 001,FOLKMYTH,4.63,5.0,12,2025Spring,3,Excellent,Moderate,Small
127863,PORTUG 11,Beginning Portuguese II: Beyond Copacabana 001,PORTUG,5.0,4.0,7,2023Spring,1,Excellent,Moderate,Small
127889,ITAL 50,Advanced Italian II: Advanced Written Expression - Writing for Social Justice 001,ITAL,4.8,7.0,13,2025Spring,3,Excellent,Moderate,Small
127937,COMPSCI 246,Advanced Computer Architecture 001,COMPSCI,4.36,6.44,16,2024Spring,2,Good,Moderate,Medium
127947,MATH 117,Probability and Random Processes with Economic Applications 001,MATH,3.6,5.0,10,2025Spring,1,Satisfactory,Moderate,Small
127948,HIST 1405,"American Legal History, 1776-1865 01",HIST,4.0,7.33,12,2023Fall,1,Good,Moderate,Small
127960,AFRAMER 191X,African American Lives in the Law 001,AFRAMER,4.5,7.67,12,2025Spring,3,Excellent,Moderate,Small
127972,FYSEMR 23Y,All Physics in 13 Days 001,FYSEMR,4.0,1.5,9,2023Fall,1,Good,Light,Small
127974,JAPAN 150B,Readings and Discussion in Japanese Social Sciences 001,JAPAN,5.0,6.8,6,2024Spring,2,Excellent,Moderate,Small
127976,FYSEMR 24G,A Brief History of Surgery 001,FYSEMR,4.73,2.4,12,2024Fall,3,Excellent,Light,Small
127979,PHYSICS 295B,Quantum Theory of Solids 001,PHYSICS,4.5,7.0,13,2025Spring,3,Excellent,Moderate,Small
127980,PHYSICS 295A,Introduction to Quantum Theory of Solids 001,PHYSICS,4.4,9.79,24,2024Fall,3,Good,Heavy,Medium
128002,ANTHRO 2085,Archaeology of Ritual and Religion 001,ANTHRO,4.83,9.6,7,2024Spring,1,Excellent,Heavy,Small
128009,GOV 94OF,Law and Politics in Multicultural Democracies 001,GOV,4.62,4.33,14,2024Fall,3,Excellent,Moderate,Small
128024,GOV 1510,American Constitutional Law 001,GOV,4.55,6.03,132,2023Fall,1,Excellent,Moderate,Large
128026,AFVS 125S,Postcards from Volcanoes: Studio Course 001,AFVS,3.88,6.43,12,2023Spring,1,Satisfactory,Moderate,Small
128057,SOC-STD 98ND,Justice and Reconciliation after Mass Violence 001,SOC-STD,4.75,6.67,6,2024Fall,2,Excellent,Moderate,Small
128073,COMPSCI 20,Discrete Mathematics for Computer Science 001,COMPSCI,3.38,9.57,84,2025Spring,4,Below Average,Heavy,Large
128103,APCOMP 275,Computational Design of Materials 001,APCOMP,4.46,11.0,22,2024Spring,2,Good,Heavy,Medium
128104,COMPSCI 2050,High Performance Computing for Science and Engineering 001,COMPSCI,4.07,7.28,60,2025Spring,3,Good,Moderate,Large
128105,APCOMP 207,Systems Development for Computational Science 001,APCOMP,1.94,8.88,171,2023Fall,2,Below Average,Heavy,Large
128114,COMPLIT 131,"The Arab American Experience in Fiction, Film, and Popular Culture SEM",COMPLIT,4.88,4.63,8,2023Fall,1,Excellent,Moderate,Small
128118,FYSEMR 24K,The Surprising Science of Happiness 001,FYSEMR,3.89,1.75,13,2024Spring,2,Satisfactory,Light,Small
128122,FYSEMR 24U,“How Did I Get Here?”—Appreciating “Normal” Child Development 001,FYSEMR,4.56,1.22,12,2025Spring,3,Excellent,Light,Small
128124,FYSEMR 36G,The Creative Work of Translating 01,FYSEMR,4.4,2.7,13,2023Fall,2,Good,Light,Small
128149,COMPSCI 247R,Advanced Topics in Computer Architecture 001,COMPSCI,4.67,11.6,8,2022Fall,1,Excellent,Heavy,Small
128155,HAA 18P,Introduction to Japanese Woodblock Prints 001,HAA,5.0,5.0,28,2024Spring,1,Excellent,Moderate,Medium
128164,COMPSCI 1360,Economics and Computation 001,COMPSCI,4.46,7.28,97,2025Spring,2,Good,Moderate,Large
128209,COMPLIT 274,Politics of Aesthetics: New Materialisms and Environmental Humanities SEM,COMPLIT,4.38,6.43,11,2024Spring,1,Good,Moderate,Small
128224,E-PSCI 50,"The Fluid Earth: Oceans, Atmosphere, Climate, and Environment 001",E-PSCI,3.87,4.6,17,2023Fall,2,Satisfactory,Moderate,Medium
128265,ITAL 20,Intermediate Italian: The Colors of Italian Pop Lit 001,ITAL,5.0,7.0,6,2025Spring,4,Excellent,Moderate,Small
128266,ITAL 30,Upper-Level Italian: Italiano in Verde: Sustainability Issues in the Italian Classroom 001,ITAL,4.67,6.17,9,2025Spring,4,Excellent,Moderate,Small
128283,GOV 2340A,Proseminar on Inequality and Social Policy I 001,GOV,4.0,4.75,10,2024Fall,1,Good,Moderate,Small
128327,GENED 1133,Is the U.S. Civil War Still Being Fought? 001,GENED,4.15,4.3,110,2025Spring,3,Good,Moderate,Large
130000,ENGLISH CHCR,Advanced Poetry: Workshop 001,ENGLISH,4.9,4.71,11,2025Spring,4,Excellent,Moderate,Small
130236,OEB 50,Genetics and Genomics 001,OEB,4.0,5.38,31,2024Fall,3,Good,Moderate,Medium
130245,ENGLISH 182,Science Fiction 001,ENGLISH,4.55,4.09,35,2022Fall,1,Excellent,Moderate,Medium
130246,ENGLISH 184,Foundations of Lyric Poetry 001,ENGLISH,4.7,3.67,17,2023Spring,1,Excellent,Light,Medium
130247,ENGLISH 90QM,Metaphysical Poetry: The Seventeenth-Century Lyric and Beyond 001,ENGLISH,3.9,4.8,11,2024Fall,3,Satisfactory,Moderate,Small
130331,OEB 56,The History and Evolution of Life on Earth 001,OEB,4.17,4.33,15,2025Spring,3,Good,Moderate,Medium
130342,IMMUN 305QC,Neuroimmune interactions in health and disease 001,IMMUN,4.72,2.0,33,2025Spring,3,Excellent,Light,Medium
130614,IMMUN 307QC,Cancer Immunology 001,IMMUN,4.4,4.4,16,2024Fall,3,Good,Moderate,Medium
130670,ENGLISH 90FD,The Rhetoric of Frederick Douglass and Abraham Lincoln 001,ENGLISH,4.8,4.79,28,2024Fall,2,Excellent,Moderate,Medium
130807,ENGLISH 90YP,W.B. Yeats: Seminar 001,ENGLISH,4.5,5.0,8,2023Spring,1,Excellent,Moderate,Small
130911,ENGLISH 239,English Literature in the Continental Renaissance: Graduate Seminar 001,ENGLISH,4.75,10.5,8,2024Spring,1,Excellent,Heavy,Small
130958,ENGLISH 90CP,Contemporary American Plays: Seminar 001,ENGLISH,4.27,4.9,13,2023Spring,1,Good,Moderate,Small
131261,OEB 212R,Advanced Topics in Plant Physiology 001,OEB,4.5,7.75,9,2025Spring,1,Excellent,Moderate,Small
131270,ENG-SCI 120,Introduction to the Mechanics of Solids 001,ENG-SCI,3.4,7.67,44,2025Spring,3,Below Average,Moderate,Medium
131331,APPHY 195A,Introduction to Solid State Physics 001,APPHY,4.75,7.25,24,2024Fall,3,Excellent,Moderate,Medium
131334,CHNSHIS 270A,Research Methods in Late Imperial Chinese History I: Seminar 01,CHNSHIS,4.83,13.5,10,2023Fall,1,Excellent,Heavy,Small
131392,APPHY 284,Statistical Mechanics 001,APPHY,4.1,10.83,57,2024Fall,3,Good,Heavy,Large
131407,ENG-SCI 201,Decision Theory 001,ENG-SCI,4.39,8.41,24,2024Spring,2,Good,Heavy,Medium
131446,OEB 57,Animal Behavior 001,OEB,4.05,4.51,63,2024Spring,2,Good,Moderate,Large
131493,COMPSCI 153,Compilers 001,COMPSCI,4.48,10.67,35,2023Fall,1,Good,Heavy,Medium
131521,ENG-SCI 240,Solid Mechanics 001,ENG-SCI,4.33,10.67,12,2024Fall,2,Good,Heavy,Small
131554,ENG-SCI 159,Introduction to Robotics 001,ENG-SCI,4.18,11.55,21,2024Fall,3,Good,Heavy,Medium
131579,OEB 52,Biology of Plants 001,OEB,4.93,4.85,38,2025Spring,2,Excellent,Moderate,Medium
131583,OEB 252,Coalescent Theory 001,OEB,4.45,5.5,15,2024Fall,2,Good,Moderate,Medium
131584,OEB 253R,Evolutionary Genetics Seminar 001,OEB,4.8,3.3,12,2023Spring,1,Excellent,Light,Small
132056,GOV 2131,Comparative Politics of Latin America 001,GOV,4.91,11.64,13,2024Spring,1,Excellent,Heavy,Small
132127,APMTH 101,Statistical Inference for Scientists and Engineers 001,APMTH,3.43,6.32,56,2024Spring,2,Below Average,Moderate,Large
132206,OEB 55,"Ecology: Populations, Communities, and Ecosystems 001",OEB,3.38,5.0,13,2024Fall,3,Below Average,Moderate,Small
132738,PHIL 14,Morality and the Good Life: An Introduction to Ethics 001,PHIL,4.33,4.42,18,2024Fall,2,Good,Moderate,Medium
132844,ENGLISH 10,Literature Today 001,ENGLISH,2.91,4.37,34,2024Fall,3,Below Average,Moderate,Medium
133181,PHIL 6,Ancient Ethics and Modern Morality 001,PHIL,3.67,4.43,26,2022Fall,1,Satisfactory,Moderate,Medium
133281,PHYSICS 245,Particle Physics 001,PHYSICS,4.9,8.88,12,2024Fall,2,Excellent,Heavy,Small
133525,ENG-SCI 128,Computational Solid and Structural Mechanics 001,ENG-SCI,4.4,14.6,14,2024Fall,3,Good,Heavy,Small
134052,ENG-SCI 259,Advanced Introduction to Robotics 001,ENG-SCI,4.18,11.55,21,2024Fall,3,Good,Heavy,Medium
134075,COMPLIT 290,Migration and the Humanities SEM,COMPLIT,4.5,6.44,21,2025Spring,1,Excellent,Moderate,Medium
134096,CHEM 245,Quantum Chemistry: Theory and Practice LEC,CHEM,4.56,10.88,15,2025Spring,2,Excellent,Heavy,Medium
134893,FOLKMYTH 97,Fieldwork and Ethnography in Folklore: A Tutorial in Cultural Documentation and Community Engagement 001,FOLKMYTH,4.8,5.2,8,2025Spring,2,Excellent,Moderate,Small
135449,APMTH 106,Algebra for Models and Data 001,APMTH,4.2,7.22,10,2025Spring,1,Good,Moderate,Small
135598,ENG-SCI 181,Engineering Thermodynamics 001,ENG-SCI,3.41,10.51,64,2024Fall,3,Below Average,Heavy,Large
136603,PHIL 186,Feminism in Arts and Sciences 001,PHIL,4.5,7.88,11,2023Spring,1,Excellent,Moderate,Small
137124,SLAVIC 165,Poetics of Resistance: An Introduction to Ukrainian Literature 001,SLAVIC,5.0,6.6,5,2024Fall,1,Excellent,Moderate,Small
137573,ESE 162,Hydrology 001,ESE,4.13,4.75,11,2023Spring,1,Good,Moderate,Small
138072,MUSIC 142R,Foundations of Modern Jazz LEC,MUSIC,4.67,4.33,11,2024Fall,2,Excellent,Moderate,Small
138516,PHYSICS 286,"Inference, Information Theory, Learning and Statistical Mechanics 001",PHYSICS,4.19,10.88,42,2023Fall,2,Good,Heavy,Medium
139163,PHIL 166,Ethics of Computing Technologies 001,PHIL,4.09,5.27,14,2023Spring,1,Good,Moderate,Small
140008,ENG-SCI 50,Introduction to Electrical Engineering 001,ENG-SCI,3.51,9.8,98,2025Spring,3,Satisfactory,Heavy,Large
140523,LING 103,Language and Society 001,LING,4.6,3.56,11,2024Fall,3,Excellent,Light,Small
140622,MUSIC 121,Choral Conducting 001,MUSIC,4.83,3.8,11,2023Spring,1,Excellent,Light,Small
140830,OEB 130,Biology of Fishes 001,OEB,4.96,2.88,34,2023Spring,1,Excellent,Light,Medium
141012,SPANSH 122,Spanish Film from Buñuel to Almodóvar 001,SPANSH,5.0,5.0,13,2022Fall,1,Excellent,Moderate,Small
141253,APPHY 216,Quantum and Classical Electromagnetic Interaction with Matter 001,APPHY,4.41,8.3,43,2025Spring,2,Good,Heavy,Medium
141608,PHIL 18,Human Ethics: A Brief History 001,PHIL,4.33,3.92,44,2025Spring,3,Good,Light,Medium
141676,FOLKMYTH 100,Introduction to Folklore & Mythology 001,FOLKMYTH,4.32,2.75,32,2023Fall,1,Good,Light,Medium
141859,BCMP 213,Behavioral Pharmacology 0001,BCMP,4.57,5.14,10,2025Spring,3,Excellent,Moderate,Small
142149,AFVS 167,"Adventure and Fantasy Simulation, 1871-2036: Seminar 001",AFVS,5.0,4.25,12,2025Spring,3,Excellent,Moderate,Small
142192,OEB 114,Vertebrate Viviparity 001,OEB,4.83,2.0,7,2022Fall,1,Excellent,Light,Small
142224,OEB 53,Evolutionary Biology 001,OEB,4.94,5.11,24,2024Fall,3,Excellent,Moderate,Medium
142254,ENG-SCI 202,"Learning, Estimation, and Control of Dynamical Systems 001",ENG-SCI,4.25,8.75,21,2024Spring,1,Good,Heavy,Medium
142447,GENED 1008,Power and Identity in the Middle East 001,GENED,3.89,4.28,79,2024Spring,1,Satisfactory,Moderate,Large
142451,GENED 1136,Power and Civilization: China 001,GENED,4.19,6.35,35,2024Fall,2,Good,Moderate,Medium
142657,HIST 1023,Japan in Asia and the World 001,HIST,4.67,4.08,13,2022Fall,1,Excellent,Moderate,Small
142659,ENG-SCI 242R,Solid Mechanics: Advanced Seminar 001,ENG-SCI,5.0,16.33,9,2022Fall,1,Excellent,Heavy,Small
142688,OEB 155R,Biology of Insects 001,OEB,4.57,9.71,14,2023Fall,1,Excellent,Heavy,Small
142694,MEDVLSTD 117,"English Legal History, 600-1600 001",MEDVLSTD,4.0,6.83,9,2022Fall,1,Good,Moderate,Small
142695,HIST 1878A,"The Ottoman Empire and the World, part one: ca.1000-1550 01",HIST,4.6,6.33,15,2023Spring,1,Excellent,Moderate,Medium
142819,WOMGEN 1210FT,Black Feminist Theory 1,WOMGEN,4.7,4.53,32,2025Spring,2,Excellent,Moderate,Medium
142998,APPHY 282,Solids: Structure and Defects 001,APPHY,3.6,18.0,10,2022Fall,1,Satisfactory,Heavy,Small
143005,ENG-SCI 151,Applied Electromagnetism 001,ENG-SCI,4.94,4.94,29,2025Spring,3,Excellent,Moderate,Medium
143023,GOV 3002A,Teaching and Communicating Political Science 001,GOV,4.0,1.5,16,2024Fall,2,Good,Light,Medium
143028,ANTHRO 97Z,Sophomore Tutorial in Social Anthropology 001,ANTHRO,4.5,7.71,11,2025Spring,3,Excellent,Moderate,Small
143057,HBTM 201,Tumor Microenvironment and Immuno-Oncology: A Systems Biology Approach 0001,HBTM,4.08,3.38,29,2024Fall,2,Good,Light,Medium
143250,HAA 206,Science and the Practice of Art History 001,HAA,4.55,4.64,14,2024Fall,1,Excellent,Moderate,Small
143254,IMMUN 204,Critical Readings for Immunology 001,IMMUN,4.4,6.8,10,2025Spring,3,Good,Moderate,Small
143432,APMTH 105,Ordinary and Partial Differential Equations 001,APMTH,3.95,9.92,99,2025Spring,3,Satisfactory,Heavy,Large
143433,ENG-SCI 154,Advanced Mixed-Signal CMOS Circuits 001,ENG-SCI,4.09,14.2,14,2023Spring,1,Good,Heavy,Small
143445,OEB 59,Plants and Human Affairs 001,OEB,4.63,3.67,35,2022Fall,1,Excellent,Light,Medium
143450,PHYSICS 181,Statistical Mechanics and Thermodynamics 001,PHYSICS,4.15,9.95,54,2025Spring,3,Good,Heavy,Large
143462,ECON 2535,Advanced Topics in International Trade 001,ECON,4.75,8.25,6,2023Spring,1,Excellent,Heavy,Small
143485,OEB 157,Global Change Biology 001,OEB,3.6,3.4,8,2024Fall,1,Satisfactory,Light,Small
143667,COMPSCI 2610,Research Topics in Operating Systems 001,COMPSCI,5.0,6.88,12,2025Spring,1,Excellent,Moderate,Small
143833,EASTD 140,Major Religious Texts of East Asia 01,EASTD,4.83,6.2,11,2025Spring,2,Excellent,Moderate,Small
143845,OEB 275R,Comparative Genomics: Phylogenetic Approaches to Linking Genomes and Phenotypes 001,OEB,4.0,5.71,12,2022Fall,1,Good,Moderate,Small
143846,OEB 190,Biology and Diversity of Birds 190,OEB,4.64,4.21,21,2024Spring,1,Excellent,Moderate,Medium
143855,APPHY 295A,Introduction to Quantum Theory of Solids 001,APPHY,4.4,9.79,24,2024Fall,3,Good,Heavy,Medium
143870,ENG-SCI 190,Introduction to Materials Science and Engineering 001,ENG-SCI,4.38,4.66,48,2024Spring,2,Good,Moderate,Medium
143892,CHNSE 123XB,Intermediate Modern Chinese for Advanced Beginners 002,CHNSE,4.8,7.2,11,2025Spring,3,Excellent,Moderate,Small
144024,ENG-SCI 247,Fracture Mechanics 001,ENG-SCI,4.71,11.0,11,2025Spring,1,Excellent,Heavy,Small
144157,ENG-SCI 125,Mechanical Systems 001,ENG-SCI,3.47,11.19,38,2024Fall,3,Below Average,Heavy,Medium
144180,OEB 125,"Genome analysis, ecology and evolution 001",OEB,4.08,7.0,13,2023Fall,1,Good,Moderate,Small
144184,SWAHILI BA,Intermediate Swahili 001,SWAHILI,4.0,4.0,5,2022Fall,1,Good,Moderate,Small
144350,ENG-SCI 100HFA,Engineering Design Projects 001,ENG-SCI,3.0,13.23,68,2024Fall,2,Below Average,Heavy,Large
144583,OEB 103,Plant Systematics and Evolution 001,OEB,4.91,4.6,16,2025Spring,1,Excellent,Moderate,Medium
144594,OEB 10,Foundations of Biological Diversity 001,OEB,3.77,6.16,92,2024Fall,3,Satisfactory,Moderate,Large
144597,OEB 51,Biology and Evolution of Invertebrate Animals 001,OEB,4.86,4.57,14,2025Spring,3,Excellent,Moderate,Small
144784,ANE 222,Hebrew Bible Studies: Past and Future Trajectories 001,ANE,4.4,11.8,7,2022Fall,1,Good,Heavy,Small
144952,ENG-SCI 123,Introduction to Fluid Mechanics and Transport Processes 001,ENG-SCI,3.94,8.69,72,2025Spring,3,Satisfactory,Heavy,Large
144983,ENG-SCI 96,Engineering Problem Solving and Design Project 002,ENG-SCI,2.33,6.27,13,2025Spring,6,Below Average,Moderate,Small
145012,OEB 223,Topics in Neurogenetics 001,OEB,4.46,4.42,17,2025Spring,3,Good,Moderate,Medium
145020,OEB 167,Herpetology 001,OEB,4.55,3.65,25,2023Spring,1,Excellent,Light,Medium
145024,PHYSICS 247,Laboratory Course in Contemporary Physics 001,PHYSICS,4.43,8.36,22,2025Spring,6,Good,Heavy,Medium
145140,OEB 119,Deep Sea Biology 001,OEB,4.75,3.97,46,2024Fall,1,Excellent,Light,Medium
145331,SOCIOL 1156,Statistics for Social Sciences 001,SOCIOL,4.27,5.62,38,2024Fall,3,Good,Moderate,Medium
145357,ENGLISH 276X,African-American Literary Tradition 001,ENGLISH,4.75,8.5,14,2025Spring,2,Excellent,Heavy,Small
145402,ENGLISH CAMR,Advanced Playwriting: Workshop 001,ENGLISH,4.5,5.25,11,2025Spring,2,Excellent,Moderate,Small
145409,OEB 242,Population Genetics 001,OEB,3.88,5.13,25,2025Spring,2,Satisfactory,Moderate,Medium
145419,EASTD 97AB,Introduction to the Study of East Asia: Issues and Methods 001,EASTD,4.53,4.66,34,2023Spring,1,Excellent,Moderate,Medium
145426,ENGLISH CNFR,Creative Nonfiction: Workshop 001,ENGLISH,4.71,5.29,9,2025Spring,5,Excellent,Moderate,Small
145857,OEB 145,Genes and Behavior 001,OEB,4.33,6.0,12,2024Fall,2,Good,Moderate,Small
146214,ENGLISH 115B,Chaucer: The Canterbury Tales 001,ENGLISH,4.71,4.0,9,2024Spring,2,Excellent,Moderate,Small
146247,ENGLISH CPWR,Poetry: Workshop 001,ENGLISH,5.0,6.5,13,2024Spring,1,Excellent,Moderate,Small
146257,IMMUN 301QC,Autoimmunity 001,IMMUN,3.4,4.4,8,2023Spring,1,Below Average,Moderate,Small
146590,ENGLISH 181A,Introduction to Asian American Literature: What Is Asian American Literature? 001,ENGLISH,4.53,4.52,38,2022Fall,1,Excellent,Moderate,Medium
146632,ENGLISH CBBR,Intermediate Poetry: Workshop 001,ENGLISH,4.9,3.78,12,2025Spring,5,Excellent,Light,Small
146654,IMMUN 306QC,Systems Immunology 0001,IMMUN,3.86,5.33,13,2023Spring,1,Satisfactory,Moderate,Small
146676,ENGLISH 145A,Jane Austen's Fiction and Fans 001,ENGLISH,4.86,8.55,27,2024Fall,1,Excellent,Heavy,Medium
146697,ENGLISH 251,The Representation of Labor in the 19th-Century Novel: Seminar 001,ENGLISH,4.8,10.75,15,2025Spring,1,Excellent,Heavy,Medium
146761,GOV 1295,Comparative Politics in Latin America 001,GOV,4.71,7.15,51,2024Spring,2,Excellent,Moderate,Large
146772,ENG-SCI 220,Fluid Dynamics 001,ENG-SCI,4.57,12.0,10,2025Spring,1,Excellent,Heavy,Small
146886,PHIL 133,The Art of Living: 19th Century Philosophy 001,PHIL,4.75,5.41,85,2024Fall,2,Excellent,Moderate,Large
146948,APPHY 295B,Quantum Theory of Solids 001,APPHY,4.5,7.0,13,2025Spring,3,Excellent,Moderate,Small
147213,GOV 1735,Controlling the World's Most Dangerous Weapons 001,GOV,4.64,5.8,13,2024Fall,2,Excellent,Moderate,Small
147622,LING 175,Structure of Sign Languages 001,LING,3.6,3.5,9,2025Spring,1,Satisfactory,Light,Small
147748,MEDVLSTD 119,Constitutional and Legal History of Medieval Continental Europe 001,MEDVLSTD,4.5,6.5,7,2025Spring,2,Excellent,Moderate,Small
147979,PHYSICS 268R,Quantum Phases of Matter 001,PHYSICS,4.7,7.0,18,2023Fall,1,Excellent,Moderate,Medium
148122,OEB 106,Plant Development and Differentiation 001,OEB,4.43,4.14,10,2023Fall,1,Good,Moderate,Small
148148,ENG-SCI 156,Signals and Communications 001,ENG-SCI,4.35,10.12,29,2025Spring,3,Good,Heavy,Medium
148156,COMPSCI 1810,Machine Learning 001,COMPSCI,3.46,10.43,96,2025Spring,3,Below Average,Heavy,Large
148158,HIST 1878B,The Ottoman Empire and the World II (1550-1920) 01,HIST,4.27,4.31,22,2023Fall,1,Good,Moderate,Medium
148176,AFVS 160,"Modernization in the Visual United States Environment, 1890-2035 001",AFVS,4.86,4.0,21,2025Spring,3,Excellent,Moderate,Medium
148222,COMPLIT 162,Homer and Beyond: Theory and Comparative Methods in Studying Oral Traditions SEM,COMPLIT,4.93,4.09,60,2025Spring,2,Excellent,Moderate,Large
148242,OEB 399,Topics in Organismic and Evolutionary Biology 001,OEB,3.43,1.0,12,2025Spring,5,Below Average,Light,Small
148273,ECON 985B,Econ 985: Senior Thesis Research S09,ECON,4.39,11.54,10,2025Spring,3,Good,Heavy,Small
148283,GOV 2761,International Organization 001,GOV,4.86,12.33,11,2023Fall,1,Excellent,Heavy,Small
148434,ENG-SCI 51,Computer-Aided Machine Design 001,ENG-SCI,3.52,11.61,46,2025Spring,5,Satisfactory,Heavy,Medium
148503,IMMUN 202,Immune and Inflammatory Diseases 001,IMMUN,4.19,5.33,32,2025Spring,3,Good,Moderate,Medium
148547,IMMUN 201,Advanced Topics in Immunology 001,IMMUN,4.04,12.48,38,2024Fall,3,Good,Heavy,Medium
150189,BE 110,Physiological Systems Analysis 001,BE,3.43,14.05,46,2024Fall,3,Below Average,Heavy,Medium
152514,COMPSCI 50,Introduction to Computer Science 001,COMPSCI,4.27,11.29,24,2025Spring,6,Good,Heavy,Medium
153042,MUSIC 189R,Chamber Music Performance 001,MUSIC,4.9,5.82,48,2025Spring,6,Excellent,Moderate,Medium
156010,MCB 165,Interplay between Viruses and their Hosts 001,MCB,4.0,5.78,32,2025Spring,2,Good,Moderate,Medium
156020,PHIL 101,Plato 001,PHIL,2.53,4.33,21,2022Fall,1,Below Average,Moderate,Medium
156023,PHIL 145,Modal Logic 001,PHIL,3.56,8.38,20,2024Spring,1,Satisfactory,Heavy,Medium
156024,PHIL 173,Metaethics 001,PHIL,4.59,7.0,28,2022Fall,1,Excellent,Moderate,Medium
156025,PHIL 164,Metaphysics 001,PHIL,4.69,5.47,17,2024Fall,2,Excellent,Moderate,Medium
156043,WOMGEN 1210QT,Queer Theory 001,WOMGEN,4.18,5.0,15,2022Fall,1,Good,Moderate,Medium
156089,BBS 330,Critical Thinking and Research Proposal Writing 001,BBS,3.47,7.14,44,2023Fall,2,Below Average,Moderate,Medium
156104,BCMP 236,Principles of Drug Action in People 001,BCMP,4.0,2.45,56,2025Spring,3,Good,Light,Large
156107,GOV 1013,GIS Analysis of Hazard Vulnerability 001,GOV,4.38,5.17,17,2025Spring,1,Good,Moderate,Medium
156115,GOV 1790,American Foreign Policy 001,GOV,4.57,6.63,111,2024Fall,2,Excellent,Moderate,Large
156116,PHIL 139,Later Heidegger 001,PHIL,4.83,5.52,35,2022Fall,1,Excellent,Moderate,Medium
156118,OEB 120,Plants and Climate 001,OEB,3.86,3.95,30,2023Fall,1,Satisfactory,Light,Medium
156119,MATH 145A,Set Theory I 001,MATH,4.33,8.95,26,2024Spring,1,Good,Heavy,Medium
156120,MATH 145B,Set Theory II 001,MATH,4.45,8.6,15,2025Spring,1,Good,Heavy,Medium
156126,PHIL 159S,Skepticism 001,PHIL,4.6,3.0,6,2024Spring,1,Excellent,Light,Small
156137,PHIL 271,Love 001,PHIL,5.0,6.67,13,2023Fall,1,Excellent,Moderate,Small
156172,AFVS 189G,The Frankfurt School on Film and Mass Culture 001,AFVS,4.33,6.4,11,2023Fall,1,Good,Moderate,Small
156174,HEB 118,Building the Human Body 001,HEB,5.0,4.75,8,2024Fall,2,Excellent,Moderate,Small
156182,FYSEMR 41U,Museums in the Aftermath of Covid 001,FYSEMR,5.0,0.5,6,2024Spring,1,Excellent,Light,Small
156186,PHIL 11,Philosophy of Law 001,PHIL,4.05,5.39,27,2023Spring,1,Good,Moderate,Medium
156202,APCOMP 297R,Computational Science and Engineering Capstone Project 001,APCOMP,2.32,6.53,36,2025Spring,5,Below Average,Moderate,Medium
156211,COMPSCI 2243,Algorithms for Data Science 001,COMPSCI,4.5,9.44,14,2024Fall,2,Excellent,Heavy,Small
156219,ENG-SCI 291,Nano Micro Macro: Adaptive Material Laboratory 001,ENG-SCI,3.64,7.55,14,2023Fall,1,Satisfactory,Moderate,Small
156227,MODMDEST 158A,Modern Arabic Literature Seminar: Displacements in Mod. Arabic Lit.: An Introduction 001,MODMDEST,4.8,6.33,10,2024Fall,1,Excellent,Moderate,Small
156241,FYSEMR 34V,"Broadway Musicals:  History , Race, and Performance 001",FYSEMR,4.75,2.8,10,2024Spring,2,Excellent,Light,Small
156250,RELIGION 1497,Evangelicalism in America 01,RELIGION,4.8,4.5,13,2022Fall,1,Excellent,Moderate,Small
156258,RELIGION 1462,Catholicism in America 1,RELIGION,4.5,5.67,8,2023Fall,1,Excellent,Moderate,Small
156263,SOC-STD 98PV,The Critical Theory of the Frankfurt School 001,SOC-STD,5.0,7.29,10,2024Fall,2,Excellent,Moderate,Small
156287,ENG-SCI 111,Introduction to Scientific Computing 001,ENG-SCI,4.25,10.75,10,2023Fall,2,Good,Heavy,Small
156288,ENG-SCI 121,Introduction to Optimization: Models and Methods 001,ENG-SCI,4.22,7.78,74,2024Fall,3,Good,Moderate,Large
156296,RELIGION 1590,Issues in the Study of Native American Religion 01,RELIGION,4.5,5.25,6,2022Fall,1,Excellent,Moderate,Small
156305,LATIN 106B,Virgil's Aeneid 001,LATIN,4.67,6.0,13,2024Fall,1,Excellent,Moderate,Small
156313,CLS-STDY 112,Regional Study: Sicily 001,CLS-STDY,4.4,4.6,11,2025Spring,3,Good,Moderate,Small
156351,SOCIOL 1161,Mixed Methods Research in Sociology 001,SOCIOL,4.43,6.86,11,2025Spring,1,Good,Moderate,Small
156356,ECON 1759,The Financial System and the Central Bank 001,ECON,4.38,4.78,191,2025Spring,3,Good,Moderate,Large
156370,ECON 980CC,Readings on Market Imperfections and Implications for Government Intervention 001,ECON,5.0,7.83,10,2023Spring,1,Excellent,Moderate,Small
156371,ECON 2035,Psychology and Economic Theory 001,ECON,4.5,13.17,9,2023Fall,2,Excellent,Heavy,Small
156390,ANTHRO 1836AR,Sensory Ethnography 1 001,ANTHRO,4.0,16.67,9,2024Spring,1,Good,Heavy,Small
156395,CHEM 155,Advanced Inorganic Chemistry II LEC,CHEM,4.53,6.11,26,2024Fall,2,Excellent,Moderate,Medium
156425,STAT 120,Introduction to Bayesian Inference and Applications 001,STAT,4.83,7.83,15,2024Fall,2,Excellent,Moderate,Medium
156427,ENG-SCI 115,Mathematical Modeling 001,ENG-SCI,4.36,7.75,44,2025Spring,4,Good,Moderate,Medium
156433,RELIGION 47,Christian Ethics and Modern Society 1,RELIGION,5.0,4.44,12,2025Spring,2,Excellent,Moderate,Small
156435,GOV 2097,Conservatism and its Critics 001,GOV,4.3,8.44,14,2024Fall,1,Good,Heavy,Small
156438,GOV 2213,Comparative Politics of Post-Socialism 001,GOV,3.43,6.29,9,2024Fall,2,Below Average,Moderate,Small
156449,FRSEMR 26O,Changing Our Mind: Evolving Thoughts on Brain Regeneration 001,FRSEMR,4.7,1.0,15,2022Fall,1,Excellent,Light,Medium
156450,FYSEMR 26K,"Transformative Ideas in Brain Science: War, technology, and disease pioneered discovery 01",FYSEMR,4.62,3.42,14,2023Fall,1,Excellent,Light,Small
156452,STAT 212,Probability II 001,STAT,4.1,11.8,31,2025Spring,3,Good,Heavy,Medium
156458,GOV 2340B,Proseminar on Inequality and Social Policy II 001,GOV,3.0,18.0,10,2025Spring,2,Below Average,Heavy,Small
156469,SLAVIC 185,18th-Century Russian Literature: Seminar 001,SLAVIC,5.0,10.2,6,2024Fall,2,Excellent,Heavy,Small
156496,ESE 133,Atmospheric Chemistry 001,ESE,4.7,6.22,11,2025Spring,3,Excellent,Moderate,Small
156500,ESE 131,Introduction to Physical Oceanography and Climate 001,ESE,5.0,7.4,21,2024Spring,1,Excellent,Moderate,Medium
156502,FRSEMR 41K,"Human Rights, Law and Advocacy 001",FRSEMR,4.83,2.83,12,2022Fall,1,Excellent,Light,Small
156515,CLASARCH 133,Augustus: An Archaeology of Imperial Power 001,CLASARCH,4.5,4.0,7,2024Fall,1,Excellent,Moderate,Small
156523,GOV 2372,Political Psychology 001,GOV,4.38,7.5,11,2023Fall,1,Good,Moderate,Small
156548,ENG-SCI 158,Introduction to Optimal Control and Estimation 001,ENG-SCI,4.86,6.86,10,2023Fall,1,Excellent,Moderate,Small
156564,HIST 1993,Introduction to Digital History 01,HIST,4.57,8.0,8,2024Fall,2,Excellent,Moderate,Small
156569,PSY 1454,Neuroscience Fiction: An Introduction to Cutting Edge Neuroscience through the Lens of Film and Tele 001,PSY,5.0,2.75,13,2022Fall,1,Excellent,Light,Small
156593,EASTD 271,"Language, Script, and Power in East Asia 01",EASTD,4.33,9.67,7,2024Spring,2,Good,Heavy,Small
156630,ENGLISH CIJR,Introduction to Journalism: Workshop 001,ENGLISH,4.2,5.4,9,2022Fall,1,Good,Moderate,Small
156726,ENG-SCI 256,Informal Robotics 001,ENG-SCI,4.57,7.57,9,2024Spring,1,Excellent,Moderate,Small
156750,JAMAICAN AA,Elementary Jamaican Patois 001,JAMAICAN,5.0,1.6,10,2023Fall,1,Excellent,Light,Small
156925,STAT 286,Causal Inference with Applications 001,STAT,4.08,11.32,36,2023Fall,2,Good,Heavy,Medium
156933,ESE 161,Applied Environmental Toxicology 001,ESE,4.61,7.53,25,2025Spring,2,Excellent,Moderate,Medium
156936,COMPSCI 2822R,Topics in Machine Learning: Computational Properties in Interpretable Machine Learning 001,COMPSCI,3.71,6.04,80,2024Fall,2,Satisfactory,Moderate,Large
156944,PORTUG 15,Intensive Beginning Portuguese: A Pathway to Luso-Brazilian Cultures 001,PORTUG,5.0,3.0,7,2024Spring,1,Excellent,Light,Small
156947,ENG-SCI 24,Flavor Molecules of Food Fermentation: Exploration and Inquiry 001,ENG-SCI,4.82,3.6,19,2025Spring,3,Excellent,Light,Medium
156950,MCB 350,Scientific Integrity 001,MCB,5.0,0,13,2024Fall,1,Excellent,Light,Small
156952,MCB 352,Microscopy 001,MCB,4.8,1.0,12,2024Spring,1,Excellent,Light,Small
159550,GENED 1145,Global Japanese Cinema 001,GENED,4.27,4.9,28,2024Fall,2,Good,Moderate,Medium
159551,EAFM 111,East Asian Media Studies 001,EAFM,4.73,3.82,19,2024Spring,1,Excellent,Light,Medium
159555,HIST 1937,Social Revolutions in Latin America 01,HIST,4.94,8.78,18,2024Fall,1,Excellent,Heavy,Medium
159556,HIST 1924,"Violence and Healing, Pandemics and Everyday Life: Mental Health and Illness in Africa 01",HIST,4.75,7.43,9,2024Fall,1,Excellent,Moderate,Small
159563,HIST 2638,Readings in Modern Chinese History: Proseminar 001,HIST,4.45,9.4,16,2022Fall,1,Good,Heavy,Medium
159565,HEB 1290,"Genes, Mind, and Culture 001",HEB,4.67,4.2,9,2024Spring,1,Excellent,Moderate,Small
159566,MCB 290B,"Current Topics in Molecular, Cellular and Organismal Biology 001",MCB,2.0,1.33,15,2023Spring,1,Below Average,Light,Medium
159593,HIST 1039,First Empires: Power and Propaganda in the Ancient World 01,HIST,4.22,3.5,11,2024Spring,1,Good,Light,Small
159595,JAPAN 120A,Intermediate Japanese I 001,JAPAN,4.5,8.75,7,2024Fall,3,Excellent,Heavy,Small
159596,JAPAN 120B,Intermediate Japanese I 001,JAPAN,4.92,7.0,13,2025Spring,3,Excellent,Moderate,Small
159614,HLTHPOL 2000B,Core Course in Health Policy 001,HLTHPOL,3.86,3.71,11,2025Spring,3,Satisfactory,Light,Small
159619,E-PSCI 99B,Tutorial - Senior Year 001,E-PSCI,5.0,14.0,6,2025Spring,2,Excellent,Heavy,Small
159620,RUSS AB,Elementary Russian II 002,RUSS,5.0,7.5,6,2025Spring,1,Excellent,Moderate,Small
159629,CHNSE 130A,Pre-Advanced Modern Chinese 001,CHNSE,5.0,7.0,15,2024Fall,3,Excellent,Moderate,Medium
159631,CHNSE 130B,Pre-Advanced Modern Chinese 001,CHNSE,4.8,7.2,8,2025Spring,3,Excellent,Moderate,Small
159639,ECON 2010D,Economic Theory 001,ECON,4.37,11.29,31,2025Spring,3,Good,Heavy,Medium
159651,MCB 99B,Laboratory Research for Honors Thesis 001,MCB,4.64,17.17,30,2025Spring,3,Excellent,Heavy,Medium
159653,RUSS BB,Intermediate Russian II 001,RUSS,4.88,8.63,11,2025Spring,2,Excellent,Heavy,Small
159655,MCB 125,Molecular Basis of Behavior 001,MCB,4.14,6.52,115,2023Spring,1,Good,Moderate,Large
159657,HIST 1931,"Slavery, Disease, and Race: Brazil in the Atlantic World 01",HIST,4.2,6.0,10,2024Spring,1,Good,Moderate,Small
159683,HAA 192M,The History of African Art 001,HAA,4.0,4.0,12,2023Fall,1,Good,Moderate,Small
159688,PHIL 192,Buddhist Philosophy 001,PHIL,4.63,5.13,23,2024Spring,1,Excellent,Moderate,Medium
159706,LIFESCI 50A,Integrated Science 001,LIFESCI,4.68,14.47,42,2024Fall,3,Excellent,Heavy,Medium
159707,LIFESCI 50B,Integrated Science 001,LIFESCI,4.3,13.52,41,2025Spring,3,Good,Heavy,Medium
159715,SCAND 55,One Hundred Years of Scandinavian Cinema 1,SCAND,4.5,2.44,14,2025Spring,3,Excellent,Light,Small
159732,CPB 99B,Laboratory Research for Honors Thesis 001,CPB,4.57,21.43,10,2025Spring,3,Excellent,Heavy,Small
159736,FYSEMR 31D,Nietzsche 01,FYSEMR,3.43,2.83,12,2023Fall,1,Below Average,Light,Small
159754,PHIL 279,Topics in Political Philosophy 001,PHIL,4.78,4.86,13,2025Spring,2,Excellent,Moderate,Small
159763,MATH 157,Mathematics in the World 001,MATH,4.25,7.26,35,2025Spring,3,Good,Moderate,Medium
159779,SOCIOL 1023,Political Sociology 001,SOCIOL,4.73,5.64,31,2025Spring,1,Excellent,Moderate,Medium
159793,HIST-LIT 90BR,Work and Labor Across the Americas 001,HIST-LIT,4.78,6.0,11,2024Fall,1,Excellent,Moderate,Small
159800,ASTRON 99B,Senior Thesis in Astrophysics 001,ASTRON,4.71,10.71,9,2025Spring,2,Excellent,Heavy,Small
159802,STAT 213,Statistical Inference II 001,STAT,4.4,12.67,19,2025Spring,3,Good,Heavy,Medium
159805,GERMAN 10B,Beginning German 2,GERMAN,4.22,9.88,13,2025Spring,3,Good,Heavy,Small
159809,GENED 1121,Economic Justice 001,GENED,3.81,4.36,88,2023Spring,1,Satisfactory,Moderate,Large
159811,GOV 3004B,Research Workshop in American Politics 001,GOV,4.67,2.0,21,2024Spring,2,Excellent,Light,Medium
159813,GOV 3005B,Research Workshop in International Relations 001,GOV,4.67,0,16,2024Spring,2,Excellent,Light,Medium
159814,GOV 3006B,Research Workshop in Comparative Politics 001,GOV,5.0,0,26,2025Spring,2,Excellent,Light,Medium
159829,SWAHILI AB,Elementary Swahili 001,SWAHILI,4.43,4.33,11,2025Spring,1,Good,Moderate,Small
159830,FRSEMR 21R,"The Evolutionary Transition From Dinosaurs To Birds: Fossils, Genomes and Behavior 001",FRSEMR,4.14,3.71,8,2023Spring,1,Good,Light,Small
159836,FYSEMR 33C,"Borges, García Márquez, Bolaño and Other Classics of Modern Latin American Fiction and Poetry 001",FYSEMR,5.0,5.25,6,2025Spring,3,Excellent,Moderate,Small
159837,FRSEMR 41R,Media in American Politics 001,FRSEMR,3.89,3.11,10,2022Fall,1,Satisfactory,Light,Small
159840,MODGRK AA,Elementary Modern Greek 001,MODGRK,5.0,2.78,11,2023Fall,2,Excellent,Light,Small
159841,MODGRK AB,Elementary Modern Greek 001,MODGRK,5.0,2.67,9,2024Spring,2,Excellent,Light,Small
159843,MODGRK BB,Intermediate Modern Greek: Culture and Civilization 001,MODGRK,4.8,1.8,5,2023Spring,1,Excellent,Light,Small
159860,AFVS 50B,Introduction to Nonfiction Filmmaking 1,AFVS,5.0,15.83,9,2025Spring,3,Excellent,Heavy,Small
159868,TURKISH AB,Elementary Modern Turkish II 001,TURKISH,5.0,8.4,7,2025Spring,1,Excellent,Heavy,Small
159869,TWI AB,Elementary Twi 001,TWI,4.25,2.75,8,2023Spring,1,Good,Light,Small
159872,YORUBA AB,Elementary Yoruba 001,YORUBA,4.8,3.3,26,2025Spring,2,Excellent,Light,Medium
159876,ARABIC AB,Elementary Arabic II 003,ARABIC,4.52,10.71,9,2025Spring,4,Excellent,Heavy,Small
159887,WOMGEN 1225,"Leaning In, Hooking Up: Visions of Feminism and Femininity in the 21st Century 001",WOMGEN,4.76,5.0,21,2025Spring,3,Excellent,Moderate,Medium
159901,SOCIOL 1146,Sociology of Health and Medicine 001,SOCIOL,4.93,4.93,22,2024Fall,1,Excellent,Moderate,Medium
159926,SOCIOL 1133,"War, Revolution, and Mafias: in Theory, in Film, and in Reality 001",SOCIOL,4.22,4.75,14,2023Fall,1,Good,Moderate,Small
159938,SPANSH 59H,Spanish for Latino Students II: Connecting with Communities 001,SPANSH,4.89,4.78,14,2025Spring,3,Excellent,Moderate,Small
159968,GOV 3007B,Research Workshop in Political Economy 001,GOV,4.8,1.25,21,2024Spring,2,Excellent,Light,Medium
159970,GOV 3009B,Research Workshop in Applied Statistics 001,GOV,3.5,0,12,2024Spring,2,Satisfactory,Light,Small
159972,HAA 99B,Tutorial - Senior Year 001,HAA,4.75,12.0,9,2025Spring,3,Excellent,Heavy,Small
159973,HIND-URD 101B,Introductory Hindi-Urdu 002,HIND-URD,5.0,3.98,9,2025Spring,3,Excellent,Light,Small
159974,HIND-URD 102B,Intermediate Hindi-Urdu 001,HIND-URD,4.6,6.2,12,2025Spring,1,Excellent,Moderate,Small
159975,HIST 99B,Senior Thesis Tutorial 001,HIST,4.88,14.6,37,2025Spring,3,Excellent,Heavy,Medium
159988,MOD-HEB BB,Elementary Modern Hebrew II 001,MOD-HEB,4.0,8.5,8,2024Spring,1,Good,Heavy,Small
159990,FYSEMR 22H,My Genes and Cancer 01,FYSEMR,4.89,2.22,12,2024Fall,2,Excellent,Light,Small
159991,PERSIAN AB,Elementary Persian II 001,PERSIAN,3.25,9.4,6,2025Spring,3,Below Average,Heavy,Small
159994,ECON 990B,Tutorial - Senior Year 001,ECON,5.0,19.0,6,2023Fall,2,Excellent,Heavy,Small
159999,HAA 122X,Architecture in the Early Modern Mediterranean World: A Cross-Cultural Perspective 001,HAA,4.44,4.56,15,2022Fall,1,Good,Moderate,Medium
160157,GREEK 187,Greek Palaeography 001,GREEK,4.83,5.33,7,2024Fall,1,Excellent,Moderate,Small
160196,FYSEMR 42C,The Role of Government 001,FYSEMR,4.8,5.0,12,2025Spring,3,Excellent,Moderate,Small
160197,FRSEMR 33R,"The Chinese Language, Present and Past 00",FRSEMR,4.25,1.25,6,2022Fall,1,Good,Light,Small
160203,FYSEMR 42H,U.S. Climate Change Policy and the Energy Transition 001,FYSEMR,4.56,2.33,12,2024Fall,3,Excellent,Light,Small
160215,FYSEMR 23H,Medicine in Nazi Germany and the Holocaust—Anatomy as Example for Changes in Medical Science 001,FYSEMR,4.43,1.5,13,2025Spring,2,Good,Light,Small
160219,FYSEMR 23I,Earth Science Goes to the Movies: Math and Physics of Natural (?) Disasters 001,FYSEMR,4.78,2.33,10,2024Fall,3,Excellent,Light,Small
160221,FRSEMR 43F,When Bad Things Happen Early in Life: Effects of Early Adversity on Brain and Behavioral Development 001,FRSEMR,4.71,4.0,13,2022Fall,1,Excellent,Moderate,Small
160230,E-PSCI 230,Paleoclimate as Prologue 001,E-PSCI,4.0,4.17,8,2024Spring,1,Good,Moderate,Small
160334,HISTSCI 1821,"Humans in Space: Past, Present, Future 001",HISTSCI,4.5,3.25,50,2023Fall,1,Excellent,Light,Medium
160351,ECON 1342,The History of Economic Growth 001,ECON,4.06,4.0,76,2024Spring,1,Good,Moderate,Large
160361,ECON 1080,Great Theorems of Microeconomic Theory 001,ECON,4.75,5.25,10,2024Fall,1,Excellent,Moderate,Small
160364,MCB 100,Experimental Research in the Life Sciences 001,MCB,4.2,5.47,28,2025Spring,5,Good,Moderate,Medium
160366,HISTSCI 1337,Animals in History 001,HISTSCI,4.82,2.76,25,2022Fall,1,Excellent,Light,Medium
160371,HISTSCI 1825,"Open Minds, Wired Worlds: Computers and Cyberculture 001",HISTSCI,4.83,2.83,18,2025Spring,2,Excellent,Light,Medium
160373,GOV 1734,Ethics and War 001,GOV,3.95,4.65,27,2022Fall,1,Satisfactory,Moderate,Medium
160382,HIST 2950B,Approaches to Global History: Seminar 01,HIST,4.17,7.8,10,2023Spring,1,Good,Moderate,Small
160386,HIST 3920B,Colloquium on Teaching and Professional Practices 001,HIST,4.0,1.75,16,2023Spring,1,Good,Light,Medium
160405,GOV 2022,Status and Hierarchy 001,GOV,4.33,4.17,9,2023Fall,1,Good,Moderate,Small
160441,ANTHRO 1826,Medical Anthropology: Advanced Topics 001,ANTHRO,4.59,6.36,46,2025Spring,2,Excellent,Moderate,Medium
160447,APMTH 254,Mathematics of High-Dimensional Information Processing and Learning 001,APMTH,4.67,13.33,14,2024Fall,2,Excellent,Heavy,Small
160448,ENG-SCI 254,Mathematics of High-Dimensional Information Processing and Learning 001,ENG-SCI,4.67,13.33,14,2024Fall,2,Excellent,Heavy,Small
160452,ESE 160,Space Science and Engineering: Theory and Applications 001,ESE,4.25,3.92,17,2023Fall,1,Good,Light,Medium
160454,ENG-SCI 112,Thermodynamics 001,ENG-SCI,4.15,7.92,18,2025Spring,3,Good,Moderate,Medium
160459,OEB 217R,What Makes a Turtle? 01,OEB,4.8,4.2,8,2024Spring,1,Excellent,Moderate,Small
160462,ANTHRO 2705,Semiotic Anthropology 001,ANTHRO,4.6,8.63,16,2023Spring,1,Excellent,Heavy,Medium
160495,CELTIC 105,Magic and Mayhem: The Folklore of Gaelic Ireland 001,CELTIC,4.45,4.26,27,2024Fall,2,Good,Moderate,Medium
160496,HISTSCI 1770,Broken Brains: A Patient-Centered History 001,HISTSCI,4.48,4.58,32,2025Spring,1,Good,Moderate,Medium
160503,HISTSCI 2843,Sources and Methods in the History of Technology 001,HISTSCI,4.83,7.09,16,2024Spring,1,Excellent,Moderate,Medium
160525,COMPLIT 235,Sappho and her Reception in the Ancient World SEM,COMPLIT,4.82,4.3,21,2025Spring,1,Excellent,Moderate,Medium
160534,SOCIOL 92R,Faculty Research Assistant 001,SOCIOL,4.83,4.6,12,2023Spring,1,Excellent,Moderate,Small
160540,RSRA 298B,Master's Thesis Reading and Research 001,RSRA,5.0,4.0,10,2025Spring,2,Excellent,Moderate,Small
160544,RSRA 299B,Master's Thesis Development and Writing 001,RSRA,5.0,6.67,8,2024Spring,1,Excellent,Moderate,Small
160553,ENG-SCI 100HFB,Engineering Design Projects 001,ENG-SCI,3.53,16.5,66,2025Spring,3,Satisfactory,Heavy,Large
160566,GOV 2003,"Quantitative Social Science Methods, II 001",GOV,2.22,8.89,11,2024Fall,3,Below Average,Heavy,Small
160578,CHEM 301HFB,Scientific Teaching and Communications: Practicum 001,CHEM,4.45,8.71,33,2025Spring,3,Good,Heavy,Medium
160579,COMPSCI 2630,Systems Security 001,COMPSCI,4.71,7.93,23,2024Fall,2,Excellent,Moderate,Medium
160580,CHEMBIO 300HFB,Introduction to Chemical Biology Research 001,CHEMBIO,3.83,0.75,16,2023Spring,1,Satisfactory,Light,Medium
160624,COMPSCI 2420,Computing at Scale 001,COMPSCI,3.64,8.66,78,2024Fall,3,Satisfactory,Heavy,Large
160641,BIOSTAT 234,Introduction to Data Structures and Algorithms 001,BIOSTAT,4.0,6.23,25,2024Spring,2,Good,Moderate,Medium
160645,MUSIC BHFB,Graduate Musicianship 001,MUSIC,5.0,1.83,7,2025Spring,1,Excellent,Light,Small
160647,TDM 98,Junior Tutorial 001,TDM,3.5,7.75,5,2024Fall,2,Satisfactory,Moderate,Small
160648,TDM 97,"Sophomore Tutorial: Foundational Concepts in Theater, Dance & Media 001",TDM,5.0,10.67,10,2025Spring,3,Excellent,Heavy,Small
160653,TDM 90DR,Harvard Dance Project 001,TDM,4.6,2.5,8,2023Spring,1,Excellent,Light,Small
160654,TDM 120,What's so Funny?: Introduction to Improvisational Comedy 001,TDM,4.92,1.42,16,2024Fall,3,Excellent,Light,Medium
160656,PSY 1401,Computational Cognitive Neuroscience: Building Models of the Brain 001,PSY,4.0,5.0,22,2024Spring,1,Good,Moderate,Medium
160669,STAT 300HFRB,Research in Statistics 001,STAT,5.0,0,20,2025Spring,3,Excellent,Light,Medium
160674,STAT 303HFB,The Art and Practice of Teaching Statistics 001,STAT,3.5,1.0,8,2024Spring,2,Satisfactory,Light,Small
160677,STAT 314HFRB,Timely Topics in Statistics 001,STAT,5.0,0,12,2023Spring,1,Excellent,Light,Small
160713,FYSEMR 40D,The Transformation of Marketing 01,FYSEMR,4.93,1.64,15,2024Fall,3,Excellent,Light,Medium
160736,STAT 151,Multilevel and Longitudinal Models 01,STAT,4.27,9.47,24,2024Fall,2,Good,Heavy,Medium
160748,EMR 123,Issues in the Study of Native American Religion 001,EMR,4.5,5.25,6,2022Fall,1,Excellent,Moderate,Small
160750,NEURO 130,Visual Recognition: Computational and Biophysical Perspective 001,NEURO,3.93,4.79,16,2023Fall,1,Satisfactory,Moderate,Medium
160752,EMR 121,Native Americans in the 21st Century: Nation Building II 001,EMR,4.5,6.0,9,2024Spring,1,Excellent,Moderate,Small
160759,MBB 980M,Functional Neuroimaging of Psychiatric Disorders: Insights into the Human Brain-Mind 001,MBB,4.64,3.91,15,2025Spring,3,Excellent,Light,Medium
160952,ENGLISH CFMR,Interiority & Experience: Writing Character-Driven Fiction: Workshop 001,ENGLISH,4.91,4.73,13,2023Fall,3,Excellent,Moderate,Small
160953,ENGLISH CAFR,CAFR: Advanced Fiction Workshop: Writing this Present Life 001,ENGLISH,5.0,5.5,14,2024Spring,2,Excellent,Moderate,Small
160957,E-PSCI 160,Space Science and Engineering: Theory and Applications 001,E-PSCI,4.25,3.92,17,2023Fall,1,Good,Light,Medium
160977,HIST 1217,U.S. Foreign Policy in a Global Age 01,HIST,4.35,4.93,25,2023Fall,1,Good,Moderate,Medium
161184,OEB 104,The Mouse in Science and Society 001,OEB,5.0,3.53,24,2024Fall,3,Excellent,Light,Medium
161201,PHYSICS 201,Data Analysis for Physical Sciences 001,PHYSICS,4.75,8.13,14,2023Spring,1,Excellent,Heavy,Small
161207,SCRB 145,"From Cells to Tissues, in Sickness and in Health 001",SCRB,4.84,3.63,26,2024Fall,2,Excellent,Light,Medium
161215,E-PSCI 112,Thermodynamics 001,E-PSCI,4.15,7.92,18,2025Spring,3,Good,Moderate,Medium
161239,FRENCH 106,Crimes of Passion: Balzac’s Short Stories 001,FRENCH,3.75,4.33,15,2023Spring,1,Satisfactory,Moderate,Medium
161249,SPANSH 270,The Warning in its Music: Politics of the Poem in 20th Century Spain 001,SPANSH,4.43,6.86,8,2024Spring,1,Good,Moderate,Small
161259,APMTH 232,"Learning, Estimation, and Control of Dynamical Systems 001",APMTH,4.25,8.75,21,2024Spring,1,Good,Heavy,Medium
161261,FYSEMR 23R,Asteroids and Comets 001,FYSEMR,4.6,2.86,12,2025Spring,1,Excellent,Light,Small
161263,ESE 166,State-of-the-Art Harvard Climate Observatory and Associated Instrumentation 001,ESE,4.5,4.67,8,2025Spring,1,Excellent,Moderate,Small
161267,MBB 980N,Neuroaesthetics 001,MBB,4.5,2.94,17,2023Fall,2,Excellent,Light,Medium
161268,GHHP 70,Humanitarian Response to Conflict and Disasters 001,GHHP,4.69,2.75,14,2025Spring,3,Excellent,Light,Small
161274,ROM-STD 110,"Haiti, Cuba, Martinique: Plotting Resistance in Fiction and Film 001",ROM-STD,4.8,5.4,8,2022Fall,1,Excellent,Moderate,Small
161278,KOREAN 123XB,Intermediate Korean for Advanced Beginners 001,KOREAN,4.75,7.5,10,2025Spring,2,Excellent,Moderate,Small
161280,MED-SCI 316QC,PhD Pathfinder 001,MED-SCI,4.75,0.5,13,2022Fall,1,Excellent,Light,Small
161297,FOLKMYTH 176,Tattoo: Histories and Practices 001,FOLKMYTH,4.6,8.4,7,2024Fall,3,Excellent,Heavy,Small
202992,GENED 1056,Human Nature 001,GENED,4.32,5.84,31,2024Fall,2,Good,Moderate,Medium
202996,HIST 2639,Histories of Modern China: Research Seminar 01,HIST,4.33,8.25,8,2024Fall,1,Good,Heavy,Small
203001,FRSEMR 60C,Comics and Graphic Novels 001,FRSEMR,3.5,5.0,6,2022Fall,1,Satisfactory,Moderate,Small
203014,FYSEMR 70K,"Morality, Leadership, and Gray-Area Decisions 01",FYSEMR,4.69,3.62,15,2024Fall,2,Excellent,Light,Medium
203018,HIST 1776,The American Revolution 01,HIST,4.44,6.78,12,2023Fall,1,Good,Moderate,Small
203023,ENGLISH 131P,John Milton's Paradise Lost 001,ENGLISH,4.59,5.14,28,2025Spring,3,Excellent,Moderate,Medium
203024,GREEK 1,Introductory Ancient Greek 1 001,GREEK,4.64,6.55,14,2024Fall,3,Excellent,Moderate,Small
203025,LATIN 1,Introductory Latin 1 001,LATIN,4.7,4.1,13,2024Fall,3,Excellent,Moderate,Small
203044,HIST 1008,"One Land, Two Peoples: The Modern History of Israel/Palestine 01",HIST,4.56,6.58,54,2025Spring,1,Excellent,Moderate,Large
203055,ENGLISH 298DH,Methods in the Digital Humanities 001,ENGLISH,4.33,5.8,7,2023Spring,1,Good,Moderate,Small
203059,ENGLISH 160JE,The Joyce Effect 001,ENGLISH,4.77,5.08,18,2024Spring,1,Excellent,Moderate,Medium
203065,ENGLISH 188GF,Global Fictions 001,ENGLISH,4.6,5.5,13,2023Fall,1,Excellent,Moderate,Small
203077,GENED 1022,Vision and Justice: The Art of Race and American Citizenship 001,GENED,4.45,4.54,50,2024Spring,1,Good,Moderate,Medium
203078,HAA 61G,Francisco de Goya 001,HAA,4.78,6.75,14,2022Fall,1,Excellent,Moderate,Small
203081,MCB 112,Biological Sequence Analysis 001,MCB,4.58,11.84,56,2024Fall,2,Excellent,Heavy,Large
203092,COMPLIT 114,Mysticism and Literature SEM,COMPLIT,4.24,4.33,22,2024Fall,1,Good,Moderate,Medium
203101,STAT 109A,Data Science 1: Introduction to Data Science 001,STAT,3.86,9.52,450,2024Fall,3,Satisfactory,Heavy,Large
203102,STAT 109B,Data Science 2: Advanced Topics in Data Science 001,STAT,4.29,11.41,277,2025Spring,3,Good,Heavy,Large
203104,STAT 117,Data Analysis in Modern Biostatistics 001,STAT,4.92,8.45,18,2025Spring,3,Excellent,Heavy,Medium
203128,HISTSCI 1820,An American Way of War: Technology and Warfare 001,HISTSCI,4.5,4.65,30,2024Fall,2,Excellent,Moderate,Medium
203129,GENED 1046,Evolving Morality: From Primordial Soup to Superintelligent Machines 001,GENED,4.28,4.26,171,2025Spring,2,Good,Moderate,Large
203208,NEURO 1202,Modern Neuroanatomy 001,NEURO,4.46,4.55,19,2025Spring,2,Good,Moderate,Medium
203211,PSY 1451,Debugging the Brain: Computational Approaches to Mental Dysfunction 001,PSY,3.67,3.75,8,2022Fall,1,Satisfactory,Light,Small
203227,LATIN 3,Introductory Latin 3 001,LATIN,4.5,5.0,9,2024Fall,3,Excellent,Moderate,Small
203228,LATIN 10,Introduction to Latin Literature 001,LATIN,5.0,3.0,5,2025Spring,4,Excellent,Light,Small
203229,GREEK 3,Introductory Ancient Greek 3 001,GREEK,4.89,4.44,10,2023Fall,1,Excellent,Moderate,Small
203230,GREEK 10,Introduction to Ancient Greek Literature 001,GREEK,4.8,10.0,5,2025Spring,4,Excellent,Heavy,Small
203237,MEDLATIN 10,Introduction to Medieval Latin Literature 001,MEDLATIN,4.75,10.25,6,2025Spring,3,Excellent,Heavy,Small
203240,COMPLIT 244,On Imagination: From Plato to postmodernism SEM,COMPLIT,3.8,7.67,11,2024Spring,1,Satisfactory,Moderate,Small
203245,CELTIC 120,Food and Fantasy in Irish Tradition 001,CELTIC,4.48,2.2,35,2024Spring,1,Good,Light,Medium
203252,MUSIC 179R,Advanced Electronic Music LEC,MUSIC,4.67,6.4,9,2025Spring,1,Excellent,Moderate,Small
203253,LATIN 2,Introductory Latin 2 001,LATIN,4.57,7.5,10,2025Spring,3,Excellent,Moderate,Small
203256,GREEK 2,Introductory Ancient Greek 2 001,GREEK,4.56,6.25,14,2025Spring,3,Excellent,Moderate,Small
203264,ENGLISH CPY,Fiction Writing: Workshop 001,ENGLISH,4.75,3.5,10,2025Spring,4,Excellent,Light,Small
203266,ENGLISH CTV,Writing for Television: Developing the Pilot: Workshop 001,ENGLISH,4.86,9.29,13,2024Fall,2,Excellent,Heavy,Small
203268,FRSEMR 60K,The Grail Quest of Marcel Proust 001,FRSEMR,5.0,2.88,10,2023Spring,1,Excellent,Light,Small
203272,SOCIOL 1186,Refugees in Global Perspective 001,SOCIOL,4.71,5.7,26,2025Spring,2,Excellent,Moderate,Medium
203280,GERMAN 140,"German Social Thought, Nietzsche to Habermas 1",GERMAN,4.56,6.77,42,2023Fall,1,Excellent,Moderate,Medium
203281,GERMAN 291,Questions of Theory 1,GERMAN,4.17,9.58,18,2024Fall,2,Good,Heavy,Medium
203290,HAA 241P,The Diagram Paradigm: Diagrams in Medieval Art and Beyond 001,HAA,4.88,9.0,13,2022Fall,1,Excellent,Heavy,Small
203308,ITAL 245,A Fascist Century 001,ITAL,4.5,6.33,8,2022Fall,1,Excellent,Moderate,Small
203312,AFVS 12,Drawing 1: Drawing as a Visual Language 001,AFVS,4.82,7.45,14,2024Spring,2,Excellent,Moderate,Small
203314,AFVS 14,Making Things [Breaking Things] 1,AFVS,3.71,5.83,16,2023Fall,2,Satisfactory,Moderate,Medium
203325,HIST 2525A,Administrating Differences in Latin America: Historical Approaches 01,HIST,4.75,16.75,8,2024Fall,1,Excellent,Heavy,Small
203329,PHS 2000A,Quantitative Research Methods in Population Health Sciences I 001,PHS,4.18,7.22,42,2024Fall,3,Good,Moderate,Medium
203330,PHS 2000B,Quantitative Research Methods in Population Health Sciences II 001,PHS,4.04,7.17,41,2025Spring,3,Good,Moderate,Medium
203333,SOCIOL 1104,Sociology of Higher Education 001,SOCIOL,5.0,4.31,14,2022Fall,1,Excellent,Moderate,Small
203368,SOCIOL 1131,Philanthropy and the Nonprofit Sector 001,SOCIOL,3.74,4.22,23,2023Spring,1,Satisfactory,Moderate,Medium
203377,YIDDISH 115,"The Yiddish Short Story: Folk Tales, Monologues, and Post-Apocalyptic Parables 001",YIDDISH,4.5,3.0,9,2024Spring,1,Excellent,Light,Small
203381,FRENCH 128,"Growing Pains: Le roman d'apprentissage, l'apprentissage du roman 001",FRENCH,4.88,6.75,9,2022Fall,1,Excellent,Moderate,Small
203385,FRENCH 153,The Contemporary French Novel 001,FRENCH,4.78,7.38,10,2024Fall,1,Excellent,Moderate,Small
203389,FRSEMR 70P,The World of Tomorrow: Constructing and Inhabiting the 21st Century 001,FRSEMR,4.85,2.08,15,2022Fall,1,Excellent,Light,Medium
203424,FRSEMR 50P,"Food, Up Close and Personal 001",FRSEMR,4.55,1.18,12,2022Fall,1,Excellent,Light,Small
203431,PHYSICS 212,Cosmology 001,PHYSICS,4.22,7.33,14,2025Spring,3,Good,Moderate,Small
203440,SOCIOL 1106,Humanitarian Activism and Civil Society 001,SOCIOL,4.33,4.5,19,2025Spring,1,Good,Moderate,Medium
203447,PHIL 177,Educational Justice 001,PHIL,4.75,3.88,12,2023Fall,2,Excellent,Light,Small
203453,PHIL 106,Augustine 000,PHIL,4.09,5.09,13,2024Spring,1,Good,Moderate,Small
203456,PHIL 173X,Practical Reasons 001,PHIL,5.0,5.5,8,2025Spring,1,Excellent,Moderate,Small
203483,GOV 2170,State-Building 001,GOV,4.71,7.5,9,2022Fall,1,Excellent,Moderate,Small
203485,SOCIOL 1182,Law and Society 001,SOCIOL,4.09,5.46,41,2024Fall,2,Good,Moderate,Medium
203500,TDM CAMR,Advanced Playwriting: Workshop 001,TDM,4.5,5.25,11,2025Spring,1,Excellent,Moderate,Small
203501,FYSEMR 60R,The Beginnings Of Business 001,FYSEMR,5.0,1.17,7,2024Spring,2,Excellent,Light,Small
203507,LING 73A,Beginning American Sign Language I 001,LING,4.5,4.76,18,2024Fall,3,Excellent,Moderate,Medium
203512,PHYSICS 264,Lie Algebras in Particle Physics 001,PHYSICS,4.5,9.5,8,2023Spring,1,Excellent,Heavy,Small
203513,LING 73B,Beginning American Sign Language II 003,LING,4.63,3.28,16,2025Spring,3,Excellent,Light,Medium
203546,COMPSCI 1090B,Data Science 2: Advanced Topics in Data Science 001,COMPSCI,4.29,11.41,277,2025Spring,3,Good,Heavy,Large
203547,APCOMP 209B,Data Science 2: Advanced Topics in Data Science 001,APCOMP,4.29,11.41,277,2025Spring,3,Good,Heavy,Large
203548,APMTH 231,Decision Theory 001,APMTH,4.39,8.41,24,2024Spring,2,Good,Heavy,Medium
203555,ECON 1057,Game Theory with Applications to Social Behavior 001,ECON,4.39,6.19,29,2024Fall,3,Good,Moderate,Medium
203585,APMTH 158,Introduction to Optimal Control and Estimation 001,APMTH,4.86,6.86,10,2023Fall,1,Excellent,Moderate,Small
203588,HIST-LIT 90CM,Asian American Cultural Studies 001,HIST-LIT,4.88,6.88,9,2024Fall,2,Excellent,Moderate,Small
203602,HISTSCI 3003A,Historiography of the History of Science 001,HISTSCI,4.7,8.14,17,2024Fall,3,Excellent,Heavy,Medium
203603,HISTSCI 3003B,Research Methods and Practices in the History of Science 001,HISTSCI,4.43,7.57,10,2024Spring,1,Good,Moderate,Small
203610,HISTSCI 1829,The World We Made: Technology and Society 001,HISTSCI,4.75,3.88,32,2024Spring,1,Excellent,Light,Medium
203652,CLASPHIL 235,Sappho and her Reception in the Ancient World 001,CLASPHIL,4.82,4.3,21,2025Spring,1,Excellent,Moderate,Medium
203670,MEDVLSTD 109,"Poverty, Wealth, and Religion in the Middle Ages 001",MEDVLSTD,5.0,5.25,6,2025Spring,2,Excellent,Moderate,Small
203866,ECON 980Z,Behavioral Finance 001,ECON,4.8,5.2,14,2025Spring,3,Excellent,Moderate,Small
203888,E-PSCI 10,A Brief History of the Earth 001,E-PSCI,4.34,4.15,48,2024Fall,3,Good,Moderate,Medium
203917,PSY 980JS,But Why?: Ultimate Explanations for the Quirks of the Mind 001,PSY,4.71,3.62,16,2022Fall,1,Excellent,Light,Medium
203921,SOCIOL 3316,Politics and Social Change 001,SOCIOL,5.0,0,7,2024Fall,1,Excellent,Light,Small
204006,SCRB 195,The Translational Science of Stem Cells: Present and Future 001,SCRB,4.31,4.77,17,2024Fall,3,Good,Moderate,Medium
204010,HEB 114,Gut Microbiome and Human Health 001,HEB,5.0,5.2,11,2024Fall,2,Excellent,Moderate,Small
204031,TDM 143,GAGA Movement 001,TDM,4.86,1.72,47,2023Fall,2,Excellent,Light,Medium
204040,CLASPHIL 285,Greek Palaeography 001,CLASPHIL,4.83,5.33,7,2024Fall,1,Excellent,Moderate,Small
204095,MATH ESPA,Emerging Scholars: Problem Solving Exploration 1,MATH,4.67,0.55,20,2022Fall,1,Excellent,Light,Medium
204110,WSTAFRCN AA,Elementary West African Pidgin 001,WSTAFRCN,5.0,2.67,17,2023Fall,2,Excellent,Light,Medium
204172,SOCIOL 1144,Economic Sociology 001,SOCIOL,4.3,4.11,22,2024Spring,2,Good,Moderate,Medium
204358,SCRB 197,Frontiers in Therapeutics 01,SCRB,4.64,4.55,52,2024Fall,2,Excellent,Moderate,Large
204369,PSY 2070,Modern Psychometric Theory and Methods 001,PSY,4.86,3.56,23,2022Fall,1,Excellent,Light,Medium
204396,BCMP 250,Biophysical and Biochemical Mechanisms of Protein Function 001,BCMP,3.31,4.5,24,2025Spring,3,Below Average,Moderate,Medium
204416,GENED 1089,"The Border: Race, Politics, and Health in Modern Mexico 001",GENED,4.4,5.43,176,2024Fall,2,Good,Moderate,Large
204418,MUSIC 20,Opera LEC,MUSIC,4.52,3.89,59,2024Spring,2,Excellent,Light,Large
204421,ECON 1036,The Psychology and Economics of Beliefs 001,ECON,2.8,4.6,6,2023Spring,1,Below Average,Moderate,Small
204433,ECON 1078,Analyzing Education Policy 001,ECON,4.2,4.1,12,2023Fall,2,Good,Moderate,Small
204470,BE 128,Introduction to Biomedical Imaging and Systems 001,BE,4.45,6.1,16,2024Spring,1,Good,Moderate,Medium
204471,ENG-SCI 26,Humanity and its Futures: AI and Human Cognition 001,ENG-SCI,3.92,3.38,34,2025Spring,1,Satisfactory,Light,Medium
204480,SYSBIO 220,Analytical foundations for quantitative biologists 1,SYSBIO,2.0,7.4,10,2023Spring,1,Below Average,Moderate,Small
204539,GOV 2312,Public Opinion 001,GOV,4.67,4.6,9,2023Spring,1,Excellent,Moderate,Small
204928,FRSEMR 61F,"Cartoons, Folklore, and Mythology 001",FRSEMR,4.67,1.4,6,2022Fall,1,Excellent,Light,Small
204955,APPHY 296,Mesoscale and Low Dimensional Devices 001,APPHY,4.77,8.16,43,2025Spring,3,Excellent,Heavy,Medium
204958,GOV 1759,Behavioral Insights and Public Policy: Nudging for Good 001,GOV,4.33,3.16,476,2025Spring,3,Good,Light,Large
204959,GOV 1290,Democracy and Authoritarianism 001,GOV,4.71,7.24,81,2025Spring,2,Excellent,Moderate,Large
204964,COMPSCI 1910,Classics of Computer Science 001,COMPSCI,4.65,4.16,104,2025Spring,3,Excellent,Moderate,Large
204965,ANTHRO 1450,"Water, Infrastructure, and Meaning 001",ANTHRO,4.4,5.33,13,2022Fall,1,Good,Moderate,Small
204966,GENED 1023,"Ignorance, Lies, Hogwash, and Humbug 001",GENED,4.0,3.89,34,2024Spring,2,Good,Light,Medium
204967,MUSIC 97F,Sophomore Tutorial 001,MUSIC,3.4,6.0,6,2024Fall,2,Below Average,Moderate,Small
204972,COMPSCI 1260,Fairness and Privacy: Perspectives from Law and Probability 001,COMPSCI,3.25,11.13,21,2024Fall,3,Below Average,Heavy,Medium
204975,MUSIC 97S,Sophomore Tutorial 001,MUSIC,3.13,4.75,10,2025Spring,1,Below Average,Moderate,Small
204984,JAPNLIT 260,Early Modern Japanese Literature and Culture 01,JAPNLIT,5.0,8.71,9,2024Spring,1,Excellent,Heavy,Small
204985,JAPNLIT 170,Traditional Japanese Literature: From Mythology to (Early) Modernity 01,JAPNLIT,5.0,3.58,25,2023Fall,1,Excellent,Light,Medium
204987,HIST 97L,"""What is Atlantic History?"" 01",HIST,3.17,6.67,8,2023Spring,1,Below Average,Moderate,Small
204989,OEB 58,How to Build an Animal 001,OEB,4.25,4.85,25,2023Fall,2,Good,Moderate,Medium
204991,EAFM 151,Documenting China on Film 01,EAFM,4.75,4.79,28,2023Fall,1,Excellent,Moderate,Medium
205015,SLAVIC 189,"The Other Russia: Twenty-First Century Films, Fictions, States of Mind 1",SLAVIC,4.67,5.0,7,2023Spring,1,Excellent,Moderate,Small
205023,TDM 90AR,TDM Production Studio: Black Girl Nerd 001,TDM,2.75,7.0,11,2024Fall,3,Below Average,Moderate,Small
205031,TDM 90BR,Spring Production Studio 001,TDM,3.17,11.6,18,2025Spring,3,Below Average,Heavy,Medium
205039,SOCIOL 1130,Student Leadership and Service in Higher Education 001,SOCIOL,4.92,4.46,14,2023Spring,1,Excellent,Moderate,Small
205045,COMPLIT 166,"Jews, Humor, and the Politics of Laughter SEM",COMPLIT,3.59,3.25,34,2024Spring,1,Satisfactory,Light,Medium
205046,COMPLIT 296,The Environmental Humanities and New Materialisms: Critical Paths and Trajectories 001,COMPLIT,4.6,8.25,12,2023Spring,1,Excellent,Heavy,Small
205060,PHIL 178Z,Inequality 001,PHIL,4.89,4.92,40,2025Spring,3,Excellent,Moderate,Medium
205076,HIST 1908,Racial Capitalism and the Black Radical Tradition 01,HIST,4.5,10.0,26,2025Spring,1,Excellent,Heavy,Medium
205079,GENED 1015,Ethics of Climate Change 001,GENED,3.81,3.51,92,2024Spring,1,Satisfactory,Light,Large
205086,SLAVIC 175,Between East and West: A Critical Mapping of Polish Culture 1,SLAVIC,4.5,4.8,7,2023Fall,1,Excellent,Moderate,Small
205088,GENED 1044,Deep History 001,GENED,4.3,5.91,36,2024Fall,2,Good,Moderate,Medium
205105,NEURO 120,Introductory Computational Neuroscience 001,NEURO,4.73,5.7,18,2025Spring,3,Excellent,Moderate,Medium
205109,GOV 2749,Political Psychology and International Relations 001,GOV,5.0,10.33,9,2025Spring,1,Excellent,Heavy,Small
205111,LING 73C,Beginning ASL III 001,LING,4.17,3.67,12,2024Fall,2,Good,Light,Small
205113,HIST 1610,"East Asian Environments: China, Japan, Korea 01",HIST,4.07,5.26,34,2023Spring,1,Good,Moderate,Medium
205122,HAA 292,Colonial Art of Mexico and the Andes 001,HAA,4.75,7.5,8,2023Spring,1,Excellent,Moderate,Small
205124,LING 73D,Beginning ASL IV 001,LING,3.67,3.83,8,2025Spring,3,Satisfactory,Light,Small
205147,ENGLISH CAJR,Investigations: Journalism and The 2022 Elections 001,ENGLISH,4.71,4.86,10,2022Fall,1,Excellent,Moderate,Small
205151,ENGLISH CIHR,Reading and Writing the Personal Essay: Workshop 001,ENGLISH,5.0,7.29,12,2024Fall,1,Excellent,Moderate,Small
205152,ENGLISH 110FF,Medieval Fanfiction 001,ENGLISH,4.33,5.09,18,2025Spring,2,Good,Moderate,Medium
205158,MBB 980P,The Role of Music in Health and Education 1,MBB,4.83,5.17,15,2024Fall,3,Excellent,Moderate,Medium
205161,FRENCH 86,Mother Dearest: French and Francophone Writers Confront the Maternal 001,FRENCH,4.84,6.25,23,2023Fall,1,Excellent,Moderate,Medium
205164,SPANSH 81,Table Talk and Food Writing 001,SPANSH,4.64,4.22,15,2023Fall,2,Excellent,Moderate,Medium
205177,FRSEMR 50V,Sea Monsters 001,FRSEMR,4.92,1.82,13,2022Fall,1,Excellent,Light,Small
205179,FYSEMR 70Z,"Regulating Online Conduct: Speech, Privacy, and the Use and Sharing of Content 01",FYSEMR,4.91,3.64,14,2024Fall,2,Excellent,Light,Small
205180,FYSEMR 71C,Law and Social Change: How Reform Movements Leverage the Law 001,FYSEMR,4.22,3.22,12,2025Spring,2,Good,Light,Small
205181,FRSEMR 61U,Reading the Novella: Form and Suspense in Short Fiction 001,FRSEMR,4.73,3.91,12,2022Fall,1,Excellent,Light,Small
205183,AFVS 215,Critical Printing 001,AFVS,4.83,8.2,10,2024Spring,1,Excellent,Heavy,Small
205184,ANTHRO 99A,Thesis Tutorial in Anthropology - Senior Year 001,ANTHRO,4.57,7.25,19,2022Fall,1,Excellent,Moderate,Medium
205185,ANTHRO 99B,Thesis Tutorial in Anthropology - Senior Year 001,ANTHRO,5.0,11.0,6,2025Spring,2,Excellent,Heavy,Small
205193,E-PSCI 120,Introduction to Planetary Sciences 001,E-PSCI,5.0,2.6,5,2024Spring,2,Excellent,Light,Small
205194,E-PSCI 139,Paleoclimate as Prologue 001,E-PSCI,4.0,4.17,8,2024Spring,1,Good,Moderate,Small
205205,SOCIOL 1157,Qualitative Methods in Sociology 001,SOCIOL,4.67,7.17,6,2024Spring,1,Excellent,Moderate,Small
205213,STAT 234,Sequential Decision Making 001,STAT,4.08,5.27,25,2025Spring,2,Good,Moderate,Medium
205241,AFVS 155,Documentary Fictions 1,AFVS,5.0,9.0,10,2024Spring,2,Excellent,Heavy,Small
205257,HIST 1001,The War in Vietnam 01,HIST,4.56,6.26,38,2024Fall,1,Excellent,Moderate,Medium
205259,HISTSCI 1228,The Century of Physics 001,HISTSCI,4.7,6.3,11,2023Spring,1,Excellent,Moderate,Small
205260,ROM-STD 201,Questions of Theory 001,ROM-STD,4.17,9.58,18,2024Fall,3,Good,Heavy,Medium
205265,GOV 94RG,A Revolt against Globalization? How Political Economies Change 001,GOV,4.86,5.14,12,2023Fall,1,Excellent,Moderate,Small
205269,ENGLISH 290MH,Migration and the Humanities 001,ENGLISH,4.5,6.44,21,2025Spring,3,Excellent,Moderate,Medium
205281,KORLIT 134,Korean Literature in Translation 01,KORLIT,4.38,7.13,9,2022Fall,1,Good,Moderate,Small
205290,ARABIC 152R,Quranic Hermeneutics 001,ARABIC,4.8,4.4,5,2024Spring,2,Excellent,Moderate,Small
205295,NEUROBIO 215A,The Discipline of Neuroscience 001,NEUROBIO,3.07,8.79,28,2024Fall,3,Below Average,Heavy,Medium
205339,FRSEMR 50Y,A Sense of Space (and Time) 001,FRSEMR,3.55,4.45,12,2022Fall,1,Satisfactory,Moderate,Small
205350,PHIL 107,Plato's Gorgias 001,PHIL,5.0,9.0,8,2024Fall,1,Excellent,Heavy,Small
205358,TDM 119B,"Voice, Text, and the Performer 1",TDM,4.67,3.5,12,2025Spring,3,Excellent,Light,Small
205365,TDM 194,The Making of a Musical: The Creative Process 001,TDM,5.0,3.91,15,2023Fall,1,Excellent,Light,Medium
205382,HISTSCI 2226,Science in the Cold War 001,HISTSCI,5.0,6.56,11,2025Spring,1,Excellent,Moderate,Small
205383,SPANSH 61PH,Spanish for Public Health 001,SPANSH,4.5,4.17,9,2025Spring,3,Excellent,Moderate,Small
205397,ANE 227,Critical Readings on Ancient History 001,ANE,5.0,4.5,8,2023Spring,1,Excellent,Moderate,Small
205401,HAA 56G,Spanish Golden Age Painting 001,HAA,4.67,5.41,24,2024Fall,1,Excellent,Moderate,Medium
205410,AFVS 63,Introduction to Time-Based Media 1,AFVS,4.71,4.43,11,2023Fall,1,Excellent,Moderate,Small
205411,AFVS 165V,Vertical Cinema 001,AFVS,4.5,4.67,10,2022Fall,1,Excellent,Moderate,Small
205412,GENED 1080,How Music Works: Engineering the Acoustical World 001,GENED,4.73,5.34,69,2024Fall,3,Excellent,Moderate,Large
205416,ASTRON 315,Ethics and Practice in Astronomy 001,ASTRON,4.83,1.67,11,2023Spring,1,Excellent,Light,Small
205489,WOMGEN 1217,Psychology of the Gendered Body 001,WOMGEN,4.78,4.67,12,2024Fall,3,Excellent,Moderate,Small
205490,HEB 1328,Clinical Comparative Medicine: Evolutionary Perspectives on Mental and Physical Health 001,HEB,4.59,3.37,27,2024Spring,2,Excellent,Light,Medium
205494,ANTHRO 98A,Junior Tutorial in Anthropology 001,ANTHRO,4.5,4.5,15,2024Fall,3,Excellent,Moderate,Medium
205519,ASTRON 5,Astrosociology 001,ASTRON,4.93,2.79,25,2025Spring,3,Excellent,Light,Medium
205522,ANTHRO 98B,Junior Tutorial for Thesis Writers in Anthropology 001,ANTHRO,4.18,5.64,13,2025Spring,3,Good,Moderate,Small
205523,ECON 2115,Econometric Methods II 001,ECON,2.71,6.57,27,2025Spring,3,Below Average,Moderate,Medium
205527,SLAVIC 154,Nabokov 001,SLAVIC,4.43,7.03,50,2024Fall,2,Good,Moderate,Medium
205632,TDM CKR,Introduction to Playwriting: Workshop 001,TDM,4.75,5.14,11,2023Fall,1,Excellent,Moderate,Small
205831,AFRIKAAN AB,Elementary Afrikaans 001,AFRIKAAN,4.89,4.0,10,2025Spring,3,Excellent,Moderate,Small
205834,AFRAMER 192Y,The Paradox of the Garden: Good and Evil in Paradise 001,AFRAMER,4.57,3.14,11,2023Spring,1,Excellent,Light,Small
205842,WSTAFRCN AB,Elementary West African Pidgin 001,WSTAFRCN,5.0,2.27,18,2024Spring,2,Excellent,Light,Medium
205844,JAMAICAN AB,Elementary Jamaican Patois 001,JAMAICAN,5.0,2.5,9,2024Spring,1,Excellent,Light,Small
205845,AMHARIC 101AR,Advanced Amharic 001,AMHARIC,4.75,2.67,6,2024Fall,1,Excellent,Light,Small
205849,ZULU AB,Elementary Zulu 001,ZULU,5.0,3.75,34,2025Spring,3,Excellent,Light,Medium
205853,AMHARIC BA,Intermediate Amharic 001,AMHARIC,5.0,2.33,8,2022Fall,1,Excellent,Light,Small
205854,IGBO AB,Elementary Igbo 001,IGBO,4.33,6.0,9,2025Spring,3,Good,Moderate,Small
205859,HAITIAN AB,Elementary Haitian Creole 001,HAITIAN,4.83,1.67,6,2024Spring,2,Excellent,Light,Small
205860,IGBO BA,Intermediate Igbo 01,IGBO,4.0,4.25,7,2022Fall,1,Good,Moderate,Small
205871,WSTAFRCN BB,Intermediate West African Pidgin 001,WSTAFRCN,4.8,3.8,5,2023Spring,1,Excellent,Light,Small
205873,AFRAMER 132Z,Vision and Justice (The Seminar) 001,AFRAMER,4.78,6.0,10,2025Spring,1,Excellent,Moderate,Small
206575,OROMO AA,Elementary Oromo 001,OROMO,3.8,2.8,8,2023Fall,1,Satisfactory,Light,Small
206579,OROMO AB,Elementary Oromo 001,OROMO,4.6,3.0,7,2024Spring,1,Excellent,Light,Small
206597,GULLAH AA,Elementary Gullah 001,GULLAH,4.5,5.0,17,2022Fall,1,Excellent,Moderate,Medium
206598,GULLAH AB,Elementary Gullah 001,GULLAH,5.0,3.0,13,2023Spring,1,Excellent,Light,Small
206814,GOV 2071,Democratic Theory 001,GOV,4.57,4.43,10,2022Fall,1,Excellent,Moderate,Small
206892,MUSIC 143R,Cuban Music Through The Lenses of Six Selected Composers LEC,MUSIC,4.0,6.4,12,2025Spring,2,Good,Moderate,Small
206979,HIST 2006,Readings in Native American and Indigenous Studies: Seminar 01,HIST,4.9,10.38,16,2025Spring,1,Excellent,Heavy,Medium
207005,PHYSICS 19,Introduction to Theoretical Physics 001,PHYSICS,4.67,9.13,33,2024Fall,3,Excellent,Heavy,Medium
207010,HIST 13T,Women in Economic Life 01,HIST,4.57,5.67,16,2024Fall,1,Excellent,Moderate,Medium
207090,MBB 980R,"Psychopaths and Psychopathy: Psychological, Neuroscientific, Legal, and Policy Issues 1",MBB,5.0,2.62,15,2022Fall,1,Excellent,Light,Medium
207091,MBB 980S,Cognitive Neuroscience of Meditation 1,MBB,4.5,5.7,14,2024Fall,2,Excellent,Moderate,Small
207092,MBB 980T,Sleep and Mental Health 1,MBB,4.3,2.6,15,2025Spring,2,Good,Light,Medium
207093,APCOMP 221,Critical Thinking in Data Science 001,APCOMP,4.06,4.3,85,2025Spring,3,Good,Moderate,Large
207100,NEUROBIO 215B,The Discipline of Neuroscience 001,NEUROBIO,3.36,7.36,26,2025Spring,3,Below Average,Moderate,Medium
207118,SOCIOL 90I,"Qualitative Research Lab: Immigration, Citizenship, and Belonging 001",SOCIOL,4.6,8.4,6,2022Fall,1,Excellent,Heavy,Small
207167,ISLAMCIV 181,Islam and Religious Diversity 001,ISLAMCIV,4.83,5.08,12,2025Spring,1,Excellent,Moderate,Small
207170,ECON 1015,Black Genius 001,ECON,4.11,4.17,30,2025Spring,2,Good,Moderate,Medium
207476,NEURO 80,Neurobiology of Behavior 001,NEURO,4.25,7.19,267,2024Fall,3,Good,Moderate,Large
207479,JAPNLIT 281,Medieval Japanese Literature and Culture 01,JAPNLIT,5.0,7.14,8,2023Fall,1,Excellent,Moderate,Small
207485,MATH 22A,Vector Calculus and Linear Algebra I 001,MATH,2.85,8.83,190,2024Fall,3,Below Average,Heavy,Large
207486,MATH 22B,Vector Calculus and Linear Algebra II 001,MATH,3.43,6.73,70,2025Spring,3,Below Average,Moderate,Large
207494,CHNSE 140XA,Advanced Modern Chinese for High-Proficiency Learners 002,CHNSE,5.0,5.67,7,2024Fall,3,Excellent,Moderate,Small
207495,CHNSE 140XB,Advanced Modern Chinese for High-Proficiency Learners 001,CHNSE,4.83,8.0,6,2025Spring,1,Excellent,Moderate,Small
207500,MATH 141A,Mathematical Logic I 001,MATH,4.28,7.28,25,2024Fall,1,Good,Moderate,Medium
207507,FYSEMR 71G,Americans at Work in the Age of Robots and Artificial Intelligence 001,FYSEMR,4.89,3.11,12,2024Fall,3,Excellent,Light,Small
207514,FYSEMR 51C,Science in the Age of Artificial Intelligence 01,FYSEMR,4.38,2.14,12,2024Fall,2,Good,Light,Small
207519,HIST 97M,"""What is International History?"" 01",HIST,4.25,7.92,16,2023Spring,1,Good,Moderate,Medium
207523,HIST 1006,Native American and Indigenous Studies: An Introduction 001,HIST,4.74,4.38,33,2022Fall,1,Excellent,Moderate,Medium
207525,HIST 1939,Economic History of Modern China 01,HIST,5.0,4.75,15,2023Fall,1,Excellent,Moderate,Medium
207528,MCB 105,Systems Neuroscience 001,MCB,4.0,5.57,33,2025Spring,3,Good,Moderate,Medium
207530,MCB 115,Cellular Basis of Neuronal Function 001,MCB,4.77,6.69,24,2025Spring,3,Excellent,Moderate,Medium
207531,HIST 2902,Narrative History: Art and Argument 01,HIST,4.82,8.6,13,2024Fall,3,Excellent,Heavy,Small
207532,HIST 1018,"Coffee and the Nighttime: History and Politics, 1400-2020 01",HIST,4.28,3.53,90,2024Spring,1,Good,Light,Large
207533,MCB 125,Molecular Basis of Behavior 001,MCB,4.27,6.37,150,2025Spring,2,Good,Moderate,Large
207534,NEURO 57,Animal Behavior 001,NEURO,4.05,4.51,63,2024Spring,2,Good,Moderate,Large
207555,ENGLISH 185E,The Essay: History and Practice 001,ENGLISH,4.68,4.03,107,2025Spring,3,Excellent,Moderate,Large
207566,SLAVIC 132,"Russia’s Golden Age: Literature, Arts, and Culture 001",SLAVIC,4.59,5.47,18,2024Fall,2,Excellent,Moderate,Medium
207568,PSY 2442R,Laboratory in Development and Psychopathology 001,PSY,5.0,6.33,10,2023Spring,2,Excellent,Moderate,Small
207571,TDM 109,Beginning Acting Through Scene Study and Monologue Work 001,TDM,5.0,6.43,12,2024Fall,3,Excellent,Moderate,Small
207573,PSY 1309,Essentials of fMRI for Cognitive Neuroscientists 001,PSY,4.38,3.58,22,2022Fall,1,Good,Light,Medium
207574,COMPLIT 107,The Politics of Yiddish SEM,COMPLIT,5.0,4.43,10,2023Fall,2,Excellent,Moderate,Small
207581,PSY 980JL,Clinical Psychology in Everyday Life 001,PSY,5.0,2.78,12,2025Spring,3,Excellent,Light,Small
207592,ENGLISH 210Q,Queer/Medieval 001,ENGLISH,4.83,6.5,10,2025Spring,2,Excellent,Moderate,Small
207597,ENG-SCI 152,"Circuits, Devices, and Transduction 001",ENG-SCI,4.54,15.38,22,2024Fall,3,Excellent,Heavy,Medium
207599,SOCIOL 2175,Sociology of Immigration 001,SOCIOL,4.71,9.0,9,2023Fall,1,Excellent,Heavy,Small
207614,ENG-SCI 297,Professional Writing for Scientists and Engineers 001,ENG-SCI,4.89,5.33,17,2025Spring,6,Excellent,Moderate,Medium
207615,NEURO 101L,Sleep Talk: Unraveling the Mystery of Sleep 001,NEURO,4.83,3.0,14,2025Spring,3,Excellent,Light,Small
207616,NEURO 101LB,Sleep Talk: Unraveling the Mystery of Sleep 001,NEURO,4.88,2.75,11,2024Spring,2,Excellent,Light,Small
207617,HISTSCI 1833,"Engineering East Asia: Technology, Society, and the State 001",HISTSCI,4.0,4.09,14,2023Fall,1,Good,Moderate,Small
207618,ECON 1746,Financial and Economic Crises of the 21st Century 001,ECON,4.43,4.3,127,2024Spring,2,Good,Moderate,Large
207622,E-PSCI 220,A Survey of Planetary Sciences 001,E-PSCI,5.0,2.6,5,2024Spring,2,Excellent,Light,Small
207625,E-PSCI 248,Topics in Mineral Physics and Chemistry: A Tour of the Solar System 001,E-PSCI,4.86,5.33,10,2025Spring,1,Excellent,Moderate,Small
207626,ENG-SCI 155,Systems and Control 001,ENG-SCI,3.9,9.63,34,2024Fall,3,Satisfactory,Heavy,Medium
207630,SOCIOL 1148,Race and Ethnicity in Global and Comparative Perspective 001,SOCIOL,5.0,3.57,13,2025Spring,1,Excellent,Light,Small
207633,ENGLISH CNSR,Narrative Science Writing: Workshop 001,ENGLISH,4.8,7.0,11,2024Fall,2,Excellent,Moderate,Small
207641,ECON 2360,The Microeconomics of Development 001,ECON,4.43,7.33,10,2024Fall,2,Good,Moderate,Small
207645,NEURO 140,Biological and Artificial Intelligence 001,NEURO,4.13,4.94,142,2025Spring,3,Good,Moderate,Large
207658,HAA 194M,The Museum 001,HAA,4.25,3.5,14,2023Spring,1,Good,Light,Small
207669,HAA 127M,Medieval Architecture in Greater Iran and Central Asia 001,HAA,4.94,6.93,19,2024Fall,1,Excellent,Moderate,Medium
207672,HAA 286S,The Shoso-in Treasury 001,HAA,4.67,6.5,10,2022Fall,1,Excellent,Moderate,Small
207673,HAA 265R,Topics in Northern Renaissance and Baroque Art 001,HAA,4.6,8.8,10,2023Spring,1,Excellent,Heavy,Small
207680,CHEM 156,Materials Chemistry LEC,CHEM,4.44,4.77,33,2023Fall,1,Good,Moderate,Medium
207681,PSY 980JO,Understanding Autism 001,PSY,4.71,5.33,11,2024Spring,2,Excellent,Moderate,Small
207690,HAA 92R,Design Speculations: Senior Design Tutorial 001,HAA,4.8,12.8,5,2023Fall,1,Excellent,Heavy,Small
207701,LING 241B,Practicum in Linguistics 001,LING,4.6,3.25,6,2023Spring,1,Excellent,Light,Small
207703,STAT 195,Introduction to Supervised Learning 001,STAT,4.0,8.48,32,2025Spring,2,Good,Heavy,Medium
207711,GOV 1433,Tech Science: From Democracy to Technocracy and Back 001,GOV,3.76,4.43,47,2024Fall,3,Satisfactory,Moderate,Medium
207715,GOV 2102,Political Economy of Development 001,GOV,5.0,8.8,12,2024Fall,1,Excellent,Heavy,Small
207717,GOV 2014,Research Design in Political Science: Qualitative and Mixed Methods 001,GOV,4.0,7.0,15,2024Spring,1,Good,Moderate,Medium
207723,GOV 94CT,The Governance and International Politics of World Regions 001,GOV,4.5,6.0,12,2025Spring,2,Excellent,Moderate,Small
207727,CELTIC 111,Shapeshifting and Identity in Celtic Traditions 001,CELTIC,4.91,1.7,17,2022Fall,1,Excellent,Light,Medium
207729,GOV 3003A,Direction of The Doctoral Dissertation 001,GOV,5.0,2.0,58,2024Fall,1,Excellent,Light,Large
207731,NEURO 231,Computational Neuroscience 001,NEURO,4.12,9.41,21,2024Spring,1,Good,Heavy,Medium
207732,NEURO 1401,Computational Cognitive Neuroscience: Building Models of the Brain 001,NEURO,4.0,5.0,22,2024Spring,1,Good,Moderate,Medium
207735,HAA 17K,Introduction to Contemporary Art 001,HAA,3.77,3.54,17,2024Fall,2,Satisfactory,Light,Medium
207740,HAA 278K,On Line: Drawing Then and Now 001,HAA,4.73,5.36,12,2024Fall,1,Excellent,Moderate,Small
207741,ENGLISH 90B,James / Baldwin 001,ENGLISH,5.0,7.53,24,2024Spring,1,Excellent,Moderate,Medium
207743,HAA 197P,Introduction to Pre-Columbian Art 001,HAA,4.57,4.67,20,2024Fall,2,Excellent,Moderate,Medium
207763,FRSEMR 62I,Major English and American Poets: Human Predicaments and Resolutions 001,FRSEMR,4.71,2.2,9,2022Fall,1,Excellent,Light,Small
207770,MCB 170,Brain Invaders: Building and Breaking Barriers in the Nervous System 001,MCB,4.07,6.33,18,2025Spring,3,Good,Moderate,Medium
207772,MCB 143,Neurobiology of Vision and Blindness 001,MCB,4.74,3.84,21,2024Spring,1,Excellent,Light,Medium
207773,NEURO 143,Neurobiology of Vision and Blindness 001,NEURO,4.74,3.84,21,2024Spring,1,Excellent,Light,Medium
207776,FYSEMR 51M,"Skin, Our Largest, Hottest, and Coolest Organ: From Cancer to Cosmetics 01",FYSEMR,4.88,2.5,10,2024Fall,3,Excellent,Light,Small
207777,FYSEMR 71O,"Patients and Physicians and Experience of Serious Illness, Death and Dying 001",FYSEMR,4.42,3.45,13,2024Spring,2,Good,Light,Small
207780,GOV 1021,Spatial Models of Social Science 001,GOV,3.88,5.47,23,2022Fall,1,Satisfactory,Moderate,Medium
207786,WOMGEN 1274,"Gender, Race, and Poverty in the United States 001",WOMGEN,4.5,3.75,14,2025Spring,2,Excellent,Light,Small
207799,FRSEMR 51H,Models of the World: Explaining the Past and Predicting the Future 001,FRSEMR,4.22,1.78,11,2022Fall,1,Good,Light,Small
207804,WOMGEN 1283,Love's Labors Found: Uncovering Histories of Emotional Labor 1,WOMGEN,4.57,6.0,15,2025Spring,2,Excellent,Moderate,Medium
207810,FRSEMR 62L,Knowing Cicero 001,FRSEMR,4.17,4.0,8,2022Fall,1,Good,Moderate,Small
207815,FYSEMR 71K,Economists on Building a Better Society 01,FYSEMR,4.6,5.64,12,2023Fall,1,Excellent,Moderate,Small
207817,FRSEMR 71M,"Global Capitalism: Past, Present, Future 001",FRSEMR,4.73,1.73,13,2023Spring,1,Excellent,Light,Small
207819,TDM 164H,Playwriting: Ritual Practice and Curious Worlds 001,TDM,4.57,5.86,12,2022Fall,1,Excellent,Moderate,Small
207824,PSY 980JT,How Hidden Incentives Shape the Mind: The Origins of Our Beliefs and Ideologies 001,PSY,4.63,3.38,14,2023Spring,1,Excellent,Light,Small
207834,FRSEMR 51F,Understanding the Seemingly Impossible: A Revolution in Biology 001,FRSEMR,3.64,3.1,11,2022Fall,1,Satisfactory,Light,Small
207836,SPANSH 72,"Introduction to Contemporary Spanish History, Literature and Culture 001",SPANSH,4.68,5.56,22,2024Fall,2,Excellent,Moderate,Medium
207847,HIST-LIT 90DH,Students at the Barricades: Student Activism in Global Perspective 001,HIST-LIT,4.83,4.4,10,2024Spring,1,Excellent,Moderate,Small
207862,COMPSCI 2281R,Topics in Foundations of ML: Mathematical & Engineering Principles for Training Foundation Models 001,COMPSCI,4.03,5.41,66,2024Fall,3,Good,Moderate,Large
207863,HLTHPOL 3040,Research in Seminar in Health Policy 001,HLTHPOL,4.5,1.0,26,2023Spring,1,Excellent,Light,Medium
207864,HLTHPOL 3002,Graduate Research Course: Mental Health Policy 001,HLTHPOL,4.33,2.83,8,2023Spring,1,Good,Light,Small
207917,GENED 1083,Permanent Impermanence: Why Buddhists Build Monuments 001,GENED,3.83,3.71,25,2024Spring,2,Satisfactory,Light,Medium
207920,GOV 93B,Technology Science Practicum 001,GOV,4.5,4.43,8,2023Fall,2,Excellent,Moderate,Small
207940,ECON 2416,Advanced Topics in Empirical Macroeconomics 001,ECON,4.6,8.33,5,2024Fall,4,Excellent,Heavy,Small
207950,ITAL 138,The Cosmos of the Divine Comedy 001,ITAL,4.74,4.91,42,2025Spring,3,Excellent,Moderate,Medium
207984,GOV 1783,Central Asia in Global Politics 001,GOV,4.57,6.43,10,2024Fall,3,Excellent,Moderate,Small
208004,ENG-SCI 280,Designing Technology Ventures 001,ENG-SCI,1.69,1.83,29,2024Fall,3,Below Average,Light,Medium
208013,IMMUN 315QC,Therapeutic Antibody Engineering – From Bench to Bedside 001,IMMUN,4.71,2.57,8,2022Fall,1,Excellent,Light,Small
208016,BMIF 201,Concepts in genome analysis 001,BMIF,3.78,10.25,25,2024Fall,3,Satisfactory,Heavy,Medium
208019,LING 90A,Advanced ASL 001,LING,4.5,7.0,9,2024Fall,2,Excellent,Moderate,Small
208031,RSEA 350,Topics in Regional Studies East Asia: Proseminar 1,RSEA,3.83,3.29,20,2024Fall,3,Satisfactory,Light,Medium
208045,ENG-SCI 105HFR,Humanitarian Design Projects 001,ENG-SCI,4.07,5.5,25,2025Spring,6,Good,Moderate,Medium
208060,MUSIC 195AS,Women Creators in Music SEM,MUSIC,4.5,4.0,9,2024Fall,2,Excellent,Moderate,Small
208113,ESPP 90G,The Law and Policy of Climate Change: Influencing Decision Makers 001,ESPP,4.56,6.1,11,2024Fall,3,Excellent,Moderate,Small
208114,EMR 133,"Power, Knowledge, Identity: Critical Approaches to Race and Ethnicity 001",EMR,4.64,5.0,13,2023Fall,1,Excellent,Moderate,Small
208135,SLAVIC 114,"Squaring the Circle: Russia, Art, Revolution 001",SLAVIC,4.67,3.17,12,2023Spring,1,Excellent,Light,Small
208154,ANTHRO 1900,Counseling as Colonization? Native American Encounters with the Clinical Psy-ences 001,ANTHRO,4.54,4.92,19,2023Spring,1,Excellent,Moderate,Medium
208314,COMPSCI 1450,Networking at Scale 001,COMPSCI,3.5,10.0,14,2025Spring,3,Satisfactory,Heavy,Small
208317,HISTSCI 1887,"Information: History, Politics, and Ethics 001",HISTSCI,4.63,4.5,13,2025Spring,1,Excellent,Moderate,Small
208364,ECON 50,Using Big Data to Solve Economic and Social Problems 001,ECON,4.28,4.49,421,2024Spring,2,Good,Moderate,Large
210859,ECON 2912,Early-Stage Research and Discussions on Labor Economics 001,ECON,5.0,2.0,16,2023Fall,2,Excellent,Light,Medium
210860,ECON 2907,Early-Stage Research and Discussions on Public Economics and Fiscal Policy 001,ECON,5.0,2.0,8,2023Fall,2,Excellent,Light,Small
210888,PERSIAN 108,Persian Sufi Literature 001,PERSIAN,5.0,5.5,11,2024Fall,2,Excellent,Moderate,Small
211109,ANTHRO 2738,Remaking Life and Death 001,ANTHRO,4.67,8.4,10,2023Spring,1,Excellent,Heavy,Small
211120,SPANSH 88,The History of Women in Spain in Dialogue with Hispanic America 001,SPANSH,4.73,5.36,14,2024Fall,1,Excellent,Moderate,Small
211175,STAT 236,"Sparse Inference, and Network and Text Analysis 001",STAT,4.44,3.54,58,2024Fall,2,Good,Light,Large
211177,OEB 207,The Fishy Aspects of the Human Body 001,OEB,3.67,3.33,17,2025Spring,1,Satisfactory,Light,Medium
211184,TDM 165H,Playwriting: Intersecting Americas 001,TDM,4.6,4.75,6,2025Spring,2,Excellent,Moderate,Small
211196,LING 90B,Advanced ASL 001,LING,2.5,3.0,6,2025Spring,2,Below Average,Light,Small
211197,HAA 279P,The Object in the Art Museum 001,HAA,4.75,3.25,15,2025Spring,3,Excellent,Light,Medium
211204,ECON 1436,Economics and Morality 001,ECON,4.22,3.72,69,2023Fall,1,Good,Light,Large
211228,RELIGION 1084,Encountering Motherhood: Sacred Histories 01,RELIGION,5.0,7.0,7,2022Fall,1,Excellent,Moderate,Small
211332,ECON 2906,Early Stage Research and Discussions on Macroeconomics 001,ECON,4.4,1.33,14,2022Fall,1,Good,Light,Small
211334,APMTH 22A,Solving and Optimizing 001,APMTH,3.77,8.69,42,2024Fall,3,Satisfactory,Heavy,Medium
211336,COMPSCI 229CR,Topics in Theoretical Computer Science: Spectral Graph Theory in CS 001,COMPSCI,4.63,13.37,20,2023Spring,1,Excellent,Heavy,Medium
211349,COMPSCI 271,Topics in Data Visualization 001,COMPSCI,3.71,6.5,30,2024Spring,1,Satisfactory,Moderate,Medium
211359,BE 129,Introduction to Bioelectronics 001,BE,4.33,5.67,18,2024Spring,2,Good,Moderate,Medium
211392,ECON 1042,Sports Economics 001,ECON,4.61,4.16,71,2025Spring,3,Excellent,Moderate,Large
211395,COMPSCI 2080,Applied Privacy for Data Science 001,COMPSCI,3.75,8.42,90,2025Spring,1,Satisfactory,Heavy,Large
212563,EASTD 196,Political Geography of China 01,EASTD,4.88,5.0,10,2024Spring,1,Excellent,Moderate,Small
212568,ECON 980MM,Field Experiments 001,ECON,4.71,4.5,18,2025Spring,2,Excellent,Moderate,Medium
212570,ENGLISH 276LR,"The New Negro Renaissance, 1895 - 1930 001",ENGLISH,4.78,7.78,14,2023Spring,1,Excellent,Moderate,Small
212603,GOV 1199,Negotiating Post-Soviet Conflict: The Geopolitics of Eastern Europe and the Caucasus 001,GOV,4.65,5.55,26,2024Spring,2,Excellent,Moderate,Medium
212641,CHNSLIT 235,Theater and Theatricality in Early Modern China 01,CHNSLIT,4.58,7.5,15,2024Spring,1,Excellent,Moderate,Medium
212642,CHNSLIT 134,Strange Tales: The Supernatural in Chinese Literature 001,CHNSLIT,4.67,3.17,17,2024Spring,2,Excellent,Light,Medium
212643,CHNSLIT 236,China's Banned Book: Reading Jin Ping Mei (Conference Course) 01,CHNSLIT,4.78,9.78,12,2023Spring,1,Excellent,Heavy,Small
212646,EASTD 261,Advanced Readings in East Asian Art and Literature 01,EASTD,4.17,6.8,8,2025Spring,1,Good,Moderate,Small
212653,HIST 1921,The History of Law in Europe 01,HIST,4.8,4.5,11,2024Fall,2,Excellent,Moderate,Small
212656,HIST 1919,Austrian History in Literature 01,HIST,4.88,4.29,15,2024Fall,1,Excellent,Moderate,Medium
212665,HIST 1009,The Making of the Modern Middle East 01,HIST,4.48,5.05,40,2024Spring,1,Good,Moderate,Medium
212669,HIST 1002,"The 20th Century United States: Politics, Society, Culture 01",HIST,4.33,4.82,17,2023Spring,1,Good,Moderate,Medium
212671,HIST 1056,The New Science of the Human Past: Case Studies at the Cutting Edge 01,HIST,4.76,3.5,31,2024Fall,2,Excellent,Light,Medium
212673,HIST 1903,How Societies Remember (and Forget) 01,HIST,4.4,6.1,14,2023Spring,1,Good,Moderate,Small
212674,HIST 1945,"Slavery, the Environment, and Public History 01",HIST,4.69,7.62,17,2025Spring,2,Excellent,Moderate,Medium
212679,HIST 2955A,History of Global Capitalism: Seminar 01,HIST,4.83,6.0,14,2024Fall,1,Excellent,Moderate,Small
212680,HIST 2955B,History of Global Capitalism: Seminar 01,HIST,4.4,8.4,14,2025Spring,1,Good,Heavy,Small
212685,APPHY 286,"Inference, Information Theory, Learning and Statistical Mechanics 001",APPHY,4.19,10.88,42,2023Fall,2,Good,Heavy,Medium
212686,COMPSCI 2430,Advanced Computer Networks 001,COMPSCI,4.12,7.36,26,2024Fall,3,Good,Moderate,Medium
212687,COMPSCI 249R,Tiny Machine Learning 001,COMPSCI,3.76,5.63,33,2023Fall,2,Satisfactory,Moderate,Medium
212688,SCRB 111,Regeneration:  Phenomena to Mechanisms 001,SCRB,4.65,4.18,21,2024Fall,3,Excellent,Moderate,Medium
212689,HIST 1333,Hegel and Marx 01,HIST,4.65,6.73,73,2025Spring,2,Excellent,Moderate,Large
212697,FYSEMR 62U,"Zombies and Spirits, Ghosts and Ghouls: Interactions between the Living and the Dead 001",FYSEMR,4.83,1.83,11,2023Fall,2,Excellent,Light,Small
212698,FYSEMR 71R,Dilemmas in the World’s Economy 01,FYSEMR,3.91,4.18,14,2024Spring,2,Satisfactory,Moderate,Small
212711,COMPLIT 153,Nabokov SEM,COMPLIT,4.43,7.03,50,2024Fall,2,Good,Moderate,Medium
212712,COMPLIT 172,Comparative Literatures of the Indian Ocean LEC,COMPLIT,4.67,11.5,6,2023Fall,1,Excellent,Heavy,Small
212719,ENG-SCI 233,"Water, Weather and Climate 001",ENG-SCI,4.83,3.6,11,2022Fall,1,Excellent,Light,Small
212720,COMPLIT 106,"The Yiddish Short Story: Folk Tales, Monologues, and Post-Apocalyptic Parables SEM",COMPLIT,4.5,3.0,9,2024Spring,1,Excellent,Light,Small
212721,COMPLIT 108,Translating World Literature 001,COMPLIT,4.5,6.69,25,2023Spring,1,Excellent,Moderate,Medium
212724,COMPLIT 156,Songmaking and the Idea of Lyric LEC,COMPLIT,4.5,1.88,62,2024Spring,1,Excellent,Light,Large
212727,SOCIOL 1046,Life and Death by Design 001,SOCIOL,4.35,3.55,51,2024Spring,2,Good,Light,Large
212729,FRSEMR 62R,LGBT Life Stories 001,FRSEMR,4.63,4.38,10,2022Fall,1,Excellent,Moderate,Small
212742,PSY 980AC,Mood Disorders 001,PSY,4.43,3.14,10,2023Fall,2,Good,Light,Small
212743,PSY 980AD,Psychopathology and the Family 001,PSY,4.86,4.86,13,2024Fall,3,Excellent,Moderate,Small
212748,PSY 1406,Biological and Artificial Visual Systems: How Humans and Machines Represent the Visual World 001,PSY,4.68,3.41,32,2024Spring,2,Excellent,Light,Medium
212749,PSY 1322,Decisions Big and Small: The Cognitive Science of Making Up Your Mind 001,PSY,4.57,3.0,30,2025Spring,3,Excellent,Light,Medium
212761,ENGLISH 191C,Constellations 001,ENGLISH,4.7,5.5,16,2023Fall,1,Excellent,Moderate,Medium
212765,GENED 1001,Stories from the End of the World 001,GENED,3.94,4.19,187,2025Spring,2,Satisfactory,Moderate,Large
212769,FYSEMR 62Z,"Buddhist Enlightenment: Visions, Words, and Practice 001",FYSEMR,5.0,4.43,10,2024Fall,3,Excellent,Moderate,Small
212777,PSY 2341R,"Research Seminar in Affect, Learning and Decision-Making 001",PSY,5.0,15.0,5,2023Fall,1,Excellent,Heavy,Small
212784,FYSEMR 63E,"Religion, Neuroscience, and the Human Mind 001",FYSEMR,3.33,3.33,14,2024Fall,2,Below Average,Light,Small
212785,FYSEMR 71Y,Rituals and Living the Good Life 001,FYSEMR,4.88,2.0,12,2024Fall,3,Excellent,Light,Small
212790,ENGLISH 90HN,The Harvard Novel 001,ENGLISH,4.5,6.8,13,2024Fall,1,Excellent,Moderate,Small
212793,ASTRON 22,The Unity of Science: From the Big Bang to the Brontosaurus,ASTRON,3.57,3.86,12,2024Spring,2,Satisfactory,Light,Small
212794,ENGLISH 292PH,Public Humanities Workshop 001,ENGLISH,4.38,4.0,14,2023Fall,1,Good,Moderate,Small
212795,ENGLISH 280QL,Queer and Trans Literature and Criticism 001,ENGLISH,4.0,8.4,5,2023Spring,1,Good,Heavy,Small
212802,TDM 129B,Performing Puppetry 001,TDM,4.33,2.5,11,2024Spring,1,Good,Light,Small
212807,HAA 170G,"Harvard Square: Social-History of Cambridge, MA 001",HAA,4.55,4.64,15,2024Fall,3,Excellent,Moderate,Medium
212820,LATIN 106C,Virgil's Iliadic Aeneid: Aeneid 7–12 001,LATIN,4.63,5.75,11,2023Spring,1,Excellent,Moderate,Small
212821,HIST-LIT 90DR,American Speeches 001,HIST-LIT,4.92,4.75,20,2023Spring,1,Excellent,Moderate,Medium
212829,NEURO 129,"The Brain: Development, Plasticity and Disease 001",NEURO,4.24,5.13,49,2024Fall,2,Good,Moderate,Medium
212830,NEURO 145,Neurobiology of Perception and Decision Making 001,NEURO,4.5,7.08,23,2024Fall,2,Excellent,Moderate,Medium
212831,MCB 146,Experience-Based Brain Development: Causes and Consequences 001,MCB,4.33,4.2,26,2025Spring,2,Good,Moderate,Medium
212832,NEURO 1202,Modern Neuroanatomy 001,NEURO,3.94,4.56,25,2024Spring,1,Satisfactory,Moderate,Medium
212834,GENED 1010,Satire 001,GENED,3.33,2.19,26,2024Spring,1,Below Average,Light,Medium
212840,GENED 1034,Texts in Transition 001,GENED,4.64,4.78,50,2024Fall,2,Excellent,Moderate,Medium
212841,GENED 1131,Loss 001,GENED,4.11,5.44,114,2025Spring,3,Good,Moderate,Large
212842,GENED 1119,"Law, Politics, and Trade Policy: Lessons from East Asia 001",GENED,3.83,4.29,75,2024Spring,1,Satisfactory,Moderate,Large
212843,GENED 1062,Ballots and Bibles: Why and How Americans Bring Scriptures into Their Politics 001,GENED,4.43,3.28,97,2024Spring,1,Good,Light,Large
212844,GENED 1039,"Higher Education: Students, Institutions, and Controversies 001",GENED,4.77,3.81,97,2023Spring,1,Excellent,Light,Large
212845,GENED 1073,Guns in the U.S.: A Love Story 001,GENED,4.28,4.97,53,2024Fall,1,Good,Moderate,Large
212849,GENED 1071,African Spirituality and the Challenges of Modern Times 001,GENED,4.06,4.53,303,2024Fall,3,Good,Moderate,Large
212850,GENED 1066,Rationality 001,GENED,3.61,3.77,127,2024Spring,1,Satisfactory,Light,Large
212853,GENED 1122,The Social Responsibilities of Higher Education 001,GENED,3.68,5.16,86,2024Fall,1,Satisfactory,Moderate,Large
212854,GENED 1037,Great Experiments that Changed Our World 001,GENED,4.28,4.55,44,2025Spring,3,Good,Moderate,Medium
212855,GENED 1114,Painting's Doubt: A Studio Course 001,GENED,4.93,7.92,69,2023Fall,2,Excellent,Moderate,Large
212856,GENED 1146,Race and Justice 001,GENED,3.96,3.76,136,2022Fall,1,Satisfactory,Light,Large
212857,GENED 1090,What Is a Book? From the Clay Tablet to the Kindle 001,GENED,4.14,5.21,57,2025Spring,2,Good,Moderate,Large
212858,GENED 1102,"Making Change When Change is Hard: the Law, Politics, and Policy of Social Change 001",GENED,3.65,4.03,106,2024Fall,3,Satisfactory,Moderate,Large
212859,ENGLISH 195EC,"Growth, Technology, Inequality, and Education 001",ENGLISH,3.9,4.97,41,2022Fall,1,Satisfactory,Moderate,Medium
212874,GENED 1084,The First Nine Months 001,GENED,3.77,2.12,134,2023Fall,2,Satisfactory,Light,Large
212875,ANTHRO 1255,Human Diet: from Neanderthals to the future of food 001,ANTHRO,3.84,4.23,39,2022Fall,1,Satisfactory,Moderate,Medium
212882,SCRB 50,Building a Human Body: From Gene to Cell to Organism 001,SCRB,4.25,6.76,50,2025Spring,3,Good,Moderate,Medium
212884,PHIL 165,The Structure of the Social World 001,PHIL,4.7,7.11,11,2024Fall,1,Excellent,Moderate,Small
212894,WOMGEN 1426,The Sexual Life of Colonialism 1,WOMGEN,5.0,5.71,14,2025Spring,1,Excellent,Moderate,Small
212896,GENED 1038,Sleep 001,GENED,4.1,5.73,323,2025Spring,3,Good,Moderate,Large
212899,GOV 94ACH,Politics of Inequality in Latin America 001,GOV,4.55,5.09,13,2025Spring,1,Excellent,Moderate,Small
212901,SOCIOL 1119,"Leadership, Social Change, and its Challenges: Boston as a Case Study 001",SOCIOL,4.86,4.78,31,2023Fall,2,Excellent,Moderate,Medium
212910,CLS-STDY 118,Ancient Greek Warfare 001,CLS-STDY,3.62,2.59,57,2023Fall,1,Satisfactory,Light,Large
212912,APMTH 226,Theory of Neural Computation 001,APMTH,3.89,10.95,37,2024Fall,2,Satisfactory,Heavy,Medium
212919,GENED 1112,Prediction: The Past and Present of the Future 001,GENED,3.91,4.33,48,2025Spring,3,Satisfactory,Moderate,Medium
212922,APMTH 22B,Integrating and Approximating 001,APMTH,3.4,6.8,6,2023Spring,1,Below Average,Moderate,Small
212923,LING 190,Quantitative Methods in Linguistics 001,LING,4.5,5.83,9,2024Spring,1,Excellent,Moderate,Small
212926,ROM-LANG 310,Article Publication Workshop 001,ROM-LANG,4.67,4.5,7,2022Fall,1,Excellent,Moderate,Small
212933,HAA 128N,"Islamic Ornamentality, Abstraction, and Theories of Perception 001",HAA,4.71,3.57,13,2024Spring,1,Excellent,Light,Small
212935,HISTSCI 1441,Foreign Bodies: On Health and Migration 001,HISTSCI,4.89,5.29,22,2023Fall,1,Excellent,Moderate,Medium
212976,EASTD 197,China's Cultural Revolution 01,EASTD,4.53,4.67,24,2022Fall,1,Excellent,Moderate,Medium
212977,EASTD 198,Political Parties of East Asia 01,EASTD,4.65,4.75,20,2023Spring,1,Excellent,Moderate,Medium
213244,HISTSCI 1445,Medicine and Health in America 001,HISTSCI,4.23,5.93,41,2024Fall,2,Good,Moderate,Medium
213247,FYSEMR 62Y,Back to the Future: The Cities of Tomorrow Throughout History 01,FYSEMR,4.46,2.15,15,2023Fall,1,Good,Light,Medium
213249,FRSEMR 51R,Generating Biodiversity: Hands-On Research Experience in Speciation Biology 001,FRSEMR,5.0,2.17,9,2023Spring,1,Excellent,Light,Small
213257,HIST 1125,Reasoning from the Past: Applied History and Decision Making 01,HIST,4.56,6.25,11,2024Fall,3,Excellent,Moderate,Small
213294,RELIGION 2519,"Coloniality, Race, Catastrophe 001",RELIGION,4.86,5.0,9,2023Spring,1,Excellent,Moderate,Small
213310,OEB 213,Macroevolution in Deep Time 001,OEB,4.63,3.25,9,2024Fall,1,Excellent,Light,Small
213327,ENGLISH CGF,"Genre Fiction Workshop: Sci-Fi, Speculative Fiction, Horror, The Ghost Story, The New Weird 001",ENGLISH,4.88,5.14,12,2023Fall,2,Excellent,Moderate,Small
213336,PSY 1903,Programming for Psychologists 001,PSY,4.5,5.13,13,2024Fall,2,Excellent,Moderate,Small
213361,NEUROBIO 240,Biological and Artificial Intelligence 001,NEUROBIO,4.13,4.94,142,2025Spring,3,Good,Moderate,Large
213364,GOV 94MCC,Peacebuilding After Ethnoreligious Violence 001,GOV,4.4,6.86,16,2024Fall,1,Good,Moderate,Medium
213366,SLAVIC 171,The Holocaust in Polish Memory and Culture 001,SLAVIC,4.78,5.13,11,2024Spring,1,Excellent,Moderate,Small
213383,SOC-STD 60,Making Sense of Methods for Theoretical and Historical Research 001,SOC-STD,4.4,6.2,19,2025Spring,3,Good,Moderate,Medium
213384,SOC-STD 50,Foundations of Social Science Research 001,SOC-STD,4.78,5.5,34,2025Spring,4,Excellent,Moderate,Medium
213398,ENG-SCI 298DR,Methodologies in Design Engineering 001,ENG-SCI,3.5,2.33,17,2023Spring,1,Satisfactory,Light,Medium
213403,PHIL 239,Special Topics in Post-Kantian European Philosophy 001,PHIL,4.17,5.4,12,2023Fall,2,Good,Moderate,Small
213406,GENED 1158,Water and the Environment 001,GENED,3.9,4.31,103,2025Spring,2,Satisfactory,Moderate,Large
213407,APMTH 10,Computing with Python for Scientists and Engineers 001,APMTH,4.41,7.15,56,2024Fall,3,Good,Moderate,Large
213430,GOV 1249,Authoritarianism 001,GOV,4.54,5.69,61,2024Fall,3,Excellent,Moderate,Large
213452,GOV 94SI,Grand Strategy in International Relations and U.S. Foreign Policy 001,GOV,4.13,8.0,12,2024Fall,1,Good,Moderate,Small
213469,ANTHRO 1883,Where Science Meets Society: Introduction to STS 001,ANTHRO,4.73,4.6,20,2023Spring,1,Excellent,Moderate,Medium
213475,AFVS 144M,Photography and Ecology 1,AFVS,4.6,3.0,13,2022Fall,1,Excellent,Light,Small
213478,STAT 185,Introduction to Unsupervised Learning 001,STAT,4.71,7.0,21,2024Fall,3,Excellent,Moderate,Medium
213509,AFVS 118C,Curating Contemporary Art 001,AFVS,4.71,3.33,12,2024Spring,2,Excellent,Light,Small
213522,ECON 1088,Finance for Inclusive Growth 001,ECON,4.3,5.66,52,2024Fall,2,Good,Moderate,Large
213535,MATH 18B/19B,"Linear Algebra, Probability, and Statistics 001",MATH,3.0,14.75,11,2023Spring,1,Below Average,Heavy,Small
213559,EMR 139,"Coloniality, Race, Catastrophe 001",EMR,4.86,5.0,9,2023Spring,1,Excellent,Moderate,Small
213579,HEB 1311,Walking & Running 001,HEB,4.22,2.03,63,2024Spring,2,Good,Light,Large
213580,HEB 1381,The Arrogant Ape: Rethinking our Relationships to Others 001,HEB,4.67,4.33,15,2023Fall,2,Excellent,Moderate,Medium
213581,PHIL 109,Early Chinese Ethics 001,PHIL,5.0,4.43,12,2024Fall,3,Excellent,Moderate,Small
213582,PHIL 162,Virtues and Vices: Proseminar 001,PHIL,4.42,6.0,16,2022Fall,1,Good,Moderate,Medium
213595,RELIGION 1577,Ecotheology 01,RELIGION,4.2,5.4,6,2022Fall,1,Good,Moderate,Small
213604,GOV 94JH,American Cyber Politics 001,GOV,4.5,4.63,16,2023Fall,2,Excellent,Moderate,Medium
213653,COMPSCI 282BR,Topics in Machine Learning: Interpretability and Explainability 001,COMPSCI,4.3,5.72,50,2023Spring,1,Good,Moderate,Medium
213656,HIST 2445,"Constitutions, Law, and Empire: Seminar 01",HIST,4.0,7.5,11,2023Spring,1,Good,Moderate,Small
213657,GOV 94EM,"Crime, Responsibility, and the Law 001",GOV,4.82,5.5,15,2025Spring,3,Excellent,Moderate,Medium
213686,FRENCH 135,Under the Table/Sous la Table 001,FRENCH,4.67,8.5,6,2023Fall,1,Excellent,Heavy,Small
213688,ITAL 111,Italian Cinema: 10 Masterpieces 001,ITAL,5.0,4.2,12,2024Spring,2,Excellent,Moderate,Small
214343,GENED 1078,"Disease, Illness, and Health through Literature 001",GENED,4.12,4.28,84,2023Fall,1,Good,Moderate,Large
214345,HISTSCI 2848,The Digital Age: Sources and Methods 001,HISTSCI,4.6,6.8,10,2023Spring,1,Excellent,Moderate,Small
214347,BPH 318QC,Topics in Immunology and Infectious Diseases 001,BPH,5.0,2.25,7,2023Fall,1,Excellent,Light,Small
214351,HEB 39,The Human Brain in the Animal Kingdom 001,HEB,4.38,4.58,27,2025Spring,3,Good,Moderate,Medium
214429,HIST 2538,Introduction to Islamic Law 001,HIST,4.43,5.57,9,2022Fall,1,Good,Moderate,Small
214446,PHYSICS 260A,Introduction to quantum information 001,PHYSICS,3.67,5.67,16,2025Spring,2,Satisfactory,Moderate,Medium
214483,COMPSCI 226R,Topics in Theory for Society: The Theory of Algorithmic Fairness 001,COMPSCI,3.72,11.14,65,2024Spring,2,Satisfactory,Heavy,Large
214486,GENED 1115,"Human Trafficking, Slavery and Abolition in the Modern World 001",GENED,3.83,3.88,85,2025Spring,3,Satisfactory,Light,Large
214498,PSY 980AH,Psychology of Cults 001,PSY,4.57,3.86,16,2023Spring,1,Excellent,Light,Medium
214499,E-PSCI 101,Global Warming Science 101 001,E-PSCI,4.32,5.45,45,2025Spring,3,Good,Moderate,Medium
214500,ESE 101,Global Warming Science 101 001,ESE,4.32,5.45,45,2025Spring,3,Good,Moderate,Medium
214512,ENG-SCI 228,Computational Solid and Structural Mechanics 001,ENG-SCI,4.4,14.6,14,2024Fall,3,Good,Heavy,Small
214513,ENGLISH 152KD,Keats Isn't Dead: How We Live Romanticism 001,ENGLISH,5.0,3.17,8,2024Spring,1,Excellent,Light,Small
214514,ENGLISH 285SA,South Asian Poetry 001,ENGLISH,4.83,5.0,9,2025Spring,2,Excellent,Moderate,Small
214531,HISTSCI 2270,Scientific Visualization: From Galileo to Black Holes 001,HISTSCI,4.8,7.22,22,2023Fall,1,Excellent,Moderate,Medium
214533,TS 260,Literary Translation Advanced Workshop WRK,TS,4.83,7.67,7,2023Fall,1,Excellent,Moderate,Small
214575,TDM 158A,Introduction to Costume Design 001,TDM,3.78,9.33,12,2024Fall,2,Satisfactory,Heavy,Small
214576,AFRAMER 130Y,"Mobility, Power and Politics 001",AFRAMER,4.33,3.44,11,2023Spring,1,Good,Light,Small
214580,ENG-SCI 292B,Launch Lab/Capstone 2 001,ENG-SCI,4.57,4.62,31,2025Spring,3,Excellent,Moderate,Medium
214585,CHAGATAY A,Elementary Chaghatay 001,CHAGATAY,5.0,6.6,5,2024Fall,1,Excellent,Moderate,Small
214587,ANTHRO 3636,Pedagogy in Anthropology 001,ANTHRO,4.2,2.0,7,2024Spring,1,Good,Light,Small
214600,STAT 293,Design of Experimental and Non-experimental Studies 001,STAT,4.6,5.44,23,2023Spring,1,Excellent,Moderate,Medium
214604,PHIL 193,Indian Philosophy 001,PHIL,4.0,6.33,12,2024Fall,1,Good,Moderate,Small
214613,YIDDISH 166,"Jews, Humor, and the Politics of Laughter 001",YIDDISH,3.59,3.25,34,2024Spring,1,Satisfactory,Light,Medium
214614,PHYSICS 296,Mesoscale and Low Dimensional Devices 001,PHYSICS,4.77,8.16,43,2025Spring,3,Excellent,Heavy,Medium
214626,ENGLISH 90GS,Global Shakespeare 001,ENGLISH,4.67,9.17,9,2023Fall,1,Excellent,Heavy,Small
215108,ANTHRO 1038,Game of Stones: The Archaeology of Europe from Handaxes to Stonehenge 001,ANTHRO,4.27,3.69,18,2024Spring,1,Good,Light,Medium
215116,ENG-SCI 258,Introduction to Bioelectronics 001,ENG-SCI,4.33,5.67,18,2024Spring,2,Good,Moderate,Medium
215120,E-PSCI 299,Communication Skills of Academia 001,E-PSCI,5.0,1.4,8,2023Spring,1,Excellent,Light,Small
215121,APCOMP 215,Advanced Practical Data Science 001,APCOMP,4.23,10.37,135,2024Fall,2,Good,Heavy,Large
215415,APPHY 195B,Introduction to Quantum Materials and Devices 001,APPHY,4.8,3.5,10,2025Spring,1,Excellent,Light,Small
215682,GERMAN 111,Translating German 1,GERMAN,4.75,3.75,6,2022Fall,1,Excellent,Light,Small
215717,PHYSCI 70,Introduction to Digital Fabrication 001,PHYSCI,5.0,12.09,25,2025Spring,6,Excellent,Heavy,Medium
215751,IMMUN 203,Advances in Immunology 001,IMMUN,3.86,2.17,12,2025Spring,3,Satisfactory,Light,Small
215757,MBB 980V,Neuroimaging and Big Data in Connectomics: Advances in Understanding the Wiring of the Brain 1,MBB,4.4,3.4,6,2023Spring,1,Good,Light,Small
215759,HAA 42P,Architecture through the Ages: Notre-Dame-de-Paris 001,HAA,4.52,4.24,28,2024Fall,2,Excellent,Moderate,Medium
215763,HAA 146P,The Birth of the Author: Pictorial Paratexts in the Middle Ages 001,HAA,4.71,6.17,11,2023Spring,1,Excellent,Moderate,Small
215765,RELIGION 145,Forgiveness 1,RELIGION,4.56,4.5,15,2024Spring,1,Excellent,Moderate,Medium
215796,ECON 2418,Political Economy of Non-Democracies 001,ECON,4.89,5.63,19,2024Fall,2,Excellent,Moderate,Medium
215833,CHNSLIT 285,The Literary Life of Things in China 01,CHNSLIT,4.5,6.83,8,2023Fall,1,Excellent,Moderate,Small
215835,HIST 97P,"""What is Indigenous History?"" 01",HIST,4.42,6.73,14,2023Spring,1,Good,Moderate,Small
215837,EASTD 199,China and the African Continent 01,EASTD,4.58,3.55,17,2023Fall,1,Excellent,Light,Medium
215849,FYSEMR 51X,Changing Perspectives: the Science of Optics in the Visual Arts 001,FYSEMR,4.89,2.11,11,2025Spring,2,Excellent,Light,Small
215850,FYSEMR 63L,Memory Wars: Cultural Trauma and the Power of Literature 001,FYSEMR,5.0,4.0,7,2024Fall,3,Excellent,Moderate,Small
215859,CHAGATAY B,Elementary Chaghatay 001,CHAGATAY,4.6,7.2,5,2025Spring,1,Excellent,Moderate,Small
215872,GENED 1165,Superheroes and Power 001,GENED,3.27,3.75,167,2023Fall,1,Below Average,Light,Large
215873,GENED 1167,Climate Crossroads 001,GENED,4.78,5.78,13,2024Fall,2,Excellent,Moderate,Small
215875,GENED 1053,The Global Heart Disease Epidemic: Stopping What We Started 001,GENED,3.84,6.04,78,2024Fall,3,Satisfactory,Moderate,Large
215876,GENED 1006,Music From Earth 001,GENED,4.31,3.27,89,2023Fall,1,Good,Light,Large
215890,GENED 1067,Creativity 001,GENED,4.85,3.85,60,2023Spring,1,Excellent,Light,Large
215893,GENED 1050,Act Natural 001,GENED,4.2,4.98,82,2025Spring,3,Good,Moderate,Large
215894,GENED 1140,Borders 001,GENED,4.0,4.38,58,2025Spring,2,Good,Moderate,Large
215896,GENED 1125,Artificial & Natural Intelligence 001,GENED,4.1,3.0,65,2024Spring,2,Good,Light,Large
215901,ECON 2340,Spatial Mobility and Development: Evidence and Quantitative Models 001,ECON,5.0,9.36,15,2024Fall,3,Excellent,Heavy,Medium
215916,GENED 1103,Living in an Urban Planet 001,GENED,4.3,4.55,212,2024Fall,2,Good,Moderate,Large
215940,ANTHRO 1270,"Sick: 10,000 Years of Health and Disease 001",ANTHRO,4.56,5.87,23,2024Fall,1,Excellent,Moderate,Medium
215966,JEWISHST 106,Mainstream Jews 001,JEWISHST,4.5,4.25,12,2024Fall,1,Excellent,Moderate,Small
215968,JEWISHST 224,Jew Theory 001,JEWISHST,4.0,6.0,6,2024Fall,1,Good,Moderate,Small
215988,TDM 169S,Singer + Song = Story 001,TDM,4.4,6.0,16,2024Fall,3,Good,Moderate,Medium
215990,ANCSTD 201,Environment and Society in the Premodern World 001,ANCSTD,4.5,12.6,14,2025Spring,1,Excellent,Heavy,Small
215995,SLAVIC 121,"Ballet, Past and Present 001",SLAVIC,4.7,2.95,23,2024Spring,1,Excellent,Light,Medium
215997,AFRAMER 128X,People as Infrastructure: The Politics of Urban Infrastructure in Africa 001,AFRAMER,4.71,5.14,9,2023Spring,1,Excellent,Moderate,Small
215999,HIST 1980,"The Soviet Empire, 1917-1991 01",HIST,4.56,8.11,12,2023Spring,1,Excellent,Heavy,Small
216001,HIST 12M,Abolitionist Women and Their Worlds 01,HIST,4.58,7.55,16,2024Fall,1,Excellent,Moderate,Medium
216003,HIST 12G,Atlantic Slave Wars 01,HIST,4.75,7.13,13,2022Fall,1,Excellent,Moderate,Small
216011,HISTSCI 2428,Epidemics and Other Crises 001,HISTSCI,5.0,8.2,9,2022Fall,1,Excellent,Heavy,Small
216015,E-PSCI 6,Introduction to Environmental Science and Engineering 001,E-PSCI,4.17,6.94,19,2024Fall,3,Good,Moderate,Medium
216016,E-PSCI 169,Field and Lab-Based Seminar on Local Pollution Issues 001,E-PSCI,4.58,6.58,18,2024Fall,2,Excellent,Moderate,Medium
216017,E-PSCI 166,State-of-the-Art Harvard Climate Observatory and Associated Instrumentation 001,E-PSCI,4.5,4.67,8,2025Spring,1,Excellent,Moderate,Small
216018,E-PSCI 161,Applied Environmental Toxicology 001,E-PSCI,4.61,7.53,25,2025Spring,2,Excellent,Moderate,Medium
216019,E-PSCI 102,Data Analysis and Statistical Inference in the Earth and Environmental Sciences 001,E-PSCI,4.43,9.0,9,2024Fall,2,Good,Heavy,Small
216022,COMPLIT 119,Mainstream Jews SEM,COMPLIT,4.5,4.25,12,2024Fall,1,Excellent,Moderate,Small
216023,COMPLIT 171,Counter-Imperialism and Asian-African Literatures SEM,COMPLIT,4.67,7.17,12,2024Fall,1,Excellent,Moderate,Small
216030,SLAVIC 133,Modernist Journeys 1,SLAVIC,3.75,4.0,9,2023Fall,1,Satisfactory,Moderate,Small
216044,COMPLIT 224,Jew Theory SEM,COMPLIT,4.0,6.0,6,2024Fall,1,Good,Moderate,Small
216046,COMPLIT 278,Hyperreality SEM,COMPLIT,4.5,5.46,22,2023Fall,1,Excellent,Moderate,Medium
216063,ENGLISH 20,Literary Forms 001,ENGLISH,4.58,6.0,44,2025Spring,6,Excellent,Moderate,Medium
216071,ENGLISH 186CC,Climate Change Literature 001,ENGLISH,4.81,4.81,21,2023Fall,1,Excellent,Moderate,Medium
216074,ENGLISH 97,Sophomore Tutorial: Literary Methods 002,ENGLISH,3.88,7.0,13,2025Spring,6,Satisfactory,Moderate,Small
216084,FRSEMR 51S,Natural History Museums and the Anthropocene 001,FRSEMR,5.0,2.88,8,2022Fall,1,Excellent,Light,Small
216089,GOV 1015,Strategic Models of Politics 001,GOV,4.44,4.35,28,2024Fall,3,Good,Moderate,Medium
216092,SPANSH 80TS,Translating Boundaries in Spain 001,SPANSH,4.88,3.38,8,2025Spring,3,Excellent,Light,Small
216098,ENGLISH CNL,The Novel Lab: Studying Long-Form Narratives in Fiction 001,ENGLISH,4.63,3.63,12,2024Spring,3,Excellent,Light,Small
216102,FYSEMR 52C,Tree 001,FYSEMR,4.86,4.43,15,2023Fall,2,Excellent,Moderate,Medium
216103,FYSEMR 52D,Quantum Entanglement and the Second Quantum Revolution 01,FYSEMR,3.77,1.08,15,2023Fall,1,Satisfactory,Light,Medium
216104,FYSEMR 63N,Narrative Negotiations: How do Readers and Writers Decide 01,FYSEMR,4.17,4.83,11,2023Fall,1,Good,Moderate,Small
216105,FYSEMR 52E,Science and Technology Primer for Future Leaders 001,FYSEMR,4.9,1.89,13,2025Spring,3,Excellent,Light,Small
216106,FRSEMR 63W,Vegetal Humanities: Paying Attention to Plants in Contemporary Art and Culture 001,FRSEMR,3.6,1.6,7,2023Spring,1,Satisfactory,Light,Small
216112,FYSEMR 63T,What Is Avant-Garde? 01,FYSEMR,4.6,3.25,5,2023Fall,1,Excellent,Light,Small
216114,FYSEMR 52G,Nuclear Dilemmas 01,FYSEMR,4.64,5.82,12,2024Fall,1,Excellent,Moderate,Small
216115,WOMGEN 1310,Transgender Rights and the Law: Assumptions and Critiques 001,WOMGEN,4.82,5.0,13,2022Fall,1,Excellent,Moderate,Small
216124,FYSEMR 63R,What is a Classic? 001,FYSEMR,4.0,2.33,9,2023Fall,2,Good,Light,Small
216126,PSY 1340,"Imagination, Pretense, and Make-Believe Worlds 001",PSY,4.62,3.62,18,2023Fall,1,Excellent,Light,Medium
216132,GOV 1135,Politics of Development in Africa 001,GOV,4.78,4.83,23,2023Fall,1,Excellent,Moderate,Medium
216164,ANTHRO 1906,Care in Critical Times 001,ANTHRO,3.5,5.75,17,2024Fall,3,Satisfactory,Moderate,Medium
216165,HAA 73,Money Matters 001,HAA,4.24,3.5,106,2025Spring,2,Good,Light,Large
216175,GOV 1338,Governance in Native America 001,GOV,4.46,3.82,64,2025Spring,2,Good,Light,Large
216182,PSY 2452R,Laboratory Research on the Biopsychosocial Effects of Stigma 001,PSY,5.0,7.2,11,2025Spring,3,Excellent,Moderate,Small
216184,GOV 94ND,Global Cities in East Asia 001,GOV,4.88,4.88,9,2023Spring,1,Excellent,Moderate,Small
216188,FRSEMR 63X,Happiness and Different Ways of Life 001,FRSEMR,5.0,1.33,6,2023Spring,1,Excellent,Light,Small
216197,ENGLISH 90EB,Elizabeth Bishop and Others 001,ENGLISH,5.0,3.83,10,2025Spring,2,Excellent,Light,Small
216201,ENGLISH 90LS,Literacy Stories 001,ENGLISH,4.92,6.5,12,2024Fall,1,Excellent,Moderate,Small
216212,GOV 94YW,Comparative Political Development 001,GOV,4.83,5.33,16,2025Spring,2,Excellent,Moderate,Medium
216224,GOV 1130,Democracy: Breakthroughs and Breakdowns 001,GOV,4.57,5.14,13,2024Spring,1,Excellent,Moderate,Small
216232,HIST-LIT 90EJ,Espionage: A Cultural History 001,HIST-LIT,5.0,5.5,13,2024Fall,2,Excellent,Moderate,Small
216233,HIST-LIT 90EK,American Noir 001,HIST-LIT,4.55,5.5,13,2023Fall,1,Excellent,Moderate,Small
216237,HIST-LIT 90EO,The Reinvention of New York City 001,HIST-LIT,4.0,3.27,12,2022Fall,1,Good,Light,Small
216239,HIST-LIT 90EQ,Nuclear Imperialisms 001,HIST-LIT,4.69,3.42,15,2023Spring,1,Excellent,Light,Medium
216240,HIST-LIT 90ER,The Gilded Age 001,HIST-LIT,4.7,5.3,14,2025Spring,1,Excellent,Moderate,Small
216268,GOV 1347,Election Analytics 001,GOV,4.86,9.52,24,2024Fall,2,Excellent,Heavy,Medium
216271,HIST 1973,Re-Wilding Harvard 01,HIST,4.75,2.71,13,2025Spring,2,Excellent,Light,Small
216272,PSY 1845,"Stigma, Discrimination, and Health 001",PSY,4.92,5.46,34,2024Fall,2,Excellent,Moderate,Medium
216288,GENED 1169,What Is the Good China Story? 001,GENED,4.37,3.53,85,2023Fall,1,Good,Light,Large
216294,AFVS 154M,Social Justice Filmmaking 1,AFVS,4.5,12.2,8,2024Fall,1,Excellent,Heavy,Small
216297,AFVS 120,Thinking With Your Hand: Intermediate Painting 001,AFVS,4.78,8.89,12,2024Fall,3,Excellent,Heavy,Small
216307,MATH 60R,Reading Course for Senior Honors Candidates 001,MATH,5.0,12.6,21,2025Spring,6,Excellent,Heavy,Medium
216321,ISLAMCIV 163,Introduction to Islamic Mystical Traditions 001,ISLAMCIV,4.73,5.55,14,2022Fall,1,Excellent,Moderate,Small
216323,ECON 2921,Early Stage Research and Discussions on the Economy in China 001,ECON,4.33,2.0,8,2022Fall,1,Good,Light,Small
216324,COMPSCI 107,Systems Development for Computational Science 001,COMPSCI,1.94,8.88,171,2023Fall,2,Below Average,Heavy,Large
216326,HIST-LIT 93AE,Prison Abolition and Prison Literature 001,HIST-LIT,4.67,5.5,14,2024Fall,3,Excellent,Moderate,Small
216332,GOV 1023,Conservatism and its Critics 001,GOV,3.95,4.4,49,2022Fall,1,Satisfactory,Moderate,Medium
216336,GHHP 30,"Global Oral Health: Healthy Teeth, Healthy Societies 001",GHHP,4.75,2.87,21,2022Fall,1,Excellent,Light,Medium
216339,SLAVIC 147,Russian Fiction in the Soviet Era 001,SLAVIC,4.88,6.13,13,2024Spring,1,Excellent,Moderate,Small
216347,ENGLISH CFF,From Fact to Fiction: Finding & Shaping a Story: Workshop 001,ENGLISH,5.0,5.63,10,2024Spring,2,Excellent,Moderate,Small
216360,TDM 174B,Creative Producing: How to Resource Artistic Vision 001,TDM,4.83,3.0,8,2024Spring,1,Excellent,Light,Small
216361,TDM 172L,Contemporary Global Performance 1,TDM,5.0,4.8,5,2024Spring,1,Excellent,Moderate,Small
216369,AFVS 157L,Immersive Experience as Art 001,AFVS,4.71,8.86,11,2022Fall,1,Excellent,Heavy,Small
216372,ENG-SCI 143,Computer Vision 001,ENG-SCI,4.11,8.22,15,2024Spring,1,Good,Heavy,Medium
216381,ROM-LANG 230,"Teaching Languages, Cultures and Literatures 001",ROM-LANG,4.4,4.8,9,2023Spring,1,Good,Moderate,Small
216389,GERMAN 260,Posthumanism 1,GERMAN,4.75,11.5,6,2025Spring,1,Excellent,Heavy,Small
216401,ENGLISH 90RJ,Race and Jurisprudence 001,ENGLISH,3.89,6.6,15,2025Spring,2,Satisfactory,Moderate,Medium
216405,ENG-SCI 192,Materials Selection and Design 001,ENG-SCI,3.17,8.67,23,2024Fall,3,Below Average,Heavy,Medium
216409,ECON 50A,Using Big Data to Solve Economic and Social Problems with Laboratory Component 001,ECON,3.91,4.85,93,2025Spring,1,Satisfactory,Moderate,Large
216411,ENGLISH CACF,Get Real: The Art of Community-Based Film 001,ENGLISH,5.0,8.0,12,2022Fall,1,Excellent,Moderate,Small
216417,E-PSCI 164,Environmental Chemistry 001,E-PSCI,3.75,4.88,11,2023Fall,2,Satisfactory,Moderate,Small
216418,ESE 164,Environmental Chemistry 001,ESE,3.75,4.88,11,2023Fall,2,Satisfactory,Moderate,Small
216421,E-PSCI 168,"Human Environmental Data Science: Agriculture, Conflict, and Health 001",E-PSCI,4.54,5.71,28,2024Fall,2,Excellent,Moderate,Medium
216430,ENGLISH 90PR,Performing Criticism 001,ENGLISH,4.6,6.5,6,2024Spring,1,Excellent,Moderate,Small
216439,PSY 3520,Writing Workshop 001,PSY,4.6,1.6,14,2025Spring,1,Excellent,Light,Small
216449,GOV 94BF,#AbolishPolice: The Politics of Public Safety in the Age of Social Media 001,GOV,2.89,2.38,17,2024Spring,3,Below Average,Light,Medium
216451,GOV 1022,Community Based Survey Research 001,GOV,4.8,4.8,6,2024Fall,1,Excellent,Moderate,Small
216453,HISTSCI 1930,Podcasting the History of Science: Creating Research-Based Audio Stories 001,HISTSCI,4.48,2.74,32,2022Fall,1,Good,Light,Medium
216460,ESE 168,"Human Environmental Data Science: Agriculture, Conflict, and Health 001",ESE,4.54,5.71,28,2024Fall,2,Excellent,Moderate,Medium
216462,ENG-SCI 20R,Physics of Sports 001,ENG-SCI,5.0,3.83,8,2024Fall,3,Excellent,Light,Small
216471,GOV 1049,Ethics & Public Policy 001,GOV,4.68,4.0,35,2024Spring,1,Excellent,Moderate,Medium
216473,OEB 128,From Darwin to Derrida: The Evolution of Meaning and Purpose SEM,OEB,4.75,3.5,14,2024Spring,2,Excellent,Light,Small
216474,OEB 137,Experimental Design and Statistics for Ecology 001,OEB,4.67,6.05,25,2023Fall,1,Excellent,Moderate,Medium
216486,BE 131,Neuroengineering 001,BE,4.17,4.71,27,2024Fall,3,Good,Moderate,Medium
216524,CHEM 177,"The Chemistry, Biology, and Societal Implications of Genome Editing LEC",CHEM,4.24,3.6,30,2024Fall,2,Good,Light,Medium
216637,HUMAN 90,HUM Sophomore Seminar 001,HUMAN,5.0,4.86,8,2024Fall,3,Excellent,Moderate,Small
216641,PHYSICS 113,Electronics for Physicists 001,PHYSICS,5.0,5.33,9,2025Spring,2,Excellent,Moderate,Small
216772,GOV 94JW,Democracy in Practice in the Global South 001,GOV,4.33,4.83,14,2025Spring,3,Good,Moderate,Small
216792,PSY 1325,"The Emotional, Social Brain 001",PSY,4.77,4.42,16,2025Spring,2,Excellent,Moderate,Medium
216799,ENG-SCI 225,Neuroengineering 001,ENG-SCI,4.17,4.71,27,2024Fall,3,Good,Moderate,Medium
216802,HISTSCI 1458,Sick and Tired of Being Sick and Tired: A History of Health Disparities in America 001,HISTSCI,4.0,4.22,15,2023Fall,1,Good,Moderate,Medium
216811,COMPSCI 2901,Seminar on Effective Research Practices and Academic Culture 001,COMPSCI,4.55,1.1,26,2024Fall,3,Excellent,Light,Medium
216813,NEUROBIO 212,Mathematical Tools for Neuroscience 001,NEUROBIO,4.75,5.17,25,2023Fall,1,Excellent,Moderate,Medium
217408,ECON 1499,Macroeconomic Stabilization Policies 001,ECON,4.92,4.73,15,2023Fall,2,Excellent,Moderate,Medium
217409,TDM 181B,Street Dance Activism: Co-choreographic Praxis as Activism 001,TDM,4.8,4.2,7,2024Fall,2,Excellent,Moderate,Small
217446,TDM 149,"Latine Movement: Embodied Intersections of Latin Dance, Music, and Communal Practice 001",TDM,4.74,1.91,50,2024Spring,2,Excellent,Light,Medium
217485,ECON 2355,Unleashing Novel Data at Scale 01,ECON,3.9,5.11,49,2024Spring,2,Satisfactory,Moderate,Medium
217489,SCRB 177,Demystifying the Immune System 01,SCRB,4.46,3.7,26,2023Fall,2,Good,Light,Medium
217516,STAT 141,Introduction to Spatial Statistics 001,STAT,3.89,7.33,22,2025Spring,2,Satisfactory,Moderate,Medium
217523,STAT 143,Sports Analytics 001,STAT,4.24,7.33,55,2024Spring,1,Good,Moderate,Large
217582,TDM 148P,Koteba: Bamana Performative Traditions 001,TDM,4.85,3.38,27,2025Spring,3,Excellent,Light,Medium
217585,TDM 182B,Black Arts Movement to #blacklivesmatter 001,TDM,4.5,3.43,23,2025Spring,2,Excellent,Light,Medium
217604,PSY 1311,"Precision Cognitive Neuroscience: Opportunities Afforded by Deep, Intensive Study Within Individuals 001",PSY,4.75,3.25,8,2024Fall,2,Excellent,Light,Small
217616,HIST 1933,Literature and Urban History: Views from Brazil and the United States 01,HIST,4.92,4.5,17,2025Spring,1,Excellent,Moderate,Medium
217618,E-PSCI 244,Atmospheric Evolution and Habitability of Terrestrial Planets 001,E-PSCI,4.78,3.44,15,2023Spring,1,Excellent,Light,Medium
217619,FRENCH 62,"Exploring Sustainable Practices in French Industry: Fashion, Cuisine, and Music 001",FRENCH,4.71,7.71,8,2025Spring,2,Excellent,Moderate,Small
217624,ESE 102,Data Analysis and Statistical Inference in the Earth and Environmental Sciences 001,ESE,4.43,9.0,9,2024Fall,2,Good,Heavy,Small
217625,ROM-STD 138,Literature and Urban History: Views from Brazil and the United States 001,ROM-STD,4.92,4.5,17,2025Spring,1,Excellent,Moderate,Medium
217632,GENED 1068,The United States and China 001,GENED,4.09,4.85,55,2024Spring,1,Good,Moderate,Large
217635,COMPSCI 238,Optimized Democracy 001,COMPSCI,4.78,8.03,43,2024Spring,2,Excellent,Heavy,Medium
217639,ENG-SCI 94,Entrepreneurship and Innovation: Case Study Perspectives 001,ENG-SCI,4.65,4.66,88,2025Spring,3,Excellent,Moderate,Large
217643,COMPSCI 2880,AI for Social Impact 001,COMPSCI,4.81,5.15,25,2024Fall,3,Excellent,Moderate,Medium
217644,GOV 94DT,The Authoritarian Turn in Central and Eastern Europe: What Can Be Done About It? 001,GOV,4.0,4.71,8,2024Spring,2,Good,Moderate,Small
217785,GOV 1003,Data Science for Politics 001,GOV,5.0,5.0,9,2025Spring,1,Excellent,Moderate,Small
217788,HISTSCI 1990,Science @ Work 001,HISTSCI,4.78,7.38,10,2022Fall,1,Excellent,Moderate,Small
217789,ENGLISH 320,G1 Proseminar 001,ENGLISH,4.83,13.0,7,2024Spring,2,Excellent,Heavy,Small
217790,ENGLISH 330,G2 Proseminar 001,ENGLISH,4.5,5.5,7,2025Spring,1,Excellent,Moderate,Small
217793,ECON 1644,Market Power in the New Economy 001,ECON,4.1,5.71,50,2024Spring,1,Good,Moderate,Medium
217830,PHYSICS 297,Professional Writing for Scientists and Engineers 001,PHYSICS,4.89,5.33,17,2025Spring,5,Excellent,Moderate,Medium
217833,OEB 60,Fundamentals of Marine Biology 001,OEB,4.6,2.47,74,2024Spring,2,Excellent,Light,Large
217834,GENED 1024,Pride & Prejudice & P-values: Scientific Critical Thinking 001,GENED,3.78,5.61,35,2025Spring,1,Satisfactory,Moderate,Medium
217838,PHYSICS 231,Computational Neuroscience 001,PHYSICS,4.12,9.41,21,2024Spring,1,Good,Heavy,Medium
217842,FRSEMR 72I,"Everyday I’m Hustlin’: Pop Culture, Youth, and the African City 01",FRSEMR,4.0,3.67,13,2022Fall,1,Good,Light,Small
217866,GOV 93CJ,Criminal Justice Policy Practicum 001,GOV,3.95,3.33,28,2022Fall,1,Satisfactory,Light,Medium
217869,HEB 117,"Evolution, Anatomy and Physiology of Sleep 001",HEB,4.43,3.57,12,2025Spring,3,Good,Light,Small
218044,HAA 81,Art of Monsoon Asia: Interconnected Histories 001,HAA,3.93,6.21,20,2023Fall,1,Satisfactory,Moderate,Medium
218057,HAA 226V,"Visual, Material, Architectural Cultures btw East and West (Early Modern Ottoman Empire, 15-17th C) 001",HAA,4.88,7.38,11,2023Fall,1,Excellent,Moderate,Small
218065,HIST 1029,"Early Modern Britain, 1485-1714 01",HIST,4.67,4.11,12,2024Spring,2,Excellent,Moderate,Small
218117,ECON 70,Personal Finance: Making Better Decisions and Building a Better Financial System 001,ECON,4.04,2.98,289,2024Fall,3,Good,Light,Large
218124,ENGLISH CWP,Words & Photographs: Workshop 001,ENGLISH,5.0,5.0,9,2022Fall,1,Excellent,Moderate,Small
218127,ENGLISH 184CF,City Fictions 001,ENGLISH,4.6,5.56,56,2023Fall,1,Excellent,Moderate,Large
218128,ENGLISH 151AN,The Age of the Novel 001,ENGLISH,4.9,6.21,39,2024Fall,2,Excellent,Moderate,Medium
218129,ENGLISH 176TM,Toni Morrison 001,ENGLISH,4.84,6.53,25,2024Spring,1,Excellent,Moderate,Medium
218138,ECON 2245,Empirical Research in Labor and Public Economics 001,ECON,4.6,6.2,10,2022Fall,1,Excellent,Moderate,Small
218141,ENGLISH 90PW,Every Play Ever Written 001,ENGLISH,4.75,5.0,14,2023Fall,1,Excellent,Moderate,Small
218143,ENGLISH 189VG,Video Game Storytelling 001,ENGLISH,4.54,3.4,167,2024Spring,2,Excellent,Light,Large
218149,HIST 1017,Jews in the Modern World 01,HIST,4.69,6.29,20,2023Fall,1,Excellent,Moderate,Medium
218151,HIST 1037,Modern Southeast Asia 01,HIST,4.33,5.4,17,2025Spring,2,Good,Moderate,Medium
218152,HAA 77M,Modern Art and Its Colonial Matrix 001,HAA,4.83,3.96,28,2022Fall,1,Excellent,Light,Medium
218153,HIST 97O,“What is Military History?” 01,HIST,4.83,8.83,9,2024Spring,1,Excellent,Heavy,Small
218158,ENGLISH 119TY,English Literature: The First 1000 Years 001,ENGLISH,4.83,3.0,7,2023Spring,1,Excellent,Light,Small
218165,KOREAN 130XA,Pre-Advanced Modern Korean for High-Proficiency Learners 001,KOREAN,5.0,6.6,6,2024Fall,2,Excellent,Moderate,Small
218168,HIST 1970,Identity and the Self in the Medieval Greek Tradition 01,HIST,4.91,4.9,11,2025Spring,1,Excellent,Moderate,Small
218169,HIST 12S,Biography and Autobiography in Renaissance Italy 01,HIST,5.0,7.0,6,2024Fall,1,Excellent,Moderate,Small
218174,EASTD 98K,Economic Governance in East Asia 01,EASTD,4.63,4.75,11,2024Spring,1,Excellent,Moderate,Small
218175,CHNSHIS 246,Modern History of Rural China: Proseminar 01,CHNSHIS,4.86,9.83,14,2023Spring,1,Excellent,Heavy,Small
218177,HAA 172P,Artisanal Modernism & the Labor of Women 001,HAA,4.75,6.0,10,2025Spring,2,Excellent,Moderate,Small
218183,ANTHRO 2656,Introduction to Feminist Science Studies 001,ANTHRO,4.27,4.36,15,2022Fall,1,Good,Moderate,Medium
218184,ANTHRO 2797,Theory and Practice of Social Medicine 001,ANTHRO,4.55,7.73,14,2023Fall,1,Excellent,Moderate,Small
218189,ANTHRO 1435,Challenging Collections: Critical Reflections on Collecting Through Harvard’s History 001,ANTHRO,4.8,5.2,12,2025Spring,2,Excellent,Moderate,Small
218192,ANTHRO 1716,"Neoliberalism: Empire, Extraction, and the Making of the Global Social Order 001",ANTHRO,4.88,6.75,12,2022Fall,1,Excellent,Moderate,Small
218199,SOCIOL 1163,Pursuing Truth and Justice through Action for Health Equity 001,SOCIOL,3.09,6.78,15,2023Fall,2,Below Average,Moderate,Medium
218200,SOCIOL 1136,Work and Culture 001,SOCIOL,4.48,3.91,31,2024Fall,2,Good,Light,Medium
218228,ASTRON 140,Introduction to General Relativity 001,ASTRON,5.0,6.7,12,2024Fall,2,Excellent,Moderate,Small
218229,MATH Q,Quantitative Analysis for Economics and the Social Sciences I 000,MATH,3.7,8.9,17,2025Spring,2,Satisfactory,Heavy,Medium
218230,MATH QB,Quantitative Analysis for Economics and the Social Sciences II 001,MATH,4.57,5.5,35,2023Spring,1,Excellent,Moderate,Medium
218233,GENED 1168,Tragedy Today 001,GENED,4.35,4.03,99,2024Spring,1,Good,Moderate,Large
218234,GENED 1174,Life and Death in the Anthropocene 001,GENED,4.08,6.02,73,2024Fall,2,Good,Moderate,Large
218236,GENED 1111,Popular Culture and Modern China 001,GENED,4.55,4.78,99,2024Fall,1,Excellent,Moderate,Large
218237,GENED 1161,"If There Is No God, All Is Permitted: Theism and Moral Reasoning 001",GENED,3.43,5.97,110,2024Spring,1,Below Average,Moderate,Large
218238,GENED 1162,Science of Stress 001,GENED,4.47,2.58,171,2023Spring,1,Good,Light,Large
218240,GENED 1025,Happiness 001,GENED,4.28,4.7,240,2024Fall,3,Good,Moderate,Large
218241,GENED 1160,Harvard Gets Medieval 001,GENED,4.26,4.68,40,2025Spring,1,Good,Moderate,Medium
218242,LATIN 175,Syntax and Stylistics 001,LATIN,4.89,7.11,9,2024Fall,1,Excellent,Moderate,Small
218262,SOCIOL 1170,Sociology of Childhood 001,SOCIOL,4.5,4.27,30,2025Spring,1,Excellent,Moderate,Medium
218267,GOV 94BD,Fighting Poverty 001,GOV,4.43,7.71,15,2024Spring,1,Good,Moderate,Medium
218272,HIST-LIT 90EV,"Sound and Color: Music, Race, and US Cultural Politics 001",HIST-LIT,4.7,4.4,15,2022Fall,1,Excellent,Moderate,Medium
218275,HIST-LIT 90EY,Human Rights and Humanitarianism in the Modern World 001,HIST-LIT,4.17,4.17,10,2023Fall,1,Good,Moderate,Small
218276,HIST-LIT 90EZ,The Global South Asian Diaspora 001,HIST-LIT,4.92,4.5,14,2023Fall,2,Excellent,Moderate,Small
218277,MUSIC 159,Analyzing Popular Music after 2000 LEC,MUSIC,4.14,4.79,27,2024Fall,3,Good,Moderate,Medium
218279,SOCIOL 2282,Criminal Justice and Social Inequality 001,SOCIOL,4.83,6.33,6,2024Spring,1,Excellent,Moderate,Small
218283,EASTD 143B,Digital Tools and Methods in East Asian Humanities: Coding Approach 01,EASTD,4.55,4.0,17,2023Spring,1,Excellent,Moderate,Medium
218288,PHYSICS 195B,Introduction to Quantum Materials and Devices 001,PHYSICS,4.8,3.5,10,2025Spring,1,Excellent,Light,Small
218289,PHYSICS 137,Philosophy of Quantum Theory 001,PHYSICS,4.45,7.64,30,2025Spring,2,Good,Moderate,Medium
218294,GOV 94WP,Women in Politics 001,GOV,4.64,4.44,15,2025Spring,2,Excellent,Moderate,Medium
218296,GOV 1722,Politics of the Environment and Climate Change 001,GOV,3.96,4.33,69,2024Spring,2,Satisfactory,Moderate,Large
218297,AFVS 154J,Observation and Intervention: Filmmaking as Inquiry 001,AFVS,4.14,11.43,7,2023Spring,1,Good,Heavy,Small
218302,EASTD 153,"Buddhism, Japanese Arts and Culture 01",EASTD,4.86,3.25,30,2025Spring,3,Excellent,Light,Medium
218309,HIST-LIT 10,Introduction to American Studies 001,HIST-LIT,3.17,3.81,41,2023Spring,1,Below Average,Light,Medium
218311,HIST-LIT 90FB,Asian America in Popular Culture 001,HIST-LIT,4.92,5.31,15,2022Fall,1,Excellent,Moderate,Medium
218312,AFRAMER 202,Theory and Race in the Americas 001,AFRAMER,4.4,4.0,15,2024Spring,1,Good,Moderate,Medium
218313,PHIL 96,Preparation for the Senior Thesis 001,PHIL,4.67,1.4,6,2023Spring,1,Excellent,Light,Small
218324,PHIL 159A,Epistemic Injustice 001,PHIL,3.83,4.27,17,2024Spring,1,Satisfactory,Moderate,Medium
218327,CLS-STDY 122,Identity and the Self in the Medieval Greek Tradition 001,CLS-STDY,4.91,4.9,11,2025Spring,1,Excellent,Moderate,Small
218329,SPANSH 157,"Thinking Beyond the Human: Persons, Things and the Environment in Latin American Culture 001",SPANSH,4.87,4.2,18,2023Spring,1,Excellent,Moderate,Medium
218334,PSY 980HU,Psychology of Humor 001,PSY,4.5,5.0,16,2024Fall,2,Excellent,Moderate,Medium
218341,PHIL 27,"Truth, Lies, and the Press 001",PHIL,4.67,3.4,8,2022Fall,1,Excellent,Light,Small
218342,PHIL 40,Introduction to the Power and Limits of Logic 001,PHIL,2.29,5.14,16,2022Fall,1,Below Average,Moderate,Medium
218350,STAT 216,Topics in High-Dimensional Probability Theory 001,STAT,4.82,5.75,17,2024Fall,1,Excellent,Moderate,Medium
218353,ANTHRO 2910,Theories of the Social 001,ANTHRO,4.5,14.25,12,2025Spring,1,Excellent,Heavy,Small
218370,FRSEMR 64I,Looking for Clues. Ancient and Medieval Art @ Harvard 001,FRSEMR,4.88,3.13,10,2022Fall,1,Excellent,Light,Small
218466,SCRB 297,Frontiers in Therapeutics 01,SCRB,4.64,4.55,52,2024Fall,3,Excellent,Moderate,Large
218475,GENED 1175,"Vaccines: History, Science, Policy 001",GENED,3.88,3.78,196,2022Fall,1,Satisfactory,Light,Large
218479,FRSEMR 72M,Implicit Bias: Science and Society 001,FRSEMR,4.25,2.38,10,2022Fall,1,Good,Light,Small
218480,FYSEMR 52L,Life and Death Lessons from the Fossil Record 01,FYSEMR,4.5,1.0,7,2023Fall,1,Excellent,Light,Small
218481,FYSEMR 64P,Introduction to Lyric Poetry 001,FYSEMR,4.8,3.8,6,2023Fall,2,Excellent,Light,Small
218493,FYSEMR 52K,"Knots, Braids and Colorings 01",FYSEMR,4.0,2.5,10,2023Fall,1,Good,Light,Small
218495,HIST 1222,The Great Migration: The Exodus that Transformed Black America and the United States 01,HIST,3.8,5.56,12,2023Spring,1,Satisfactory,Moderate,Small
218496,HIST 12Y,"Capitalism, Crime, and Punishment in American History 01",HIST,4.1,6.11,12,2023Fall,2,Good,Moderate,Small
218501,FRSEMR 64O,Migratory Identities 001,FRSEMR,3.17,2.5,8,2022Fall,1,Below Average,Light,Small
218503,FYSEMR 72O,Political Violence and Power 001,FYSEMR,3.23,3.58,14,2023Fall,2,Below Average,Light,Small
218508,PSY 1708,Controlling the Uncontrollable? Emotion Regulation and Well-Being 001,PSY,4.5,4.23,16,2022Fall,1,Excellent,Moderate,Medium
218509,PSY 1709,Psychology of Personality 001,PSY,4.89,4.22,11,2025Spring,3,Excellent,Moderate,Small
218513,PSY 1612,"Family, School, and Society: Shaping the Developing Child 001",PSY,4.63,3.39,21,2025Spring,3,Excellent,Light,Medium
218514,FYSEMR 72P,Corporate Power & Human Rights—Community Resistance and Social Movements 001,FYSEMR,4.38,4.5,12,2024Fall,3,Good,Moderate,Small
218515,PSY 1524,Is Persistence a Panacea? Contextualizing Human Motivation 001,PSY,4.5,3.67,19,2023Spring,1,Excellent,Light,Medium
218516,PSY 1527,Power and Society in Romantic Relationships 001,PSY,4.69,2.92,14,2022Fall,1,Excellent,Light,Small
218517,PSY 1018,The Science and Psychology of Music 001,PSY,4.3,4.26,39,2024Fall,3,Good,Moderate,Medium
218518,PSY 1812,Intercultural Perspectives on Trauma 001,PSY,4.92,3.25,13,2024Spring,2,Excellent,Light,Small
218523,SOC-STD 98UD,"Critical Theory of Knowledge, Technology and Power 001",SOC-STD,4.67,7.67,10,2025Spring,3,Excellent,Moderate,Small
218525,PSY 1816,Broken Brains: Mechanisms and Markers of Mental Illness 001,PSY,4.67,3.67,15,2025Spring,3,Excellent,Light,Medium
218527,WOMGEN 1209,"Dangerous Words: Feminist Debates on Speech, Harm, and Representation 001",WOMGEN,4.8,5.78,12,2024Fall,3,Excellent,Moderate,Small
218532,SLAVIC 118,Reading Tolstoy’s War and Peace 001,SLAVIC,4.82,6.14,45,2025Spring,2,Excellent,Moderate,Medium
218536,SPANSH 147,"Decolonial Views, Decolonial Practices: Indigeneity and Protest in the Caribbean 001",SPANSH,4.6,5.8,8,2022Fall,1,Excellent,Moderate,Small
218540,FRENCH 83,Photography and Literature 001,FRENCH,4.2,3.4,7,2024Spring,1,Good,Light,Small
218542,FRENCH 117,The Politics and Aesthetics of Mourning 001,FRENCH,4.67,8.4,6,2023Fall,1,Excellent,Heavy,Small
218545,ANE 197,Bible and Empire 001,ANE,3.8,6.4,6,2022Fall,1,Satisfactory,Moderate,Small
218547,ANE 170,"Food, Identity, and the Biblical World 001",ANE,4.64,3.9,19,2024Fall,1,Excellent,Light,Medium
218574,SLAVIC 144,Communism and the Politics of Culture: Czechoslovakia and the Cold War in Eastern Europe 001,SLAVIC,4.89,6.3,13,2025Spring,1,Excellent,Moderate,Small
218586,HIST 1223,The American Century?: A History of the United States since World War II 01,HIST,4.47,3.59,24,2023Fall,2,Good,Light,Medium
218587,HIST 12Z,"The History of American Conservatism from William F. Buckley, Jr., to Donald Trump 01",HIST,5.0,7.6,16,2024Spring,2,Excellent,Moderate,Medium
218600,EMR 1010,Topics in Latinx Studies: Introduction to Latinx Literature And Visual Arts 001,EMR,4.8,3.2,5,2024Fall,3,Excellent,Light,Small
218610,NEURO 101QA,The Neuroscience of Learning and Memory 001,NEURO,4.9,3.5,13,2023Fall,2,Excellent,Light,Small
218611,NEURO 101QB,The Neuroscience of Learning and Memory 001,NEURO,5.0,3.3,13,2024Spring,2,Excellent,Light,Small
218613,COMPSCI 1200,Introduction to Algorithms and their Limitations 001,COMPSCI,4.03,9.21,172,2024Fall,3,Good,Heavy,Large
218614,APPHY 242,Introduction to Single-Molecule Biophysics 001,APPHY,4.63,7.0,13,2024Fall,3,Excellent,Moderate,Small
218627,PHIL 126S,The Philosophy of Mary Shepherd 001,PHIL,4.5,7.0,12,2023Fall,1,Excellent,Moderate,Small
218659,RUSS HA,Russian for Heritage Speakers 001,RUSS,4.57,6.71,7,2024Fall,1,Excellent,Moderate,Small
218678,AFVS 51S,Introduction to Documentary Production: The Camera Stylo 1,AFVS,4.0,5.2,10,2022Fall,1,Good,Moderate,Small
218679,MCB 175,Principles of Cell Physiology 001,MCB,4.08,4.56,67,2024Fall,3,Good,Moderate,Large
218680,FYSEMR 64Q,"Fun With Writing… or, Writing for Weirdos 01",FYSEMR,4.25,8.33,6,2025Spring,2,Good,Heavy,Small
218686,HISTSCI 1480,"Food, Science, and the Invention of Global Hunger 001",HISTSCI,4.58,4.64,15,2025Spring,1,Excellent,Moderate,Medium
218690,HISTSCI 1780,Psychopathologies of Modern Life 001,HISTSCI,4.85,3.85,20,2023Fall,1,Excellent,Light,Medium
218707,ANTHRO 1781,"What Is Latin America? Politics, Culture, Identity 001",ANTHRO,5.0,5.0,9,2025Spring,2,Excellent,Moderate,Small
218708,ANTHRO 1617,"The Price of Solidarity: Value, Sacrifice, Capital 001",ANTHRO,5.0,5.67,7,2024Spring,2,Excellent,Moderate,Small
218709,ANTHRO 1709,"The Anthropology of Power: Sovereignty, Hegemony, Resistance 001",ANTHRO,5.0,8.0,17,2025Spring,3,Excellent,Moderate,Medium
218716,HEB 126,Research in Cultural Evolution 001,HEB,4.67,3.83,6,2025Spring,1,Excellent,Light,Small
218732,GOV 94GD,Africa: Power and Politics 001,GOV,4.36,6.36,16,2024Fall,3,Good,Moderate,Medium
218734,GOV 94RC,Race in Comparative Perspective 001,GOV,4.58,7.08,14,2024Fall,3,Excellent,Moderate,Small
218749,GOV 1737,Evaluating the Impacts of Public Policies: How to Design and Implement Randomized Controlled Trials 001,GOV,4.52,3.73,326,2025Spring,3,Excellent,Light,Large
218751,OEB 65,Conservation Biology 001,OEB,3.88,6.58,71,2024Fall,2,Satisfactory,Moderate,Large
218754,ENGLISH 124SG,"Sex, Gender, and Shakespeare 001",ENGLISH,4.6,4.5,13,2024Spring,1,Excellent,Moderate,Small
218755,ENGLISH 173BL,The Black Lyric 001,ENGLISH,4.73,3.45,22,2024Spring,1,Excellent,Light,Medium
218756,ENGLISH CCFC,Poetry Workshop: Form & Content 001,ENGLISH,5.0,7.0,11,2023Fall,2,Excellent,Moderate,Small
218757,ENGLISH CCDP,"Found Poems, Erasures and Other Adventures in Documentary Poetry 001",ENGLISH,4.57,5.17,10,2024Spring,1,Excellent,Moderate,Small
218758,ANTHRO 1707,"Ethnic Studies, Anthropology, and the Transpacific Ethnography of Asian America 001",ANTHRO,4.78,5.56,11,2022Fall,1,Excellent,Moderate,Small
218809,COMPSCI 2902,Seminar on Effective Research Practices and Academic Culture 001,COMPSCI,5.0,1.25,27,2025Spring,3,Excellent,Light,Medium
218810,RELIGION 1821,Indian Ocean Islam 1,RELIGION,4.88,5.43,16,2024Spring,1,Excellent,Moderate,Medium
218817,ECON 1021,Using Markets to Solve Social Problems 001,ECON,2.83,3.59,184,2025Spring,3,Below Average,Light,Large
218819,AFRAMER 115Y,Introduction to African Popular Culture LEC,AFRAMER,4.8,4.5,10,2022Fall,1,Excellent,Moderate,Small
218824,LING 187,Structure of Turkish 001,LING,4.57,5.0,7,2023Spring,1,Excellent,Moderate,Small
218825,EMR 1020,Topics in Asian American and Pacific Islander Studies 1,EMR,4.55,4.0,13,2024Spring,2,Excellent,Moderate,Small
218826,EMR 148,Indigeneity and Latinidad 001,EMR,4.1,4.4,16,2023Spring,1,Good,Moderate,Medium
218827,EMR 149,"Latinx Representation in Media, Films, and Pop Culture 001",EMR,4.65,4.0,28,2023Spring,1,Excellent,Moderate,Medium
218842,HISTSCI 1471,War and Medicine 001,HISTSCI,4.65,4.38,34,2022Fall,1,Excellent,Moderate,Medium
218843,HISTSCI 1460,From Colonial to Global Health 001,HISTSCI,4.6,4.76,32,2022Fall,1,Excellent,Moderate,Medium
218851,HEB 144,"The Human Face: How evolution, growth, and behavior has shaped the way we look 001",HEB,4.33,3.6,14,2024Fall,3,Good,Light,Small
218852,ENGLISH CNMJ,Fiction Workshop: Forms and Styles 001,ENGLISH,4.8,6.0,13,2022Fall,1,Excellent,Moderate,Small
218853,ENGLISH CNGS,Fiction Workshop: The Good Stuff 001,ENGLISH,4.78,6.0,14,2023Spring,1,Excellent,Moderate,Small
218887,ESE 50,"The Fluid Earth: Oceans, Atmosphere, Climate, and Environment 001",ESE,3.87,4.6,17,2023Fall,2,Satisfactory,Moderate,Medium
218915,EDST 102,Developmental Psychology 001,EDST,4.33,5.42,13,2024Fall,3,Good,Moderate,Small
218916,EDST 103,Philosophy of Education 001,EDST,4.6,3.6,8,2024Fall,3,Excellent,Light,Small
218917,EDST 104,The Politics of Education in the Developing World 001,EDST,4.31,3.62,18,2023Fall,2,Good,Light,Medium
218918,EDST 121,Educational Outcomes in Cross-National and Cross-Cultural Perspectives 001,EDST,4.25,3.35,42,2025Spring,2,Good,Light,Medium
218921,EDST 124,Foundations of Schooling and Teaching 001,EDST,4.71,3.77,14,2024Spring,2,Excellent,Light,Small
218922,EDST 125,Children with Learning and Developmental Differences 001,EDST,4.63,4.14,15,2025Spring,3,Excellent,Moderate,Medium
218928,SCRB 135,Reproductive Biology 01,SCRB,5.0,4.33,24,2025Spring,3,Excellent,Moderate,Medium
218949,SOCIOL 98WF,Junior Tutorial: Inequality in the United States 001,SOCIOL,4.8,4.8,10,2022Fall,1,Excellent,Moderate,Small
219526,SOCIOL 1109,"Consumption, Health, and the Environment 001",SOCIOL,2.67,3.5,6,2022Fall,1,Below Average,Light,Small
219554,SCIENCE 5,An Introduction to Computation for Contemporary Science 001,SCIENCE,4.38,4.13,22,2025Spring,3,Good,Moderate,Medium
219561,AFVS 76,The Language of Modern Art 001,AFVS,4.19,2.6,36,2022Fall,1,Good,Light,Medium
219614,ECON 1343,The Economics of Development and Global Health 001,ECON,4.62,4.49,140,2024Fall,2,Excellent,Moderate,Large
219636,ECON 2070,A Computer Science Toolbox for Modern Economic Theory 001,ECON,4.5,6.0,20,2024Fall,2,Excellent,Moderate,Medium
219648,PSY 1528,Blindspot: Hidden Biases of Good People 001,PSY,5.0,6.0,12,2024Fall,1,Excellent,Moderate,Small
219649,HISTSCI 1472,Mental Health in Crisis: From War Neurosis to Covid-19 001,HISTSCI,4.63,4.98,72,2023Spring,1,Excellent,Moderate,Large
219650,HISTSCI 1461,Historical Perspectives on Global Health 001,HISTSCI,5.0,5.58,15,2023Spring,1,Excellent,Moderate,Medium
219656,GENED 1178,Mexico and the Making of Global Cuisine 001,GENED,3.77,3.54,75,2024Spring,2,Satisfactory,Light,Large
219657,GENED 1179,Psychotherapy and the Modern Self 001,GENED,4.24,4.12,214,2024Fall,3,Good,Moderate,Large
219669,RELIGION 2521,Decolonial Theory 1,RELIGION,4.86,6.33,8,2023Fall,1,Excellent,Moderate,Small
219696,RUSS HB,Russian for Heritage Speakers 001,RUSS,5.0,7.8,6,2025Spring,1,Excellent,Moderate,Small
219700,STAT 288,Deep Statistics: AI and Earth Observations for Sustainable Development 001,STAT,4.15,8.69,21,2025Spring,3,Good,Heavy,Medium
219701,PSY 1529,Origins of Cultural Conflict 001,PSY,4.77,5.15,15,2022Fall,1,Excellent,Moderate,Medium
219702,AFRAMER 113X,Fiction Writing: Workshop 001,AFRAMER,5.0,3.67,11,2024Spring,2,Excellent,Light,Small
219706,ANTHRO 1898,Digital Ethnographic Methods 001,ANTHRO,4.6,7.0,7,2023Spring,1,Excellent,Moderate,Small
219708,ANTHRO 1475,"Religious Dimensions in Human Experience: Apocalypse, Sports, Music, Home, Sacrifice, Medicine 001",ANTHRO,4.22,3.32,53,2023Spring,1,Good,Light,Large
219711,GOV 2018,Introduction to Machine Learning 001,GOV,3.43,6.87,35,2024Spring,1,Below Average,Moderate,Medium
219718,NEC 107,The History of the Book: Using Harvard's Greatest Treasures to Study the Material Text 001,NEC,4.14,5.14,12,2023Fall,2,Good,Moderate,Small
219734,E-PSCI 54,Minerals and Rocks of the Earth and Planets 001,E-PSCI,4.67,2.33,6,2024Spring,1,Excellent,Light,Small
219744,COMPSCI 32,Computational Thinking and Problem Solving 001,COMPSCI,4.02,6.28,265,2025Spring,3,Good,Moderate,Large
219745,COMPSCI 128,Convex Optimization and Applications in Machine Learning 001,COMPSCI,4.47,9.11,26,2024Spring,2,Good,Heavy,Medium
219748,TDM 187B,Collective Protocols as Public Space 001,TDM,4.0,4.33,9,2024Fall,3,Good,Moderate,Small
219753,ECON 1133,Authoritarian Superpower: The Political Economy of Modern China 001,ECON,4.4,4.34,144,2022Fall,1,Good,Moderate,Large
219760,ENG-SCI 236,Technological Innovation and Entrepreneurship 001,ENG-SCI,4.1,10.9,20,2023Spring,1,Good,Heavy,Medium
219763,SOCIOL 1110,Public Health and Environmental Injustice 001,SOCIOL,3.67,4.5,6,2023Spring,1,Satisfactory,Moderate,Small
219916,ESPP 173,Water Resources in Developing Countries 001,ESPP,4.0,6.6,9,2024Spring,2,Good,Moderate,Small
219923,MCB 327,Life Science Pedagogy 001,MCB,4.29,1.6,13,2025Spring,3,Good,Light,Small
219973,MBB 980X,Translational Neuroscience: Limits of Adaptation from Extreme Environments to Clinical Practice 001,MBB,5.0,4.67,6,2025Spring,3,Excellent,Moderate,Small
220022,GENED 1181,Meritocracy and Its Critics 001,GENED,4.4,3.42,171,2023Fall,2,Good,Light,Large
220023,GENED 1183,"The English Language Today, Yesterday, and Tomorrow 001",GENED,2.81,5.68,101,2025Spring,2,Below Average,Moderate,Large
220024,GENED 1182,Novel Thought: Being (In)Human 001,GENED,4.13,5.67,21,2024Spring,2,Good,Moderate,Medium
220038,CHNSE 136R,Introduction to Chinese in the Humanities 001,CHNSE,3.89,6.22,10,2024Fall,2,Satisfactory,Moderate,Small
220039,CHNSE 138R,Intro to Chinese in the Social Sciences 001,CHNSE,4.89,4.75,11,2023Spring,1,Excellent,Moderate,Small
220042,HIST 15B,"Quad Lab: Histories of Technology, Society, and Everyday Life at Harvard 01",HIST,4.73,4.82,12,2022Fall,1,Excellent,Moderate,Small
220044,JAPNLIT 261,Authorship and Literary Creativity in Early Modern Japan 01,JAPNLIT,5.0,6.75,7,2022Fall,1,Excellent,Moderate,Small
220045,EASTD 270,Historiography of Modern Japan and Korea: Proseminar 01,EASTD,4.88,8.5,12,2022Fall,1,Excellent,Heavy,Small
220047,GOV 1742,Psychology of International Relations 001,GOV,4.81,5.45,35,2025Spring,2,Excellent,Moderate,Medium
220048,GOV 1125,The Success and Failure of Protest Movements 001,GOV,4.74,5.56,47,2025Spring,3,Excellent,Moderate,Medium
220049,ENGLISH 90RV,"Empire and Revolution, Sex and Gender, Race, Slavery, and Abolition 001",ENGLISH,4.6,5.8,7,2022Fall,1,Excellent,Moderate,Small
220051,HAA 189K,Threads: Histories and Theories of Clothing and Fashion 01,HAA,4.58,4.25,22,2022Fall,1,Excellent,Moderate,Medium
220053,ENGLISH 102M,"Introduction to Old English: Charms, Herbals, Folk Medicine, Miracle Cures 001",ENGLISH,3.64,6.23,23,2022Fall,1,Satisfactory,Moderate,Medium
220054,ENGLISH 124P,Shakespearean Playwriting 001,ENGLISH,4.47,5.32,28,2023Spring,1,Good,Moderate,Medium
220056,SCRB 164,Frontiers in Experimentation and Imaging 01,SCRB,5.0,2.71,9,2023Fall,2,Excellent,Light,Small
220057,SCRB 120,Biotech Ethics 01,SCRB,4.87,4.79,347,2025Spring,3,Excellent,Moderate,Large
220058,HAA 174K,Architecture in the Archive 001,HAA,4.91,10.0,12,2023Spring,1,Excellent,Heavy,Small
220061,GOV 3002B,Teaching and Communicating Political Science 001,GOV,4.5,1.25,14,2023Spring,1,Excellent,Light,Small
220062,HIST 1025,The Black American Experience since 1865 01,HIST,5.0,6.0,12,2023Spring,1,Excellent,Moderate,Small
220065,MCB 149,The History of Molecular Biology 001,MCB,4.6,3.0,18,2024Fall,3,Excellent,Light,Medium
220066,HISTSCI 2480,"Food, Science, and the Invention of Global Hunger 001",HISTSCI,4.63,7.88,10,2022Fall,1,Excellent,Moderate,Small
220070,HIST 15C,Thinking About History 01,HIST,4.57,6.43,11,2024Fall,2,Excellent,Moderate,Small
220071,HIST 15D,Benjamin’s Paris 01,HIST,4.46,4.69,17,2022Fall,1,Good,Moderate,Medium
220072,HIST 2473,The Constitution in American History: Seminar 01,HIST,4.5,7.5,12,2023Spring,1,Excellent,Moderate,Small
220073,HIST 2455,The Global Cold War: Seminar 001,HIST,4.0,11.33,5,2022Fall,1,Good,Heavy,Small
220075,HIST 15E,Writing Histories of Climate Change 01,HIST,4.44,4.73,24,2024Fall,2,Good,Moderate,Medium
220080,ENGLISH 125PC,Shakespeare and Popular Culture 001,ENGLISH,3.0,3.43,16,2022Fall,1,Below Average,Light,Medium
220084,ENGLISH 187AA,The Aesthetics of Athletics 001,ENGLISH,4.5,5.75,17,2022Fall,1,Excellent,Moderate,Medium
220085,CHNSLIT 290,Early Modern Chinese Literature: Seminar 91,CHNSLIT,4.5,10.0,11,2022Fall,1,Excellent,Heavy,Small
220086,PSY 1060,The Science of Happiness 001,PSY,4.53,3.75,77,2023Spring,1,Excellent,Light,Large
220090,MUSIC 22,Film Sound/Film Music 001,MUSIC,4.09,3.85,75,2024Fall,1,Good,Light,Large
220091,EASTD 154,Threads: Histories and Theories of Clothing and Fashion 01,EASTD,4.58,4.25,22,2022Fall,1,Excellent,Moderate,Medium
220092,PSY 1813,Technology and Mental Health 001,PSY,4.74,3.4,40,2024Fall,3,Excellent,Light,Medium
220093,PSY 980HI,"History of Psychology: The Famous, the Infamous, and the Forgotten 001",PSY,4.8,5.4,8,2022Fall,1,Excellent,Moderate,Small
220101,PSY 1019,Using Data for Justice 001,PSY,5.0,3.43,10,2022Fall,1,Excellent,Light,Small
220103,GOV 1032,Democracy and Inequality 001,GOV,4.29,5.7,39,2022Fall,1,Good,Moderate,Medium
220106,ENGLISH 90AH,Asian American Theater and Performance 001,ENGLISH,4.86,4.86,16,2023Fall,2,Excellent,Moderate,Medium
220107,ENGLISH 90EX,The Exorcist 001,ENGLISH,5.0,3.8,11,2025Spring,2,Excellent,Light,Small
220108,ENGLISH 90RC,Re-mediating Colonialism 001,ENGLISH,4.71,4.13,10,2023Spring,1,Excellent,Moderate,Small
220110,EMR 151,"Quechua, Indigenous language revitalization and Global Indigeneity 001",EMR,4.73,4.55,17,2023Fall,2,Excellent,Moderate,Medium
220112,FRSEMR 64T,Immigrant Memoirs: Women’s Lives from Eastern Europe to America 001,FRSEMR,3.29,5.14,8,2022Fall,1,Below Average,Moderate,Small
220113,FRSEMR 72R,"Mindfulness: A Path to Success, Happiness and Health 001",FRSEMR,4.11,2.38,9,2022Fall,1,Good,Light,Small
220115,GENED 1072,Video Commune 001,GENED,4.13,4.41,54,2023Spring,1,Good,Moderate,Large
220116,GENED 1028,"Work, Life and Purpose in an Uncertain World 001",GENED,4.38,2.82,94,2023Spring,1,Good,Light,Large
220117,GENED 1059,Moral Inquiry in the Novels of Tolstoy and Dostoevsky 001,GENED,4.54,6.22,73,2023Fall,2,Excellent,Moderate,Large
220118,GENED 1144,Mental Health and Mental Illness Through Literature and the Arts 001,GENED,3.76,4.93,188,2022Fall,1,Satisfactory,Moderate,Large
220119,GOV 94UN,United Nations 001,GOV,4.36,3.79,16,2023Fall,2,Good,Light,Medium
220120,STAT 184,Introduction to Reinforcement Learning 001,STAT,3.7,8.82,115,2024Fall,3,Satisfactory,Heavy,Large
220121,GOV 94ML,Ethnic and Identity Politics 001,GOV,4.5,4.0,7,2023Spring,1,Excellent,Moderate,Small
220122,ECON 2326,Political Economy and Development 001,ECON,4.29,7.15,18,2023Spring,1,Good,Moderate,Medium
220124,COMPSCI 1840,Introduction to Reinforcement Learning 001,COMPSCI,3.7,8.82,115,2024Fall,3,Satisfactory,Heavy,Large
220125,COMPSCI 178,Engineering Usable Interactive Systems 001,COMPSCI,3.69,7.32,41,2024Spring,2,Satisfactory,Moderate,Medium
220126,COMPSCI 73,"Code, Data, and Art 001",COMPSCI,4.59,11.0,30,2024Fall,3,Excellent,Heavy,Medium
220127,COMPSCI 276,"Design, Technology, and Social Impact 001",COMPSCI,4.32,7.12,39,2024Spring,2,Good,Moderate,Medium
220128,APMTH 230,Active Matter 001,APMTH,4.3,9.63,21,2025Spring,2,Good,Heavy,Medium
220129,GOV 1041,Justice by Means of Democracy 001,GOV,3.98,4.05,67,2025Spring,2,Satisfactory,Moderate,Large
220130,ENGLISH 195BD,The Dark Side of Big Data 001,ENGLISH,4.65,3.65,59,2024Spring,2,Excellent,Light,Large
220131,ENGLISH 90DR,"Digital Race Studies: Storytelling, Power, Community 001",ENGLISH,4.83,3.6,7,2022Fall,1,Excellent,Light,Small
220134,HIST 1901,"Nationalism, Political Independence, and Economic Development in Africa 01",HIST,4.78,4.6,14,2023Fall,2,Excellent,Moderate,Small
220135,HIST 1014,Afro-Indigenous Intersections in Early America 01,HIST,4.47,4.16,28,2023Spring,1,Good,Moderate,Medium
220136,ENGLISH 228C,Milton and the Art of Criticism 001,ENGLISH,4.4,6.25,5,2022Fall,1,Good,Moderate,Small
220137,ENGLISH CCFS,Fiction Workshop 001,ENGLISH,4.78,3.78,10,2025Spring,3,Excellent,Light,Small
220138,ENGLISH CBST,"Blood, Sweat, Tears: The Art and Craft of Horror Writing 001",ENGLISH,5.0,4.7,12,2022Fall,1,Excellent,Moderate,Small
220139,ENGLISH CTLL,“Telling and Retelling”: Reshaping and Remixing Myths and Fairy Tales 001,ENGLISH,4.88,4.43,12,2022Fall,1,Excellent,Moderate,Small
220140,ENGLISH CSST,The Sound and the Story: A Workshop in Nonfiction Narrative for Audio Production 001,ENGLISH,4.88,5.5,13,2022Fall,1,Excellent,Moderate,Small
220141,ENGLISH CACW,Advanced Creative Writing Workshop 001,ENGLISH,4.18,3.67,12,2023Fall,2,Good,Light,Small
220142,ENGLISH CQN,"“Queer Stories, Queer Lives”: A Fiction Workshop on Queer Narratives 001",ENGLISH,4.78,4.56,12,2023Spring,1,Excellent,Moderate,Small
220143,ENGLISH CCDS,"Scene Work, Dream Work: Fiction Workshop on Design and Structure of Narrative Scenes 001",ENGLISH,4.78,3.89,11,2023Spring,1,Excellent,Light,Small
220144,HIST 15K,Race & US Empire Since 1898 01,HIST,4.5,5.9,10,2023Spring,1,Excellent,Moderate,Small
220145,ECON 980KK,Economic Growth 001,ECON,4.5,4.33,7,2025Spring,3,Excellent,Moderate,Small
220148,GOV 1114,Law and Inequality 001,GOV,4.65,5.72,52,2024Spring,2,Excellent,Moderate,Large
220150,AFRAMER 180Z,Freedom Writers: Race and Literary Form 001,AFRAMER,4.53,5.21,19,2023Spring,1,Excellent,Moderate,Medium
220152,TDM 180L,"Before and Beyond Angels: The AIDS epidemic in live arts, culture, and protest 001",TDM,4.67,5.4,12,2023Fall,2,Excellent,Moderate,Small
220154,TDM 181M,"Intersections: Theater, Democracy and Civic Practice 1",TDM,4.88,2.0,10,2025Spring,3,Excellent,Light,Small
220157,HIST 15F,Political Violence in the Twentieth Century 01,HIST,4.4,6.2,5,2023Spring,1,Good,Moderate,Small
220158,HIST 1115,Postwar or Postcolonial Germany: The Three Germanies after 1945 01,HIST,4.67,3.83,6,2024Spring,2,Excellent,Light,Small
220159,SOCIOL 1176,"Popular Culture and Social Theory: Critiquing Society through Television, Literature, and Comedy 001",SOCIOL,4.57,4.71,25,2025Spring,3,Excellent,Moderate,Medium
220160,SPANSH 236,"Queer, Trans*, and Feminism in the Americas 001",SPANSH,4.33,9.17,9,2023Spring,1,Good,Heavy,Small
220162,SPANSH 167,Queer Indigeneity: North and South Conversations 001,SPANSH,4.14,4.0,10,2022Fall,1,Good,Moderate,Small
220163,SPANSH 131,Latin American Cinema 001,SPANSH,4.36,6.7,16,2023Spring,1,Good,Moderate,Medium
220164,AFRAMER 215X,Black Literary Avant-Gardes 001,AFRAMER,4.67,7.8,11,2022Fall,1,Excellent,Moderate,Small
220169,GOV 94WT,The Politics of Urban Inequality in the United States 001,GOV,4.43,4.14,13,2023Fall,2,Good,Moderate,Small
220170,PSY 1613,Psychology of Good and Evil 001,PSY,4.35,4.0,36,2022Fall,1,Good,Moderate,Medium
220171,PSY 1541,Psychology of Reputation 001,PSY,4.9,4.91,14,2023Spring,1,Excellent,Moderate,Small
220172,PSY 1623,Understanding Who We Are: Development of the Self 001,PSY,5.0,4.0,10,2023Spring,1,Excellent,Moderate,Small
220173,SOCIOL 1185,"Crime, Punishment, and Policing in an Unequal America 001",SOCIOL,4.67,5.76,26,2022Fall,1,Excellent,Moderate,Medium
220175,ANTHRO 1224,Hacker Culture and Politics 001,ANTHRO,5.0,5.25,13,2024Fall,2,Excellent,Moderate,Small
220176,SOCIOL 1192,Understanding and Disrupting Racial Inequality 001,SOCIOL,4.5,6.5,10,2024Spring,1,Excellent,Moderate,Small
220177,ASTRON 214,Observational Astronomy 1,ASTRON,4.86,3.0,14,2024Fall,2,Excellent,Light,Small
220178,HISTSCI 1630,Writing Histories of Climate Change 001,HISTSCI,4.48,4.14,26,2022Fall,1,Good,Moderate,Medium
220179,GERMAN 121,Culture of Convenience 1,GERMAN,4.28,3.49,94,2022Fall,1,Good,Light,Large
220180,GERMAN 233,Post-War Confessions: Albert Camus and Günter Grass 1,GERMAN,5.0,3.83,21,2023Spring,1,Excellent,Light,Medium
220181,CLASARCH 125,Roman Daily Life: The Other Side of Rome 001,CLASARCH,4.56,2.2,28,2023Spring,1,Excellent,Light,Medium
220182,GERMAN 100X,"Introduction to German Literature, History, and Thought 1",GERMAN,4.17,4.92,21,2025Spring,2,Good,Moderate,Medium
220183,GERMAN 192,"Artificial Intelligences: Body, Art, and Technology in Modern Germany 1",GERMAN,4.86,3.86,8,2025Spring,2,Excellent,Light,Small
220189,FRSEMR 64Y,"""Ignorant Schoolmasters"" and Experts 001",FRSEMR,3.67,2.17,8,2022Fall,1,Satisfactory,Light,Small
220192,SOCIOL 1197,Poverty in the United States 001,SOCIOL,4.75,5.22,35,2024Fall,3,Excellent,Moderate,Medium
220193,PSY 980SC,Psychology of Social Connection and Belonging 001,PSY,5.0,4.0,15,2024Spring,2,Excellent,Moderate,Medium
220194,SOCIOL 1107,Contemporary Ethnography 001,SOCIOL,4.57,7.0,13,2023Fall,2,Excellent,Moderate,Small
220196,FYSEMR 72U,#Adulting: Social Science Perspectives on the Transition to Adulthood 001,FYSEMR,4.86,3.14,11,2024Fall,3,Excellent,Light,Small
220197,FYSEMR 64Z,Recent Experimental Architecture: From AutoCAD to Ziggurat 001,FYSEMR,4.0,5.13,9,2023Fall,2,Good,Moderate,Small
220198,FRSEMR 72T,We the Jury: Deliberation and Justice 001,FRSEMR,4.67,3.11,11,2022Fall,1,Excellent,Light,Small
220199,FRSEMR 65C,"Apocalyptic Grief: Love, Loss, and the End of the World 001",FRSEMR,4.73,4.0,11,2022Fall,1,Excellent,Moderate,Small
220202,ENGLISH 90TU,"The Tudors: Literature, Film, Myth 001",ENGLISH,4.75,4.75,8,2023Spring,1,Excellent,Moderate,Small
220203,ECON 1071,Incentives in the Wild: from Tanking in Sports to Mining Cryptocurrencies 001,ECON,3.38,5.45,56,2025Spring,3,Below Average,Moderate,Large
220204,AFVS 272,Proseminar in Film and Visual Studies 001,AFVS,2.57,7.0,11,2024Fall,1,Below Average,Moderate,Small
220205,PSY 1022,Fact or Fiction? Mythbusting Pseudoscience in Psychology 001,PSY,4.53,3.22,66,2025Spring,3,Excellent,Light,Large
220207,ESE 115,Ecosystem Patterns and Processes: Parallels in Natural and Built Environments 001,ESE,4.8,12.0,8,2025Spring,3,Excellent,Heavy,Small
220208,WOMGEN 1410,The Politics of Personal Writing 001,WOMGEN,4.82,3.6,14,2023Spring,1,Excellent,Light,Small
220210,QSE 200,Foundations of Quantum Mechanics 001,QSE,3.6,12.0,16,2024Fall,3,Satisfactory,Heavy,Medium
220212,QSE 296,Mesoscale and Low Dimensional Devices 001,QSE,4.77,8.16,43,2025Spring,2,Excellent,Heavy,Medium
220214,QSE 210B,Introduction to Quantum Information Science II 001,QSE,3.75,10.05,36,2024Spring,1,Satisfactory,Heavy,Medium
220215,QSE 210A,Introduction to Quantum Information Science I 001,QSE,3.67,5.67,16,2025Spring,2,Satisfactory,Moderate,Medium
220239,JEWISHST 156,The Cairo Genizot and their Literature 001,JEWISHST,4.0,5.6,6,2022Fall,1,Good,Moderate,Small
220240,FRSEMR 72S,Religion and the Black Protest Tradition 001,FRSEMR,4.25,4.0,5,2022Fall,1,Good,Moderate,Small
220241,ENGLISH 90LN,Harvard and Native Lands 001,ENGLISH,4.8,5.6,7,2024Fall,3,Excellent,Moderate,Small
220242,FRSEMR 65E,"Wit, Irony, Comedy 001",FRSEMR,4.7,5.5,13,2022Fall,1,Excellent,Moderate,Small
220243,FRSEMR 72V,"Race, Science, and the Law: Knowledge and Power in the U.S. and Beyond 001",FRSEMR,4.8,2.8,11,2022Fall,1,Excellent,Light,Small
220244,FYSEMR 72W,"Is Privacy Dead? Privacy, Surveillance, and Freedom in the Digital Age 001",FYSEMR,4.91,2.73,12,2023Fall,2,Excellent,Light,Small
220247,PSY 1026,Psychology of Communication 001,PSY,4.32,3.41,35,2025Spring,3,Good,Light,Medium
220248,PSY 1031,Psychology in the Classroom 001,PSY,4.85,5.93,20,2024Fall,3,Excellent,Moderate,Medium
220253,FYSEMR 64U,Stories of Gender and Justice 001,FYSEMR,4.78,3.33,11,2023Fall,2,Excellent,Light,Small
220254,OEB 140,Speciation: How Do Species Evolve? 001,OEB,3.86,3.71,9,2022Fall,1,Satisfactory,Light,Small
220258,COMPLIT 102Y,Literary Biography & Documentary Film LEC,COMPLIT,4.6,5.8,5,2023Spring,1,Excellent,Moderate,Small
220261,HIST 15H,Harvard and Native Lands 01,HIST,4.89,9.13,15,2022Fall,1,Excellent,Heavy,Medium
220262,HIST 1977,"US Labor and Working Class History, 1886-1967 01",HIST,3.8,4.25,10,2024Spring,2,Satisfactory,Moderate,Small
220263,SOC-STD 98VR,Difference and Democracy 001,SOC-STD,4.0,6.57,8,2024Spring,1,Good,Moderate,Small
220265,SOC-STD 98VW,"To Remake the World? Revolutionaries, Regimes, and Paradoxes of Power 001",SOC-STD,5.0,6.75,10,2023Fall,2,Excellent,Moderate,Small
220266,COMPLIT 119X,History of the Book: Using Harvard's Treasures to Study the Material Text LEC,COMPLIT,4.14,5.14,12,2023Fall,2,Good,Moderate,Small
220267,COMPLIT 121X,Culture of Convenience LEC,COMPLIT,4.28,3.49,94,2022Fall,1,Good,Light,Large
220270,COMPLIT 100X,"Introduction to German Literature, History, and Thought LEC",COMPLIT,4.71,4.29,27,2023Spring,1,Excellent,Moderate,Medium
220271,COMPLIT 223X,Post-War Confessions: Albert Camus and Günter Grass  SEM,COMPLIT,5.0,3.83,21,2023Spring,1,Excellent,Light,Medium
220277,COMPLIT 140X,Introduction to Modern Arabic Literature LEC,COMPLIT,4.29,5.33,10,2023Spring,1,Good,Moderate,Small
220289,SOC-STD 98VH,Reparations in Law and History 001,SOC-STD,4.86,5.86,9,2024Spring,2,Excellent,Moderate,Small
220292,ALBANIAN BA,Intermediate Modern Albanian I 001,ALBANIAN,5.0,4.4,5,2023Fall,1,Excellent,Moderate,Small
220297,WOMGEN 1208,Gender and Sexuality in Korean Pop Culture 001,WOMGEN,5.0,3.93,16,2024Fall,3,Excellent,Light,Medium
220298,WOMGEN 1216,Women's Voices in Asian and Asian American Literature 001,WOMGEN,4.75,4.17,16,2025Spring,3,Excellent,Moderate,Medium
220377,ECON 2329,Political Economy of Electoral Democracies 001,ECON,5.0,7.25,6,2025Spring,3,Excellent,Moderate,Small
220386,ECON 1346,Closed Borders and Crowded Buses: The Economics of Human Mobility 001,ECON,4.42,6.73,13,2024Fall,3,Good,Moderate,Small
220387,HIST 1075,"The Jews of Eastern Europe, 1700-1939 001",HIST,4.67,5.67,10,2022Fall,1,Excellent,Moderate,Small
220393,SOCIOL 1191,Sociology of Organizations and Institutions 001,SOCIOL,4.46,3.19,38,2022Fall,1,Good,Light,Medium
220395,SOCIOL 1000,Introduction to Sociology 001,SOCIOL,4.1,4.47,38,2025Spring,4,Good,Moderate,Medium
220396,NEURO 101RA,Neurobiology of Emotion and Mood Disorders 001,NEURO,4.5,2.9,11,2023Fall,2,Excellent,Light,Small
220397,NEURO 101RB,Neurobiology of Emotion and Mood Disorders 001,NEURO,4.8,3.22,10,2024Spring,2,Excellent,Light,Small
220400,NEURO 101TA,The Neuroscience of Addiction 001,NEURO,4.91,2.55,15,2022Fall,1,Excellent,Light,Medium
220401,NEURO 101TB,The Neuroscience of Addiction 001,NEURO,5.0,3.27,15,2023Spring,1,Excellent,Light,Medium
220405,FYSEMR 65F,"The Good, the Bad, and the Beautiful: The Ethics of Art 00",FYSEMR,5.0,3.14,11,2023Fall,2,Excellent,Light,Small
220408,ECON 2924,Early Stage Research and Discussions on Deep Learning and Big Data in Economics 001,ECON,4.63,2.29,15,2024Spring,3,Excellent,Light,Medium
220409,SOC-STD 98VG,"Capitalism, Subjectivity, and the ""Entrepreneurial Self"" 001",SOC-STD,4.75,6.0,9,2023Fall,2,Excellent,Moderate,Small
220419,ENGLISH CFE,Advanced Fiction 001,ENGLISH,5.0,3.75,5,2024Fall,2,Excellent,Light,Small
220420,AFVS 58T,A Video Toolbox 001,AFVS,4.57,7.57,9,2023Fall,1,Excellent,Moderate,Small
220421,AFVS 163,Working with Actors and Non-Actors 001,AFVS,3.71,3.86,11,2022Fall,1,Satisfactory,Light,Small
220422,AFVS 194,David Lynch and the American Imaginary 001,AFVS,4.36,4.86,18,2022Fall,1,Good,Moderate,Medium
220423,AFVS 145K,Photography and Evidence of Things Unseen (Studio Course) 001,AFVS,5.0,10.6,7,2022Fall,1,Excellent,Heavy,Small
220424,EMR 155,“A Place called Home”: Histories of Spatial Discrimination and Ethnic Migration in the United States 001,EMR,4.06,4.5,20,2022Fall,1,Good,Moderate,Medium
220425,EMR 154,"Migration, Refugees, and Human Rights 001",EMR,4.59,4.63,23,2022Fall,1,Excellent,Moderate,Medium
220426,SLAVIC 260,Russia and Race 001,SLAVIC,3.25,6.5,10,2022Fall,1,Below Average,Moderate,Small
220429,AFVS 40H,Introduction to Still Photography 001,AFVS,4.9,6.6,11,2025Spring,6,Excellent,Moderate,Small
220433,AFVS 65,Photographic/Cinematic: introduction to lens-based practices 001,AFVS,3.73,5.73,19,2024Spring,2,Satisfactory,Moderate,Medium
220434,AFVS 235,Pedagogy of the Oppressed 001,AFVS,4.67,4.67,9,2023Spring,1,Excellent,Moderate,Small
220435,AFVS 152F,The Bolex: Working in Film 001,AFVS,5.0,7.63,10,2025Spring,2,Excellent,Moderate,Small
220436,AFVS 178D,The Deaths of Cinema (New Course) 001,AFVS,4.5,4.78,15,2023Spring,1,Excellent,Moderate,Medium
220437,HIST 15N,Modern Jewish Politics: Between Power and Powerlessness 01,HIST,4.29,7.0,9,2023Spring,1,Good,Moderate,Small
220439,HIST-LIT 90FI,Race and Empire in the Americas 001,HIST-LIT,4.45,5.2,15,2024Fall,3,Good,Moderate,Medium
220440,HIST-LIT 90FJ,Modern Europe and Migration 001,HIST-LIT,4.63,5.5,8,2024Spring,2,Excellent,Moderate,Small
220441,HIST-LIT 90FK,Europe After the Cold War 001,HIST-LIT,4.7,4.33,12,2022Fall,1,Excellent,Moderate,Small
220442,HIST-LIT 90FL,Indigenous in the City 001,HIST-LIT,5.0,5.86,8,2022Fall,1,Excellent,Moderate,Small
220443,HIST-LIT 90FM,Tasting Place: Food and Culture in America 001,HIST-LIT,3.44,4.0,11,2022Fall,1,Below Average,Moderate,Small
220444,HIST-LIT 90FN,Speculative East Asias 001,HIST-LIT,4.5,4.5,10,2022Fall,1,Excellent,Moderate,Small
220447,HIST-LIT 90FQ,"Con Artist Nation: Scams, Schemes, and American Dreams 001",HIST-LIT,4.64,5.4,14,2022Fall,1,Excellent,Moderate,Small
220448,HIST-LIT 90FR,"Latinx, 1492 to 2022 001",HIST-LIT,4.75,7.29,12,2023Spring,1,Excellent,Moderate,Small
220449,HIST-LIT 90FS,HIV in Global Perspective 001,HIST-LIT,4.09,4.3,13,2022Fall,1,Good,Moderate,Small
220450,HIST-LIT 90FT,A Luta Continua: Legacies of Portuguese Empire 001,HIST-LIT,3.67,3.6,6,2022Fall,1,Satisfactory,Light,Small
220451,HIST-LIT 90FU,British Soft Power from Shakespeare to Dua Lipa 001,HIST-LIT,4.86,4.14,15,2022Fall,1,Excellent,Moderate,Medium
220454,COMPLIT 213X,"Sound, Space, and Politics SEM",COMPLIT,4.25,4.71,10,2022Fall,1,Good,Moderate,Small
220455,COMPLIT 187X,Global New Media and Art SEM,COMPLIT,3.8,4.67,12,2023Spring,1,Satisfactory,Moderate,Small
220475,PSY 980CL,Psychology and Criminal Law 001,PSY,4.4,4.4,15,2025Spring,3,Good,Moderate,Medium
220476,ESPP 90H,"Climate, Crops, and Food Security 001",ESPP,4.85,3.38,17,2023Spring,1,Excellent,Light,Medium
220477,SOC-STD 98VT,"Solidarity: Group, Self, Identity 001",SOC-STD,5.0,5.57,9,2024Fall,1,Excellent,Moderate,Small
220478,PSY 980TM,"Transdiagnostic Models of Psychopathology: Theory, Research, and Treatment 001",PSY,4.8,3.2,6,2024Spring,1,Excellent,Light,Small
220481,ESPP 90P,Climate Responsibility and Climate Action 001,ESPP,4.6,4.0,14,2024Fall,3,Excellent,Moderate,Small
220488,ECON 2925,Early Stage Research and Discussions on the Economics of Health Equity 001,ECON,4.86,2.8,16,2025Spring,3,Excellent,Light,Medium
220490,AFRAMER 184X,Jim Crow: Histories and Revivals 001,AFRAMER,4.33,9.63,14,2023Fall,2,Good,Heavy,Small
220491,ENGLISH CVLP,Plundering the Americas: Histories of Extractive Violence and Creative Resistance in the Americas 001,ENGLISH,4.17,3.33,9,2023Spring,1,Good,Light,Small
220492,MATH 270Z,Symplectic geometry 1,MATH,5.0,12.0,21,2022Fall,1,Excellent,Heavy,Medium
220493,ENGLISH CVLI,Imagination Under Siege: Creativity in Times of Crisis 001,ENGLISH,4.83,5.5,10,2022Fall,1,Excellent,Moderate,Small
220494,MATH 271Z,Topics in Algebraic Geometry - Kodaira dimension and families of varieties 1,MATH,5.0,12.6,30,2022Fall,1,Excellent,Heavy,Medium
220495,MATH 272Z,Motives at p 1,MATH,5.0,4.75,34,2022Fall,1,Excellent,Moderate,Medium
220500,MATH 277Z,K3 surfaces 1,MATH,4.8,7.6,36,2023Spring,1,Excellent,Moderate,Medium
220501,WOMGEN 1205,Worlds of Wonder?: Social Constructions of Childhood through Children’s Literature 001,WOMGEN,4.29,4.0,17,2023Spring,1,Good,Moderate,Medium
220505,HAA 134P,Art and Culture of Armenia 001,HAA,5.0,2.6,8,2022Fall,1,Excellent,Light,Small
220507,ARMENST 111,Art and Culture of Armenia 001,ARMENST,5.0,2.6,8,2022Fall,1,Excellent,Light,Small
220511,AFVS 41K,Introduction to Still Photography 001,AFVS,5.0,7.09,12,2023Spring,1,Excellent,Moderate,Small
220514,AFVS 147H,A Way of Seeing: Photography Course 001,AFVS,4.83,10.67,10,2023Spring,1,Excellent,Heavy,Small
220515,CLS-STDY 144,Love and Other Emotions 001,CLS-STDY,4.0,3.77,21,2022Fall,1,Good,Light,Medium
220516,LATIN 163,Medeas of Seneca and Ovid 001,LATIN,4.0,6.17,11,2022Fall,1,Good,Moderate,Small
220517,AFVS 10F,"Indelible, Irrepressible: Drawing Course 001",AFVS,4.6,4.22,14,2023Spring,1,Excellent,Moderate,Small
220518,AFVS 128,Quilting Circles and Assembly Lines: Painting Course 001,AFVS,4.8,9.9,12,2023Spring,1,Excellent,Heavy,Small
220522,SOC-STD 98VE,"Empire, Capitalism, and Global Economic Development 001",SOC-STD,5.0,5.2,7,2023Fall,2,Excellent,Moderate,Small
220526,SOC-STD 98VF,The Foundations of Democracy and Dictatorship 001,SOC-STD,5.0,8.17,10,2024Spring,2,Excellent,Heavy,Small
220528,FRENCH 64,"Exploring French Language in North America through Text, Image, and Culture 001",FRENCH,5.0,5.0,7,2024Fall,3,Excellent,Moderate,Small
220533,MODMDEST 122,Dynamics of Transformation in the Modern Middle East 001,MODMDEST,4.57,6.33,7,2022Fall,1,Excellent,Moderate,Small
220540,ROM-STD 162,Landscapes of Cinema 001,ROM-STD,4.8,3.0,15,2025Spring,2,Excellent,Light,Medium
220544,MATH 161,Introduction to Formal Verification of Mathematics 1,MATH,4.79,8.62,18,2023Spring,1,Excellent,Heavy,Medium
220545,MATH 278Z,Tools and ideas in low-dimensional topology 1,MATH,5.0,4.0,25,2022Fall,1,Excellent,Moderate,Medium
220546,SLAVIC 193,Introduction to Russian and Soviet Film 1,SLAVIC,4.88,4.0,11,2022Fall,1,Excellent,Moderate,Small
220549,AFRAMER 170Y,"Black Classicisms: Adaptations of Ancient Greek & Roman Classics in Africa, the Caribbean, & the US 001",AFRAMER,5.0,4.71,15,2023Spring,1,Excellent,Moderate,Medium
220552,PHYSICS 230,Active Matter 001,PHYSICS,4.3,9.63,21,2025Spring,2,Good,Heavy,Medium
220556,HIST-LIT 90FW,Carceral Empire 001,HIST-LIT,4.6,4.0,6,2023Spring,1,Excellent,Moderate,Small
220557,SOCIOL 1178,"Human Rights, Gender, & Sexuality 001",SOCIOL,5.0,4.0,8,2024Fall,2,Excellent,Moderate,Small
220558,SOCIOL 1194,Global Inequality 001,SOCIOL,4.4,3.93,22,2025Spring,2,Good,Light,Medium
220559,SOCIOL 90IN,Quantitative Lab: Inequality 001,SOCIOL,4.0,6.33,12,2025Spring,2,Good,Moderate,Small
220560,FRENCH 84,Genres of Self: French Autobiographical Writing 001,FRENCH,4.2,7.4,9,2022Fall,1,Good,Moderate,Small
220561,FRENCH 82,Staging Critique: French Theater and the Social Body 001,FRENCH,5.0,4.5,5,2023Spring,1,Excellent,Moderate,Small
220564,SYSBIO 214,Science Communication & Ideation 001,SYSBIO,4.25,4.0,9,2023Fall,2,Good,Moderate,Small
220569,PHIL 169W,The Philosophy of Bernard Williams (proseminar) 001,PHIL,4.5,4.0,7,2023Fall,2,Excellent,Moderate,Small
220572,HIST 2302,Philosophies of Enlightenment: Seminar 01,HIST,4.83,8.75,11,2023Spring,1,Excellent,Heavy,Small
220581,RELIGION 1589,Truths & Reconciliations 001,RELIGION,5.0,4.4,7,2022Fall,1,Excellent,Moderate,Small
220587,AFRAMER 160X,Engaging Africa and its Cultures 001,AFRAMER,4.82,1.71,28,2024Spring,2,Excellent,Light,Medium
220592,BBS 230A,Analysis of Biological Literature 0001,BBS,3.05,3.71,63,2023Fall,1,Below Average,Light,Large
220594,SOCIOL 98JB,Junior Tutorial: Human Rights 001,SOCIOL,4.7,4.5,10,2022Fall,1,Excellent,Moderate,Small
220595,SOCIOL 1111,Sociology of Sport 001,SOCIOL,4.63,3.02,125,2025Spring,3,Excellent,Light,Large
220596,SOCIOL 1145,Children’s Rights and Youth Participation 001,SOCIOL,4.6,3.5,15,2023Fall,2,Excellent,Light,Medium
220597,PHYSICS 265,Statistical Mechanics of Spin Glasses and Neural Networks 001,PHYSICS,3.92,7.78,20,2025Spring,2,Satisfactory,Moderate,Medium
220605,PHYSICS 20,Introduction to Computational Physics 001,PHYSICS,4.6,9.0,5,2024Fall,3,Excellent,Heavy,Small
220608,SOC-STD 98VL,Rethinking the City: Modern Life in and Beyond Europe 001,SOC-STD,4.8,5.2,7,2022Fall,1,Excellent,Moderate,Small
220613,RELIGION 119,History of the Book: Using Harvard's Treasures to Study the Material Text 001,RELIGION,4.14,5.14,12,2023Fall,1,Good,Moderate,Small
220621,MCB 161,Introduction to Single-Molecule Biophysics 001,MCB,4.63,7.0,13,2024Fall,3,Excellent,Moderate,Small
220622,MUSIC 107,Advanced Ensembles 003,MUSIC,4.62,5.19,24,2025Spring,6,Excellent,Moderate,Medium
220632,CE 10,StudioLab on Creativity and Entrepreneurship LEC,CE,4.38,4.0,13,2024Fall,3,Good,Moderate,Small
220641,TDM 134,Artistic Process (+) A TDM Festival 1,TDM,4.0,2.57,11,2022Fall,1,Good,Light,Small
220643,HISTSCI 1950,"Science, Activism, and Political Conflict 001",HISTSCI,5.0,8.83,12,2024Fall,2,Excellent,Heavy,Small
220644,HISTSCI 1420,A History of Medicine Through Patient Voices 001,HISTSCI,5.0,4.79,15,2022Fall,1,Excellent,Moderate,Medium
220646,HISTSCI 1430,Diagnostic Technologies in Medicine: From the Stethoscope to Artificial Intelligence 001,HISTSCI,4.92,5.0,15,2022Fall,1,Excellent,Moderate,Medium
220647,HISTSCI 1435,A History of Biotechnology 001,HISTSCI,4.81,4.83,37,2023Spring,1,Excellent,Moderate,Medium
220650,HEB 123,"Dogs: Behavior, evolution, and domestication 001",HEB,5.0,4.11,12,2024Fall,3,Excellent,Moderate,Small
220651,HISTSCI 1955,Science in Popular Culture 001,HISTSCI,4.35,4.88,22,2025Spring,3,Good,Moderate,Medium
220696,MODMDEST 102,Shi’a Islam and Politics in the Middle East 001,MODMDEST,4.75,6.0,14,2025Spring,3,Excellent,Moderate,Small
220697,MODMDEST 103,History of Modern Iran 001,MODMDEST,4.91,5.4,11,2022Fall,1,Excellent,Moderate,Small
220699,EMR 152,Memory and Diaspora 001,EMR,4.08,4.73,16,2022Fall,1,Good,Moderate,Medium
220701,ENG-SCI 200,Foundations of Quantum Mechanics 001,ENG-SCI,3.6,12.0,16,2024Fall,3,Satisfactory,Heavy,Medium
220705,CE 11,StudioLab on Creativity and Entrepreneurship 001,CE,4.42,6.33,23,2025Spring,3,Good,Moderate,Medium
220706,CHEM 200,Foundations of Quantum Mechanics LEC,CHEM,3.6,12.0,16,2024Fall,3,Satisfactory,Heavy,Medium
220717,AFVS 136S,"Volumes: Sound, Sculpture and Space 1",AFVS,4.5,4.0,11,2024Spring,2,Excellent,Moderate,Small
220723,SOC-STD 15,Legitimacy and Resistance in an Unjust World 001,SOC-STD,4.0,7.0,6,2023Spring,1,Good,Moderate,Small
220729,HIST 1800,A Critical Introduction to the Study of the Middle East 01,HIST,4.4,8.88,11,2024Fall,3,Good,Heavy,Small
220737,NEURO 101U,Neural circuits for navigation 001,NEURO,5.0,4.13,11,2024Fall,3,Excellent,Moderate,Small
220738,NEURO 101UB,Introduction to Neural Computation 001,NEURO,4.91,3.36,13,2024Spring,2,Excellent,Light,Small
220757,HEB 1306,"Wearable sensors: measuring activity, health, and performance 001",HEB,4.67,3.15,19,2023Fall,2,Excellent,Light,Medium
220758,HEB 45,"Technology, Behavior, and Human Evolution 001",HEB,4.52,4.83,27,2024Fall,3,Excellent,Moderate,Medium
220759,HEB 183,Science Writing 001,HEB,4.85,2.92,16,2025Spring,3,Excellent,Light,Medium
220761,ESPP 171,Solid Waste In Developing Countries 001,ESPP,3.33,10.83,8,2024Fall,2,Below Average,Heavy,Small
220763,ANTHRO 1827,Introduction to Social Medicine Methods and Practice 001,ANTHRO,4.58,4.45,15,2022Fall,1,Excellent,Moderate,Medium
220764,ANTHRO 1954,California: Histories of the Future at the Technological Frontier 001,ANTHRO,4.8,3.7,12,2022Fall,1,Excellent,Light,Small
220767,ANTHRO 1822,"Environment, Health, and Justice 001",ANTHRO,4.38,7.88,12,2022Fall,1,Good,Moderate,Small
220770,MBB 980Y,Virtue Science 1,MBB,4.64,4.18,15,2023Spring,1,Excellent,Moderate,Medium
220773,HIST-LIT 90FX,Imagining Latin America 001,HIST-LIT,4.44,4.67,13,2022Fall,1,Good,Moderate,Small
220775,MATH 280Y,Arithmetic Statistics 1,MATH,4.8,7.0,16,2023Spring,1,Excellent,Moderate,Medium
220777,HAA 283K,Syncretic Art in Early China 001,HAA,4.67,15.0,9,2022Fall,1,Excellent,Heavy,Small
220778,HAA 184G,Modern Ink Landscape 001,HAA,4.89,3.89,14,2022Fall,1,Excellent,Light,Small
220779,ROM-STD 141,The Camera-Pen: The Essay Film from a Latin American Perspective 001,ROM-STD,4.4,3.2,10,2023Spring,1,Good,Light,Small
220781,COMPSCI 197,AI Research Experiences 001,COMPSCI,4.54,8.85,16,2022Fall,1,Excellent,Heavy,Medium
220782,EDST 128,Education and Resistance in Community-based Youth Organizations  001,EDST,4.71,3.83,8,2022Fall,1,Excellent,Light,Small
220783,EDST 129,Migration and Urban Education 001,EDST,4.8,4.5,5,2022Fall,1,Excellent,Moderate,Small
220784,SOCIOL 1201,K-12 Education in the United States 001,SOCIOL,4.69,4.0,15,2023Spring,1,Excellent,Moderate,Medium
220785,SOCIOL 1212,"Diversity, Equity, and Inclusion SEM",SOCIOL,4.62,3.0,15,2023Spring,1,Excellent,Light,Medium
220789,HISTSCI 1221,Cold War Science 001,HISTSCI,4.79,4.5,18,2023Spring,1,Excellent,Moderate,Medium
220790,EDST 127,Ethnic Studies and Education 001,EDST,4.5,2.38,25,2024Spring,1,Excellent,Light,Medium
220796,SOCIOL 1291V,Advanced Research in Reproductive Health and Rights 001,SOCIOL,4.75,4.14,11,2022Fall,1,Excellent,Moderate,Small
220819,TDM 121B,Physical Theater: The Actor Instrument 1,TDM,4.5,4.0,9,2023Spring,1,Excellent,Moderate,Small
220824,SLAVIC 117,Readings in Russian Literature 001,SLAVIC,4.56,5.0,9,2023Spring,1,Excellent,Moderate,Small
220841,TDM 154,Designing with Light 001,TDM,4.88,5.57,9,2024Fall,3,Excellent,Moderate,Small
220846,EMR 156,Migrations 001,EMR,4.74,3.77,30,2023Spring,1,Excellent,Light,Medium
220865,NEURO 101V,Sculpting Activity: Neural Inhibition in Health and Disease 001,NEURO,5.0,5.14,11,2024Fall,3,Excellent,Moderate,Small
220866,NEURO 101VB,Sculpting Activity: How Inhibition Shapes the Brain in Health and Disease 001,NEURO,5.0,3.6,10,2024Spring,2,Excellent,Light,Small
220875,MCB 66,Pathological Cell Biology 001,MCB,4.23,5.93,40,2025Spring,3,Good,Moderate,Medium
220876,ANE 140,"Sex, Death, and the Bible 001",ANE,3.83,3.0,9,2023Spring,1,Satisfactory,Light,Small
221553,GERMAN 157,Memory and Monuments in Vienna 1,GERMAN,4.5,4.0,6,2023Spring,1,Excellent,Moderate,Small
221575,GOV 2017,Applied Bayesian Statistics for the Social Sciences 001,GOV,3.71,16.2,11,2023Spring,1,Satisfactory,Heavy,Small
221589,ARMENST 112,Beautiful and Sacred: Armenian Book Arts 001,ARMENST,5.0,6.33,10,2023Spring,1,Excellent,Moderate,Small
221590,ARMENST 113,Ghost City: Ani and its Monuments 001,ARMENST,5.0,4.0,10,2023Spring,1,Excellent,Moderate,Small
221611,HIST-LIT 90FY,Culture Wars 001,HIST-LIT,4.56,4.78,15,2023Spring,1,Excellent,Moderate,Medium
221616,HAA 136,Beautiful and Sacred: Armenian Book Arts 001,HAA,5.0,6.33,10,2023Spring,1,Excellent,Moderate,Small
221617,HAA 131K,Ghost City: Ani and its Monuments 001,HAA,5.0,4.0,10,2023Spring,1,Excellent,Moderate,Small
221621,STAT 108,Introduction to Statistical Computing with R 001,STAT,4.06,6.1,48,2024Fall,2,Good,Moderate,Medium
221623,MODMDEST 106,Government and Politics of the Modern Middle East and North Africa 001,MODMDEST,4.17,3.11,27,2023Spring,1,Good,Light,Medium
221624,MODMDEST 206,Government and Politics of the Modern Middle East and North Africa 001,MODMDEST,4.17,3.11,27,2023Spring,1,Good,Light,Medium
221625,MODMDEST 207,"Jihad, War and Peace in Islamic Law and Practice 001",MODMDEST,4.43,4.57,10,2023Spring,1,Good,Moderate,Small
221631,MODMDEST 104,Sectarianism and Islamic Identities in the Middle East: Modern and Medieval 001,MODMDEST,4.29,5.8,8,2024Spring,2,Good,Moderate,Small
221632,MODMDEST 107,"Regional Order, U.S. Wars, and the Politics of Iraq and Afghanistan 001",MODMDEST,4.33,5.69,23,2025Spring,3,Good,Moderate,Medium
221635,ANTHRO 1813,Science from the Arctic: Histories and Futures 001,ANTHRO,4.22,7.33,12,2023Spring,1,Good,Moderate,Small
221646,STAT 217,Topics in high-dimensional statistics: methods,STAT,4.71,6.86,12,2024Spring,2,Excellent,Moderate,Small
221651,AFRAMER 174Y,The Museum 001,AFRAMER,4.25,3.5,14,2023Spring,1,Good,Light,Small
221673,ANTHRO 2061,Archaeological Science 001,ANTHRO,4.88,7.38,12,2023Spring,1,Excellent,Moderate,Small
221674,ANTHRO 3705,Semiotic Anthropology 1,ANTHRO,4.6,8.63,16,2023Spring,1,Excellent,Heavy,Medium
221677,GOV 1025,Political Economy and Its Future 001,GOV,3.7,5.33,18,2025Spring,3,Satisfactory,Moderate,Medium
221678,GOV 94PJ,The Political Theory of Social Movements 001,GOV,3.67,5.29,10,2023Spring,1,Satisfactory,Moderate,Small
221679,HAA 187K,"Architecture, Urbanism, and Design in a Global South Asia: 18th century to the present 001",HAA,4.43,7.29,13,2025Spring,2,Good,Moderate,Small
221682,TDM 154B,Stage Lighting Studio 001,TDM,4.8,3.8,6,2024Spring,2,Excellent,Light,Small
221683,TDM 168B,Podcast: Uploading the Present 001,TDM,4.63,4.88,14,2025Spring,2,Excellent,Moderate,Small
221684,TDM 183B,Collective Freedom Dreaming: Engaged Pedagogy and Radical Love as Praxis 001,TDM,4.85,3.8,29,2025Spring,2,Excellent,Light,Medium
221688,TDM 184B,The Ritual of Breath is the Rite to Resist Social Impact 001,TDM,4.5,4.0,11,2023Spring,1,Excellent,Moderate,Small
221689,TDM 172B,Performing Outside the Theater 001,TDM,4.4,6.6,8,2024Fall,3,Good,Moderate,Small
221690,FRSEMR 65G,Deciding What (And Who) to Believe 001,FRSEMR,4.1,2.5,12,2023Spring,1,Good,Light,Small
221691,FRSEMR 72Y,Radical Actors: The Role of Public Education in American Social Movements 001,FRSEMR,4.8,3.2,7,2023Spring,1,Excellent,Light,Small
221694,STAT 175,Statistics and Data Science of Networks 001,STAT,4.24,6.47,23,2023Spring,1,Good,Moderate,Medium
221721,HISTSCI 1385,Water: The Politics and Uncertain Futures of Drought and Climate Change 001,HISTSCI,3.67,5.13,13,2023Spring,1,Satisfactory,Moderate,Small
221725,GOV 1318,The Great Food Transformation 001,GOV,4.3,3.19,26,2025Spring,3,Good,Light,Medium
221731,HISTSCI 2915,Latour and his Interlocutors 001,HISTSCI,5.0,14.0,14,2023Spring,1,Excellent,Heavy,Small
221734,HIST 2029,Digital Methods and Primary Sources: Seminar 01,HIST,3.4,3.0,7,2025Spring,1,Below Average,Light,Small
221738,GOV 1138,Propaganda and Politics: Past and Present 001,GOV,4.24,5.0,25,2023Spring,1,Good,Moderate,Medium
221743,GOV 94AB,The Theory and Practice of Civil-Military Relations 001,GOV,4.63,5.25,11,2023Fall,1,Excellent,Moderate,Small
221745,PSY 2535R,Judgment and Decision-Making Research Seminar 001,PSY,4.33,6.5,8,2024Spring,2,Good,Moderate,Small
221769,LATIN 143,"Sallust and Tacitus: Virtue, Vice, and Empire 001",LATIN,4.25,6.75,10,2023Spring,1,Good,Moderate,Small
221774,JEWISHST 158,21st-Century U.S. Jewish Culture 001,JEWISHST,5.0,3.4,7,2023Spring,1,Excellent,Light,Small
221775,TDM 144B,"Uncovering Form: Uncovering bodily forms through the modular lenses of flesh, memory, site, history 001",TDM,4.29,2.57,17,2023Spring,1,Good,Light,Medium
221777,RELIGION 120,Religion and Nationalism in the United States: A History 1,RELIGION,4.92,5.58,15,2024Fall,3,Excellent,Moderate,Medium
221778,ROM-STD 296,The Environmental Humanities and New Materialisms: Critical Paths and Trajectories 001,ROM-STD,4.6,8.25,12,2023Spring,1,Excellent,Heavy,Small
221779,PHIL 192B,Buddhist Philosophers and Their Critics 001,PHIL,4.45,6.45,20,2023Spring,1,Good,Moderate,Medium
221780,ENGLISH CLLW,Life Writing 001,ENGLISH,5.0,3.88,10,2024Fall,3,Excellent,Light,Small
221781,ENGLISH CLPG,Play and Games: The Art of Sportswriting 001,ENGLISH,4.82,3.7,12,2025Spring,3,Excellent,Light,Small
221789,ISLAMCIV 201,Islamic Intellectual History: A Survey of the Field 001,ISLAMCIV,4.56,12.22,14,2023Spring,1,Excellent,Heavy,Small
221794,RELIGION 116,The Conduct of Life in Western and Eastern Philosophy 1,RELIGION,4.43,3.86,10,2025Spring,2,Good,Light,Small
221796,RELIGION 2432,History of Early Christianity 1,RELIGION,4.38,6.5,14,2025Spring,3,Good,Moderate,Small
221929,APMTH 220,Geometric Methods for Machine Learning 001,APMTH,4.62,6.7,48,2025Spring,3,Excellent,Moderate,Medium
221932,COMPSCI 2370,Economic Analysis as a Frontier of Theoretical Computer Science 001,COMPSCI,4.5,6.0,20,2024Fall,2,Excellent,Moderate,Medium
221933,COMPSCI 37,Incentives in the Wild: from Tanking in Sports to Mining Cryptocurrencies 001,COMPSCI,3.38,5.45,56,2025Spring,2,Below Average,Moderate,Large
221939,COMPSCI 1960,Designing K–12 Computer Science Learning Experiences 001,COMPSCI,4.9,5.33,16,2025Spring,3,Excellent,Moderate,Medium
221972,PHYSICS 199,Statistical Thermodynamics and Quantitative Biology 001,PHYSICS,4.0,8.67,10,2025Spring,2,Good,Heavy,Small
221973,ENGLISH CNWM,Nonfiction Writing for Magazines 001,ENGLISH,4.91,4.8,12,2023Spring,1,Excellent,Moderate,Small
221984,SOCIOL 1218,"Food Choice, Health, and Inequality 001",SOCIOL,4.75,4.83,15,2024Spring,2,Excellent,Moderate,Medium
221986,HEB 132,Mammalian Business 001,HEB,4.17,2.12,25,2024Fall,3,Good,Light,Medium
221989,GOV 1026,The Political Science of American Democracy 001,GOV,4.47,5.24,27,2023Spring,1,Good,Moderate,Medium
221991,MBB 980Z,"The Insanity Defense : Psychological, Neuroscientific, Legal, Philosophical, and Policy Issues 001",MBB,4.38,3.09,15,2023Spring,1,Good,Light,Medium
222018,QSE 301,A Practical and Effective Toolkit for Teaching and Research 001,QSE,4.0,0.67,12,2024Fall,2,Good,Light,Small
222072,GENED 1185,The Power and Beauty of Being In Between: The Story of Armenia 001,GENED,4.21,4.33,403,2024Fall,2,Good,Moderate,Large
222073,HAA 276P,Photomontage & the Power of Assembly 001,HAA,4.5,4.83,8,2023Fall,1,Excellent,Moderate,Small
222074,HAA 162V,"Imagining Witchcraft: Women, Satire, and Enmity in Early Modern Visual Culture (from Dürer to Goya) 001",HAA,4.18,3.91,14,2023Fall,1,Good,Light,Small
222075,HAA 262G,Ego Documents in Early Modern Art and Literature 001,HAA,5.0,7.0,13,2023Fall,1,Excellent,Moderate,Small
222077,HAA 17G,"Australian First Nations Art, Culture and Politics: We have survived 001",HAA,2.57,6.0,12,2024Spring,1,Below Average,Moderate,Small
222078,HAA 15,Introduction to Italian Renaissance Art 001,HAA,4.07,4.75,41,2024Spring,1,Good,Moderate,Medium
222080,HAA 173P,Architectures of Cloth 001,HAA,5.0,7.14,12,2024Spring,1,Excellent,Moderate,Small
222081,HAA 177M,Art and Science of the Moon 001,HAA,4.73,6.27,14,2024Fall,1,Excellent,Moderate,Small
222083,HAA 236V,Threads of Survival: Armenian Liturgical Textiles 001,HAA,5.0,5.0,10,2023Fall,1,Excellent,Moderate,Small
222084,MATH 293X,Topological modular forms 001,MATH,4.75,4.27,50,2023Fall,1,Excellent,Moderate,Medium
222093,HAA 181M,Art of Qi 001,HAA,4.8,4.33,13,2023Fall,1,Excellent,Moderate,Small
222095,HIST 1985,"Russia, 1991-2023: From Revolution to War 01",HIST,4.2,11.8,6,2023Fall,1,Good,Heavy,Small
222096,MUSIC 186R,Contemporary Chamber Music STO,MUSIC,4.7,3.7,10,2023Fall,1,Excellent,Light,Small
222097,AAAS 222A,"Afrodescendant Citizenship in Latin America: Mobilization, Contestation, and Change 001",AAAS,4.75,14.13,12,2023Fall,1,Excellent,Heavy,Small
222098,HAA 98CR,Junior Tutorial - Race & Aesthetics 001,HAA,4.8,10.67,5,2025Spring,1,Excellent,Heavy,Small
222099,HAA 98BR,Junior Tutorial - Architectural Methods 001,HAA,4.71,5.86,8,2024Fall,2,Excellent,Moderate,Small
222100,HAA 98DR,Junior Tutorial - Writing Art History 001,HAA,4.5,3.5,13,2025Spring,2,Excellent,Light,Small
222101,PSY 2085,Machine Learning for Psychologists 001,PSY,4.85,5.0,20,2023Fall,1,Excellent,Moderate,Medium
222102,PSY 2035,Advanced Statistical Modeling 001,PSY,4.93,3.77,23,2024Fall,1,Excellent,Light,Medium
222103,HIST 15S,Fiction as Archive 01,HIST,4.58,4.58,15,2023Fall,1,Excellent,Moderate,Medium
222104,HIST 2120,Histories of Material Objects: Books and Instruments from the Early Modern World: Seminar 01,HIST,4.82,8.67,15,2023Fall,1,Excellent,Heavy,Medium
222106,FYSEMR 72Z,Oil and Empire 001,FYSEMR,4.86,7.29,8,2023Fall,1,Excellent,Moderate,Small
222107,FYSEMR 73C,Race Science: A History 001,FYSEMR,4.5,8.67,6,2024Fall,2,Excellent,Heavy,Small
222109,FYSEMR 73D,"The Wedding Complex: Race, Gender, and Sexuality in Love and Marriage 01",FYSEMR,4.22,3.67,12,2023Fall,1,Good,Light,Small
222110,FYSEMR 52P,Mathematical Proofs from “the Book” 01,FYSEMR,4.33,1.44,12,2023Fall,1,Good,Light,Small
222111,FYSEMR 52R,The Quantum Revolution: from Computing to Time Crystals 001,FYSEMR,4.88,6.0,10,2025Spring,2,Excellent,Moderate,Small
222112,FYSEMR 65H,The Greatest Love Story of All Time? Heloise and Abelard 01,FYSEMR,3.33,2.17,8,2023Fall,1,Below Average,Light,Small
222114,GOV 94TL,Asian American Politics 001,GOV,5.0,3.89,15,2023Fall,1,Excellent,Light,Medium
222118,GOV 94ST,The Politics of Place 001,GOV,4.67,8.33,16,2024Fall,1,Excellent,Heavy,Medium
222121,MUSIC 27,Latino Music in the United States LEC,MUSIC,4.57,4.57,8,2023Fall,1,Excellent,Moderate,Small
222123,HAA 236,The Living Image in Premodern Art 001,HAA,4.8,8.0,9,2023Fall,1,Excellent,Moderate,Small
222124,HAA 132,The Greek Vase 001,HAA,5.0,5.17,9,2024Spring,1,Excellent,Moderate,Small
222125,HAA 13,Introduction to Greek Art and Archaeology 001,HAA,4.57,3.08,20,2024Spring,1,Excellent,Light,Medium
222126,AFRAMER 86,Race and Public Health Crises: From TB to AIDS to COVID-19 001,AFRAMER,3.86,7.67,11,2025Spring,1,Satisfactory,Moderate,Small
222128,ENGLISH 90TK,Tolkien's Library 001,ENGLISH,4.55,5.3,14,2023Fall,1,Excellent,Moderate,Small
222129,ENGLISH 90RI,Race in the Age of Artificial Intelligence 001,ENGLISH,4.85,4.23,14,2023Fall,1,Excellent,Moderate,Small
222130,ENGLISH 226S,Renaissance Ego-Documents 001,ENGLISH,5.0,7.0,13,2023Fall,1,Excellent,Moderate,Small
222131,ENGLISH 199AD,Adaptation: The Art of Retelling 001,ENGLISH,4.25,4.07,22,2023Fall,1,Good,Moderate,Medium
222134,ENGLISH 187R,Thinking Through Writing: Science Themes 001,ENGLISH,4.7,5.4,30,2024Fall,2,Excellent,Moderate,Medium
222142,AFRAMER 111X,"Africa in the Twentieth Century: Culture, Representation, and New Diasporas 001",AFRAMER,4.82,6.73,18,2024Fall,2,Excellent,Moderate,Medium
222143,HISTSCI 1980,"Burning Books, Fighting Facts: How Individuals & Institutions Resist, Reject, and Destroy Knowledge 001",HISTSCI,4.59,5.81,22,2023Fall,1,Excellent,Moderate,Medium
222146,HIST 1033,Japan’s Samurai Revolution 01,HIST,4.33,8.0,8,2024Fall,2,Good,Moderate,Small
222147,SCRB 185,"Brain Development, Risk of Mental Illness, and New Approaches to Treatment Development 001",SCRB,4.44,3.28,46,2024Spring,1,Good,Light,Medium
222154,ENGLISH 180VW,"Two Visionary Women: Julian of Norwich, Margery Kempe, and Company 001",ENGLISH,4.57,7.67,11,2024Spring,1,Excellent,Moderate,Small
222156,ANTHRO 1851,How to Tell A Story: Visions and Explorations in Ethnography 001,ANTHRO,4.83,5.25,16,2024Spring,1,Excellent,Moderate,Medium
222157,ANTHRO 1084,Experimental Archaeology 001,ANTHRO,4.5,1.6,8,2023Fall,1,Excellent,Light,Small
222161,MUSIC 29,Black Protest Music LEC,MUSIC,4.57,2.73,16,2023Fall,1,Excellent,Light,Medium
222163,AAAS 192,The History of African Art 001,AAAS,4.0,4.0,12,2023Fall,1,Good,Moderate,Small
222167,PSY 2220R,Laboratory on Social Cognitive Development 001,PSY,5.0,8.5,9,2025Spring,4,Excellent,Heavy,Small
222169,PSY 1532,Psychology's Big Questions 001,PSY,4.18,4.2,16,2023Fall,1,Good,Moderate,Medium
222174,ENGLISH 187X,Twentieth Century American Poetry 001,ENGLISH,4.8,3.75,10,2024Spring,1,Excellent,Light,Small
222175,HAA 177X,"Nano, Micro, Macro: Adaptive Material Laboratory 001",HAA,3.64,7.55,14,2023Fall,1,Satisfactory,Moderate,Small
222176,ENGLISH 281P,What Are Poetries? Lyric and other poetry and poetics in English since 1850 001,ENGLISH,4.4,7.38,12,2024Spring,1,Good,Moderate,Small
222178,HIST 1045,The First World War 01,HIST,4.52,4.85,30,2023Fall,1,Excellent,Moderate,Medium
222183,ANTHRO 2301,"The Past Matters: Cultural Policies, Heritage Education, and Community Engagement. 001",ANTHRO,4.4,4.6,7,2023Fall,1,Good,Moderate,Small
222186,HIST 15Y,"Race, Gender, and the Law Through the Archive 01",HIST,4.44,7.0,12,2023Fall,1,Good,Moderate,Small
222193,TDM 194S,The Show-Tune Canon Meets the No-Show Songbook 1,TDM,4.67,2.33,16,2024Spring,1,Excellent,Light,Medium
222194,TDM 166H,TV Writers Room 001,TDM,2.9,3.7,11,2024Spring,1,Below Average,Light,Small
222197,CELTIC 185,Transatlantic Celts: Narratives of Loss and Belonging 001,CELTIC,5.0,3.0,7,2023Fall,1,Excellent,Light,Small
222198,SOCIOL 98JC,"Junior Tutorial: Morality, Meaning, and Markets 001",SOCIOL,4.88,4.88,11,2023Fall,1,Excellent,Moderate,Small
222199,SOCIOL 1102,Environmental Sociology 001,SOCIOL,3.1,3.6,13,2023Fall,1,Below Average,Light,Small
222200,SOCIOL 1101,Inequality Then and Now: The History of Human Suffering 001,SOCIOL,4.65,5.03,40,2024Fall,2,Excellent,Moderate,Medium
222201,AFRAMER 201,Theory and Race in Africa 001,AFRAMER,4.6,3.7,10,2023Fall,1,Excellent,Light,Small
222202,HIST 16A,Immigrant Justice Lab 01,HIST,4.0,5.6,11,2025Spring,2,Good,Moderate,Small
222203,HIST 1016,Immigration Law: A History of the Present 01,HIST,4.3,5.69,70,2023Fall,1,Good,Moderate,Large
222204,HIST 15Q,Australian Environmental History: Gondwanda to Global Warming 01,HIST,4.83,5.33,9,2023Fall,1,Excellent,Moderate,Small
222205,HIST 1975,Oral History: Theory and Practice 01,HIST,4.83,4.67,14,2024Spring,1,Excellent,Moderate,Small
222208,GOV 94LM,Ethnic and Racial Politics 001,GOV,4.75,5.56,13,2024Spring,1,Excellent,Moderate,Small
222209,HIST 2130,Renaissance Political Thought 01,HIST,4.43,5.6,12,2023Fall,1,Good,Moderate,Small
222210,GOV 2370,Democratic Backsliding in the United States and Beyond 001,GOV,5.0,8.0,8,2024Spring,1,Excellent,Moderate,Small
222213,SAS 104,The Body in Indian Medicine 001,SAS,4.83,4.17,8,2023Fall,1,Excellent,Moderate,Small
222221,CLS-STDY 154,Ancient Global Economies 001,CLS-STDY,3.67,4.93,23,2024Spring,1,Satisfactory,Moderate,Medium
222223,CLASPHIL 206,Lucian and Postclassicism 001,CLASPHIL,4.83,10.67,13,2024Spring,1,Excellent,Heavy,Small
222226,CLS-STDY 166,Bob Dylan the Classic 001,CLS-STDY,5.0,2.28,45,2024Fall,1,Excellent,Light,Medium
222227,CLS-STDY 172,Romanness after Rome 001,CLS-STDY,4.8,2.0,10,2024Spring,1,Excellent,Light,Small
222228,CLS-STDY 180,The Seleucid Empire 001,CLS-STDY,4.89,6.11,15,2024Spring,1,Excellent,Moderate,Medium
222229,AFRAMER 135Y,Black Feminist Theory Seminar 001,AFRAMER,4.7,4.53,32,2025Spring,1,Excellent,Moderate,Medium
222230,AFRAMER 135Y,Black Feminist Theory Seminar 001,AFRAMER,4.15,3.06,32,2023Fall,1,Good,Light,Medium
222232,HIST 1219,American Legal History: From Reconstruction to the Present 01,HIST,4.89,9.22,11,2024Spring,1,Excellent,Heavy,Small
222235,HAA 172Z,Color in the Era of the Colony 001,HAA,5.0,5.2,13,2025Spring,2,Excellent,Moderate,Small
222237,ECON 2022,"Health, Well-Being and Justice 001",ECON,3.33,4.11,14,2023Fall,1,Below Average,Moderate,Small
222239,CHNSLIT 289,From Late Tang Poetry and Poetics into the Song Dynasty 01,CHNSLIT,4.8,7.75,13,2023Fall,1,Excellent,Moderate,Small
222240,HIST 1957,Healthcare and the Welfare State 01,HIST,4.67,7.4,9,2025Spring,2,Excellent,Moderate,Small
222241,HIST 97Q,“What is History of Public Health?” 01,HIST,3.57,8.14,9,2024Spring,1,Satisfactory,Heavy,Small
222474,SOCIOL 1271,Crime and Justice in a Changing Society 001,SOCIOL,4.88,4.71,11,2024Spring,1,Excellent,Moderate,Small
222480,PHIL 121,Life and Death: A History 001,PHIL,4.8,5.7,14,2023Fall,1,Excellent,Moderate,Small
222483,HIST-LIT 90FZ,The South: Histories of a U.S. Region 001,HIST-LIT,4.0,6.0,13,2024Fall,2,Good,Moderate,Small
222484,HIST-LIT 90GA,Slavery and Historical Memory 001,HIST-LIT,4.25,4.75,8,2023Fall,1,Good,Moderate,Small
222485,HIST-LIT 90GB,American Education Reforms 001,HIST-LIT,4.75,6.5,15,2024Fall,2,Excellent,Moderate,Medium
222487,HIST-LIT 90GD,The History of American Journalism 001,HIST-LIT,4.33,3.91,15,2023Fall,1,Good,Light,Medium
222488,HIST-LIT 90GE,Screen Cultures from Cinema to TikTok 001,HIST-LIT,4.4,6.0,8,2024Fall,2,Good,Moderate,Small
222489,HIST-LIT 90GF,Marx at the Mall: Consumer Culture & Its Critics 001,HIST-LIT,4.63,4.63,10,2023Fall,1,Excellent,Moderate,Small
222490,HIST-LIT 90GH,Global Transgender Histories 001,HIST-LIT,3.8,3.75,6,2023Fall,1,Satisfactory,Light,Small
222491,HIST-LIT 90GJ,Contesting Citizenship in the United States 001,HIST-LIT,4.83,4.67,10,2025Spring,2,Excellent,Moderate,Small
222492,HAA 244,Something Rich and Strange: The Materiality of Relics and Reliquaries in the Middle Ages 001,HAA,4.71,5.33,16,2024Spring,1,Excellent,Moderate,Medium
222493,HIST-LIT 90GI,Transpacific Empires 001,HIST-LIT,4.86,4.29,9,2023Fall,1,Excellent,Moderate,Small
222494,HIST-LIT 93AA,Queer Archives 001,HIST-LIT,5.0,3.33,13,2024Spring,1,Excellent,Light,Small
222495,HIST-LIT 93AB,Oral Histories 001,HIST-LIT,4.63,5.63,10,2024Fall,2,Excellent,Moderate,Small
222496,HIST-LIT 93AC,"Vanishing Arts: Watching, Researching, and Writing about Performance 001",HIST-LIT,4.86,5.86,10,2024Spring,1,Excellent,Moderate,Small
222497,MATH 292Z,First steps in infinity categories 001,MATH,4.83,5.5,43,2023Fall,1,Excellent,Moderate,Medium
222500,ENGLISH 90RY,Reading Politically 001,ENGLISH,4.81,6.56,18,2023Fall,1,Excellent,Moderate,Medium
222503,PHIL 188A,The Philosophy of Jane Austen 001,PHIL,4.75,6.0,43,2025Spring,2,Excellent,Moderate,Medium
222504,PHIL 256E,Emotions 001,PHIL,5.0,7.29,12,2024Spring,1,Excellent,Moderate,Small
222508,FYSEMR 52Q,"Roots & Routes: The Biogeochemistry of Food, From Soil to Plate 01",FYSEMR,4.88,2.38,8,2024Fall,2,Excellent,Light,Small
222511,FYSEMR 52S,Reading the Book of Nature 01,FYSEMR,5.0,2.0,10,2023Fall,1,Excellent,Light,Small
222513,APMTH 210,Algebraic Fundamentals of Representing Data 001,APMTH,4.38,7.06,37,2023Fall,1,Good,Moderate,Medium
222515,ENG-SCI 248,Electrochemistry in Energy Materials 001,ENG-SCI,3.87,6.08,20,2023Fall,1,Satisfactory,Moderate,Medium
222516,ENGLISH CCSS,Fiction Workshop: The Art of the Short Story 001,ENGLISH,5.0,6.0,10,2024Fall,3,Excellent,Moderate,Small
222517,ENGLISH CLAR,Getting the Words Right: The Art of Revision 001,ENGLISH,4.88,6.5,12,2025Spring,2,Excellent,Moderate,Small
222518,ENG-SCI 223,Neurophysiology and Neural Interfaces 001,ENG-SCI,4.9,5.78,16,2024Fall,2,Excellent,Moderate,Medium
222519,ENG-SCI 224,Biomechanics of Movement and Assistive Robotics 001,ENG-SCI,4.44,7.66,47,2025Spring,2,Good,Moderate,Medium
222520,ENGLISH CVLL,Art of Listening. The Politics and Aesthetics of Sound 001,ENGLISH,5.0,4.63,13,2023Fall,1,Excellent,Moderate,Small
222521,BE 124,Biomechanics of Movement and Assistive Robotics 001,BE,4.44,7.66,47,2025Spring,2,Good,Moderate,Medium
222522,FYSEMR 65I,The Modern City and its People: South Asia and Beyond 01,FYSEMR,2.8,4.4,7,2023Fall,1,Below Average,Moderate,Small
222523,FYSEMR 65J,Who Do You Think You Are?: The Ethics of Identity 01,FYSEMR,3.56,2.5,13,2023Fall,1,Satisfactory,Light,Small
222524,FYSEMR 65M,Reading Buildings. Understanding Our Built Environment 01,FYSEMR,4.0,2.6,12,2023Fall,1,Good,Light,Small
222525,HIST 15U,"The Means of Reproduction: Health, Bodies, Technologies 01",HIST,4.46,4.31,18,2024Spring,1,Good,Moderate,Medium
222527,ENGLISH CCEP,Ekphrastic Poetry: Workshop 001,ENGLISH,4.56,6.44,10,2023Fall,1,Excellent,Moderate,Small
222528,ENGLISH CCIJ,Intermediate Fiction Workshop 001,ENGLISH,4.92,5.0,12,2023Fall,1,Excellent,Moderate,Small
222529,ENGLISH CBW,Fiction Workshop: Bending Worlds 001,ENGLISH,5.0,5.5,12,2025Spring,2,Excellent,Moderate,Small
222531,ENGLISH CVLF,Archival Fictions 001,ENGLISH,4.71,5.14,11,2024Spring,1,Excellent,Moderate,Small
222534,ENGLISH CACD,The Art of Criticism 001,ENGLISH,4.71,4.86,9,2023Fall,1,Excellent,Moderate,Small
222535,ENGLISH CNFD,Creative Nonfiction 001,ENGLISH,4.73,5.18,13,2023Fall,1,Excellent,Moderate,Small
222537,OEB 247,Science and Communication in Organismic and Evolutionary Biology 001,OEB,4.6,2.2,10,2024Spring,1,Excellent,Light,Small
222538,HIST-LIT 93AD,Harvard and Native Lands 001,HIST-LIT,4.8,5.6,7,2024Fall,2,Excellent,Moderate,Small
222540,CHEM 10,"Quantum, Statistical, and Computational Foundations of Chemistry LEC",CHEM,4.92,9.42,19,2024Fall,2,Excellent,Heavy,Medium
222542,FYSEMR 73F,Socialism 01,FYSEMR,4.57,5.71,11,2024Fall,2,Excellent,Moderate,Small
222543,ENGLISH CRGS,The Surrounds: Writing Interiority and Outsiderness 001,ENGLISH,4.9,4.8,13,2023Fall,1,Excellent,Moderate,Small
222547,PHIL 172M,The Many and The Few 001,PHIL,5.0,5.2,22,2024Spring,1,Excellent,Moderate,Medium
222548,MODMDEST 200,"The Modern Middle East, Real and Imagined: An Introduction 001",MODMDEST,4.75,7.0,9,2025Spring,2,Excellent,Moderate,Small
222554,FYSEMR 52T,Learning How to Think Like a Scientist: An Introduction to Scientific Research 001,FYSEMR,4.77,2.83,15,2025Spring,2,Excellent,Light,Medium
222555,FYSEMR 73G,The Emotions—How do they arise?  How can (and should) we manage them? 01,FYSEMR,4.0,2.38,10,2024Spring,1,Good,Light,Small
222627,ENGLISH 293B,Book Theory 001,ENGLISH,5.0,7.57,12,2024Spring,1,Excellent,Moderate,Small
222628,MATH 262A,Quantum theory from the geometric viewpoint I 001,MATH,4.33,11.67,46,2023Fall,1,Good,Heavy,Medium
222634,FYSEMR 73H,From Gods to Satire: Artistic Engagements With Political Power 001,FYSEMR,5.0,2.29,8,2024Spring,1,Excellent,Light,Small
222652,MODMDEST 108,History of Modern Iran and Turkey 001,MODMDEST,4.83,5.82,20,2024Fall,2,Excellent,Moderate,Medium
222653,ARMENST 201,Threads of Survival: Armenian Liturgical Textiles 001,ARMENST,5.0,5.0,10,2023Fall,1,Excellent,Moderate,Small
222654,PSY 1614,Growing up in a Social World 001,PSY,4.14,3.14,9,2023Fall,1,Good,Light,Small
222655,PSY 1615,First Love: The Psychology of Caregiver-Child Relationships 001,PSY,4.0,3.27,15,2024Spring,1,Good,Light,Medium
222656,PSY 1616,Multilingualism 001,PSY,4.44,3.38,12,2024Spring,1,Good,Light,Small
222657,AFRAMER 146X,A Black History of Electronic Dance Music 001,AFRAMER,4.38,6.0,11,2024Fall,2,Good,Moderate,Small
222658,AFRAMER 232,The Ethnic Avant-Garde 001,AFRAMER,4.75,8.25,12,2023Fall,1,Excellent,Heavy,Small
222659,AFRAMER 205,Questions of Theory 001,AFRAMER,4.17,9.58,18,2024Fall,2,Good,Heavy,Medium
222660,GERMAN 219,German Poetry 001,GERMAN,4.86,4.57,8,2024Spring,1,Excellent,Moderate,Small
222661,GENED 1186,"The Age of Anxiety: Histories, Theories, Remedies 001",GENED,4.17,3.93,74,2024Spring,1,Good,Light,Large
222663,GERMAN 145,"German and Austrian Modernism: Architecture, Art, Literature 1",GERMAN,4.57,3.86,8,2024Spring,1,Excellent,Light,Small
222665,MATH 287Z,Geometric and topological combinatorics 001,MATH,4.93,5.64,36,2024Spring,1,Excellent,Moderate,Medium
222670,AAAS 112,"Black Art and the Refounding of America: Art, Race, and U.S. Law 001",AAAS,4.53,4.69,24,2023Fall,1,Excellent,Moderate,Medium
222677,ANE 134,How do rituals work? Ancient Ritual and Modern Theory 001,ANE,5.0,3.33,8,2024Fall,2,Excellent,Light,Small
222678,ANE 234,How do rituals work? Ancient Ritual and Modern Theory 001,ANE,5.0,3.33,8,2024Fall,2,Excellent,Light,Small
222683,HIST 1134,Medieval Islam: An Age of Revolutions 01,HIST,5.0,4.88,10,2024Spring,1,Excellent,Moderate,Small
222684,PSY 1711,Situational Superpowers: Investigating Interactions between People and Contexts 001,PSY,4.5,3.1,12,2025Spring,2,Excellent,Light,Small
222686,ISLAMCIV 134,Medieval Islam: An Age of Revolutions 001,ISLAMCIV,5.0,4.88,10,2024Spring,1,Excellent,Moderate,Small
222688,AFRAMER 186,"Religion, Culture, and Society in Africa 001",AFRAMER,4.17,6.2,9,2025Spring,1,Good,Moderate,Small
222691,SOC-STD 98WA,"Crime, Punishment, and Policing in an Unequal America 001",SOC-STD,5.0,6.57,10,2023Fall,1,Excellent,Moderate,Small
222692,SOC-STD 98WB,Inequality Under Capitalism 001,SOC-STD,5.0,8.0,10,2025Spring,2,Excellent,Moderate,Small
222694,SOC-STD 98WC,Humanity on Edge: The Politics of Crisis 001,SOC-STD,5.0,5.8,5,2024Spring,1,Excellent,Moderate,Small
222698,MODMDEST 208,History of Modern Iran and Turkey 001,MODMDEST,4.83,5.82,20,2024Fall,2,Excellent,Moderate,Medium
222699,MODMDEST 202,Shi’a Islam and Politics in the Middle East 001,MODMDEST,4.75,6.0,14,2025Spring,2,Excellent,Moderate,Small
222701,HIST 16B,The Offshore: A Global History 01,HIST,4.92,4.64,15,2024Spring,1,Excellent,Moderate,Medium
222714,SOC-STD 98WD,The Politics of Health and Medicine in the United States 001,SOC-STD,4.44,6.56,10,2024Fall,1,Good,Moderate,Small
222722,COMPLIT 213Y,Beyond Subtitles: A Media Theory of Foreignness LEC,COMPLIT,5.0,7.0,5,2023Fall,1,Excellent,Moderate,Small
222723,STAT 188,"Variations, Information and Privacy 001",STAT,4.25,8.0,6,2024Fall,2,Good,Moderate,Small
222724,COMPLIT 110X,What Is a Novel? SEM,COMPLIT,4.69,5.67,19,2025Spring,2,Excellent,Moderate,Medium
222725,PHYSICS 187R,Thinking Through Writing: Science Themes 001,PHYSICS,4.7,5.4,30,2024Fall,2,Excellent,Moderate,Medium
222737,SOC-STD 68RA,Radical Actors: The Role of Public Education in American Social Change 001,SOC-STD,3.83,2.82,15,2023Fall,1,Satisfactory,Light,Medium
222766,AFVS 19K,Creating Comics and Graphic Novels 001,AFVS,3.5,6.0,11,2023Fall,1,Satisfactory,Moderate,Small
222769,COMPLIT 280X,Data and Transmedia Storytelling LEC,COMPLIT,3.83,4.0,8,2024Spring,1,Satisfactory,Moderate,Small
222770,PSY 1020,Too Much of a Good Thing? The Psychology of Reward 001,PSY,4.5,2.45,30,2024Spring,1,Excellent,Light,Medium
222771,AFVS 25,"Painting: Light, Form, Surreal (new title) 001",AFVS,5.0,7.1,11,2024Fall,2,Excellent,Moderate,Small
222772,STAT 291,Random High-Dimensional Optimization: Landscapes and Algorithmic Barriers 001,STAT,5.0,7.17,10,2024Spring,1,Excellent,Moderate,Small
222773,HIST 1225,“Harvard Works Because We Do”: A History of Labor and Class at Harvard 01,HIST,4.67,4.22,13,2024Spring,1,Excellent,Moderate,Small
222775,SOC-STD 98WF,Political and Ethical Challenges of the Digital Age 001,SOC-STD,4.89,6.0,9,2024Spring,1,Excellent,Moderate,Small
222777,AFVS 264,Advanced Projects in Time-Based Media 001,AFVS,4.6,8.0,9,2023Fall,1,Excellent,Moderate,Small
222778,ENGLISH 172AD,American Democracy 001,ENGLISH,4.0,6.2,15,2025Spring,2,Good,Moderate,Medium
222779,AFVS 148,Sleight of Hand Sleight of Mind: Creative Process and Photography 1,AFVS,4.78,9.11,10,2024Fall,2,Excellent,Heavy,Small
222780,TIBET 225,Readings in Tibetan Ritual Literature: Rje btsun Grags pa rgyal mtshan’s analysis of the Evocation 001,TIBET,4.67,10.0,10,2023Fall,1,Excellent,Heavy,Small
222781,PSY 980PT,PTSD and Traumatic Stress 001,PSY,5.0,4.2,11,2023Fall,1,Excellent,Moderate,Small
222782,PSY 1522,First Impressions 001,PSY,4.5,1.86,17,2024Spring,1,Excellent,Light,Medium
222784,TDM 181AM,Theater and Migration: Building Belonging through Participatory Public Arts 001,TDM,4.8,2.2,16,2023Fall,1,Excellent,Light,Medium
222785,GENED 1188,Rise of the Machines? Understanding and Using Generative AI 001,GENED,4.29,3.46,47,2025Spring,2,Good,Light,Medium
222786,PSY 1622,Emerging Adulthood: Challenges and Possibilities 001,PSY,4.64,3.91,21,2024Fall,2,Excellent,Light,Medium
222787,AFVS 112E,Drawing 2: Emotion and Notation 001,AFVS,4.88,4.13,12,2023Fall,1,Excellent,Moderate,Small
222790,AFVS 177,Traditions of Avant-Garde Cinema 001,AFVS,5.0,3.14,14,2024Spring,1,Excellent,Light,Small
222791,AFVS 198F,Feminist Approaches to Film 001,AFVS,5.0,2.86,11,2024Spring,1,Excellent,Light,Small
222792,AFVS 172,Contemporary Moving Image Practices 1,AFVS,4.6,4.2,13,2025Spring,2,Excellent,Moderate,Small
222793,AFVS 11G,Exploring the Human Form: An Introduction to Figure Drawing 001,AFVS,4.33,6.44,15,2024Spring,1,Good,Moderate,Medium
222798,PHIL 103A,"Art and Public Policy in Plato, Aristotle, and Beyond 001",PHIL,4.67,3.44,13,2024Spring,1,Excellent,Light,Small
222799,ENGLISH CGOT,The Other 001,ENGLISH,4.6,5.5,9,2024Spring,1,Excellent,Moderate,Small
222801,ESPP 90W,"Global Wetlands: Boundary-spanning ecosystems for science, social justice, and public policy 001",ESPP,4.4,4.5,14,2024Fall,2,Good,Moderate,Small
222802,EMR 157,"Techno-Orientalism: Asia, Technology, Futurity 1",EMR,4.92,5.08,19,2024Fall,2,Excellent,Moderate,Medium
222804,AFVS 149H,Ghost Image 001,AFVS,4.57,6.29,10,2024Spring,1,Excellent,Moderate,Small
222805,GOV 1140,The War in Ukraine 001,GOV,3.17,6.78,23,2025Spring,2,Below Average,Moderate,Medium
222808,GERMAN 119B,"Great Works, Short Texts: German Stories 1",GERMAN,5.0,4.33,6,2024Spring,1,Excellent,Moderate,Small
222811,COMPLIT 200,"Computing Fantasy: Imagination, Invention, Radical Pedagogy (Munari / Rodari / Calvino) SEM",COMPLIT,4.44,4.88,22,2024Spring,1,Good,Moderate,Medium
222815,ENGLISH 90FF,"Indigenous Sci Fi, Horror, Fantasy, and Futurisms 001",ENGLISH,4.86,4.57,12,2023Fall,1,Excellent,Moderate,Small
222821,ENGLISH 149SB,"Literature, Science, and the Body in 18th-Century Britain 001",ENGLISH,4.7,5.5,11,2023Fall,1,Excellent,Moderate,Small
222822,FRENCH 74,Moving Images: Global narratives in cinema and graphic novels 001,FRENCH,3.78,5.5,18,2024Fall,1,Satisfactory,Moderate,Medium
222823,FRENCH 160,The Laboratory Island 001,FRENCH,3.91,3.8,14,2024Fall,1,Satisfactory,Light,Small
222825,SLAVIC 191,Silent Film 1,SLAVIC,4.67,3.75,11,2023Fall,1,Excellent,Light,Small
222827,TDM 132W,When Directing Isn't Enough 001,TDM,2.3,3.56,12,2023Fall,1,Below Average,Light,Small
222828,TDM 143P,Jazz Dance Fundamentals 001,TDM,4.3,1.4,13,2023Fall,1,Good,Light,Small
222830,KORHIST 119,Governing Bodies in Twentieth-Century Korea 01,KORHIST,5.0,5.17,9,2023Fall,1,Excellent,Moderate,Small
222832,SOC-STD 98WG,Dialectical Reason and Social Critique 001,SOC-STD,5.0,5.17,10,2024Spring,1,Excellent,Moderate,Small
222837,PHIL 166T,"Philosophy of Technology: From Marx and Heidegger to AI, Genome Editing and Geoengineering (HKS) 001",PHIL,4.63,4.88,17,2023Fall,1,Excellent,Moderate,Medium
222840,SPANSH 118,Women Writers in Greater Mexico 001,SPANSH,4.61,5.61,26,2023Fall,1,Excellent,Moderate,Medium
222841,SPANSH 148,Revolutionizing Archives: Re-viewing Latin American Culture 001,SPANSH,4.0,3.4,10,2024Spring,1,Good,Light,Small
222843,GOV 94TW,Housing Policy and Urbanization in the United States 001,GOV,4.62,5.58,16,2024Spring,1,Excellent,Moderate,Medium
222846,ENGLISH CMFG,Past Selves and Future Ghosts 001,ENGLISH,4.86,4.0,14,2025Spring,3,Excellent,Moderate,Small
222848,TDM 145S,Embodiment: Contemporary Dance Choreography & Boston Dance Theater 001,TDM,4.92,2.62,17,2023Fall,1,Excellent,Light,Medium
222850,FOLKMYTH 120,Folklore and Appalachia 001,FOLKMYTH,4.7,7.7,17,2025Spring,2,Excellent,Moderate,Medium
222856,FRENCH 161,"Reading Proust, In Search of Lost Time 001",FRENCH,4.17,8.5,7,2024Spring,1,Good,Heavy,Small
222857,FRENCH 137,Horror in Modern French Fiction 001,FRENCH,4.5,5.13,15,2023Fall,1,Excellent,Moderate,Medium
222858,SPANSH 234,"Rhetorics of travel, mobility and displacement in Latin American culture (1845-2019) 001",SPANSH,4.5,7.17,10,2024Spring,1,Excellent,Moderate,Small
222859,AFVS 159H,The Essay Film 001,AFVS,4.4,6.4,8,2024Spring,1,Good,Moderate,Small
222861,NEURO 101W,Auditory Cognitive Neuroscience 001,NEURO,4.5,6.0,10,2024Fall,2,Excellent,Moderate,Small
222862,NEURO 101WB,Auditory Cognitive Neuroscience 001,NEURO,4.6,2.4,7,2024Spring,1,Excellent,Light,Small
222865,NEURO 101X,Stress Resilience & Susceptibility: Mechanisms & Models 001,NEURO,5.0,5.25,12,2025Spring,2,Excellent,Moderate,Small
222866,NEURO 101Y,Neuropharmacology of Pain 001,NEURO,4.91,2.7,12,2024Fall,2,Excellent,Light,Small
222867,NEURO 101YB,Neuropharmacology of Pain 001,NEURO,4.91,2.18,12,2024Spring,1,Excellent,Light,Small
222879,MUSIC 285R,Sonic Mapping and the Black Experience SEM,MUSIC,5.0,3.6,8,2023Fall,1,Excellent,Light,Small
222885,PSY 1021,Stress & Cognition: Implications for Empowered Learning 001,PSY,4.75,3.75,12,2025Spring,2,Excellent,Light,Small
222886,COMPLIT 145,"Prize-Winning Translations, 2010-2020 SEM",COMPLIT,3.5,6.75,7,2024Spring,1,Satisfactory,Moderate,Small
222893,CHEM 246,Advanced Statistical Mechanics: Frontiers in Research LEC,CHEM,4.88,4.29,8,2024Fall,2,Excellent,Moderate,Small
222894,SOC-STD 98WH,Climate Justice: The Politics of Decarbonization 001,SOC-STD,5.0,5.0,7,2025Spring,1,Excellent,Moderate,Small
222895,SOC-STD 98WI,Urbanism from the Global South 001,SOC-STD,5.0,5.25,6,2024Spring,1,Excellent,Moderate,Small
222897,COMPLIT 100,Contemporary Southeast Asia through Literature and Film SEM,COMPLIT,4.29,4.31,28,2025Spring,2,Good,Moderate,Medium
222905,AFVS 121S,Painting and the Multiverse 1,AFVS,4.44,6.22,12,2024Spring,1,Good,Moderate,Small
222906,HEB 140,The Evolution of Friendship 001,HEB,3.27,4.21,74,2024Fall,2,Below Average,Moderate,Large
222918,ROM-STD 200,"Computing Fantasy: Imagination, Invention, Radical Pedagogy (Munari / Rodari / Calvino) 001",ROM-STD,4.44,4.88,22,2024Spring,1,Good,Moderate,Medium
222920,WOMGEN 1280,Queer Lives in the Global South 001,WOMGEN,4.67,5.0,9,2023Fall,1,Excellent,Moderate,Small
222921,WOMGEN 1315,Trans Genres 001,WOMGEN,4.44,6.22,14,2023Fall,1,Good,Moderate,Small
222922,WOMGEN 1400,Queer Ethnographies 001,WOMGEN,4.0,3.0,7,2023Fall,1,Good,Light,Small
222923,WOMGEN 1414,Bodies of Transformation 001,WOMGEN,4.89,7.78,11,2023Fall,1,Excellent,Moderate,Small
222928,WOMGEN 1425,"Gender and Technology, Gender as Technology 001",WOMGEN,5.0,4.56,14,2024Spring,1,Excellent,Moderate,Small
222937,HIST-LIT 90GL,"Zombies, Witchcraft, and Uncanny Science 001",HIST-LIT,5.0,4.0,8,2025Spring,2,Excellent,Moderate,Small
222972,GOV 94DS,Democracy Under Stress 001,GOV,4.91,5.0,13,2023Fall,1,Excellent,Moderate,Small
222974,MATH 264R,Quantum Topology 001,MATH,4.33,3.6,34,2024Spring,1,Good,Light,Medium
222976,EMR 158,"Land, Labor, Legacies: New Perspectives on Black and Indigenous Histories 1",EMR,5.0,5.43,11,2024Fall,2,Excellent,Moderate,Small
222977,EMR 159,Contemporary Asian American Popular Culture 1,EMR,5.0,3.44,10,2023Fall,1,Excellent,Light,Small
222982,HEB 115,Investigating the Human Genome 001,HEB,4.5,7.55,14,2024Fall,2,Excellent,Moderate,Small
222983,HEB 160,Human Genetic Variation 001,HEB,4.0,3.67,7,2025Spring,1,Good,Light,Small
222984,HEB 122,"African Climate: Earth's history, humanity's future 001",HEB,4.38,2.33,11,2025Spring,2,Good,Light,Small
222985,HEB 1332,Primate Development 001,HEB,4.83,3.0,9,2024Spring,1,Excellent,Light,Small
222986,HEB 1336,A Pan Model for Human Evolution - What can we learn from Chimpanzees and Bonobos about ourselves? 001,HEB,4.6,2.8,8,2024Spring,1,Excellent,Light,Small
222987,HEB 145,Thinking Through Human Cognition 001,HEB,4.32,2.76,30,2025Spring,2,Good,Light,Medium
223004,GERMAN 126,The Magic World of Fairy Tales 1,GERMAN,4.25,8.63,9,2024Fall,1,Good,Heavy,Small
223010,GOV 94NC,International Security 001,GOV,4.4,4.11,16,2025Spring,2,Good,Moderate,Medium
223012,GERMAN 113,Your Brain on Poetry 1,GERMAN,4.82,3.83,15,2024Fall,2,Excellent,Light,Medium
223026,SLAVIC 164,Literature of Catastrophe: Ukraine 1917-2022 001,SLAVIC,5.0,7.6,6,2024Spring,1,Excellent,Moderate,Small
223028,TDM 122B,Physical Theater: Ensemble Devising 1,TDM,4.75,5.0,7,2023Fall,1,Excellent,Moderate,Small
223030,MCB 296,Scientific Journeys 001,MCB,4.0,0,12,2024Fall,1,Good,Light,Small
223073,GERMAN 188,"Angst, Sex, and Dreams: the Psychoanalytic Worlds of Freud, Kafka, and Bachmann 1",GERMAN,4.8,5.0,11,2023Fall,1,Excellent,Moderate,Small
223081,HISTSCI 1735,Being Human since 1945 001,HISTSCI,4.8,5.2,7,2024Fall,2,Excellent,Moderate,Small
223090,ESPP 90B,"The EV Revolution: Outlook, Environmental Impact, Policy, and Challenges 001",ESPP,3.8,4.2,10,2025Spring,2,Satisfactory,Moderate,Small
223091,HISTSCI 1180,"Hunger's Long History: Need, Desire, and Science in the Early Modern World 001",HISTSCI,4.91,4.4,15,2023Fall,1,Excellent,Moderate,Medium
223095,HISTSCI 1910,Prison Science 001,HISTSCI,4.6,3.13,94,2024Spring,1,Excellent,Light,Large
223096,GOV 94CJ,Citizenship 001,GOV,4.0,4.75,8,2024Spring,1,Good,Moderate,Small
223101,HISTSCI 1684,"Race, War, and Medicine 001",HISTSCI,4.71,5.62,55,2025Spring,2,Excellent,Moderate,Large
223105,SOCIOL 98DB,Junior Tutorial: Sociology of Health and Illness 001,SOCIOL,4.5,7.33,9,2024Fall,2,Excellent,Moderate,Small
223107,GOV 1754,"Science, Technology, and National Security: Japan in Global Perspective 001",GOV,4.88,4.88,8,2023Fall,1,Excellent,Moderate,Small
223109,GOV 95,Safra Undergraduate Ethics Fellowship Workshop 001,GOV,4.92,1.67,13,2024Fall,2,Excellent,Light,Small
223110,SOC-STD 68UE,Leading Change in City Schools: Urban Education Reform in Action 001,SOC-STD,4.6,4.8,12,2024Spring,1,Excellent,Moderate,Small
223111,CHEM 166,"Quantum Materials, Where Physics and Chemistry Meet 1",CHEM,4.47,2.71,51,2024Spring,1,Good,Light,Large
223114,GOV 94JC,Making Big Data 001,GOV,3.9,5.22,14,2024Spring,1,Satisfactory,Moderate,Small
223115,GOV 94OL,Artificial Intelligence: Sociolegal Dilemmas and Policy Design 001,GOV,5.0,4.86,13,2025Spring,2,Excellent,Moderate,Small
223117,GOV 94PN,The Politics of Nature 001,GOV,4.83,5.0,12,2024Spring,1,Excellent,Moderate,Small
223120,EMR 1030,Topics in Native American and Indigenous Studies: Native North America 01,EMR,4.78,3.56,10,2024Fall,2,Excellent,Light,Small
223121,EMR 160,Environmental Practices and Indigenous Knowledge Systems 1,EMR,3.73,3.78,17,2024Spring,1,Satisfactory,Light,Medium
223122,EMR 161,"Urban Latinidad: Barrios, Public Space, and Social Movements 1",EMR,4.26,3.45,34,2024Spring,1,Good,Light,Medium
223127,EMR 162,Interdisciplinary Perspectives on Race and Artificial Intelligence 1,EMR,4.6,5.2,7,2024Spring,1,Excellent,Moderate,Small
223128,EMR 163,Asian American Graphic Narratives 1,EMR,4.88,3.88,11,2024Spring,1,Excellent,Light,Small
223132,GOV 2028,"Athens, Sparta, Rome 001",GOV,4.0,6.0,11,2024Spring,1,Good,Moderate,Small
223137,HISTSCI 1861,From Steam Engines to Silicon Valley: Science and Capitalism in History 001,HISTSCI,4.83,3.33,19,2025Spring,2,Excellent,Light,Medium
223138,GOV 1757,Civil War and Insurgency in the Modern World 001,GOV,4.33,4.5,23,2024Spring,1,Good,Moderate,Medium
223139,GOV 2736,The Politics of National Security 001,GOV,4.83,9.6,9,2024Spring,1,Excellent,Heavy,Small
223824,FT 101A,Elementary Filipino (Tagalog) I 001,FT,4.83,4.2,12,2024Fall,2,Excellent,Moderate,Small
223825,FT 101B,Elementary Filipino (Tagalog) II 001,FT,4.88,4.71,10,2025Spring,1,Excellent,Moderate,Small
223829,TDM 121MV,Physical Approaches to Acting and Storytelling 001,TDM,4.22,2.56,14,2024Fall,2,Good,Light,Small
223831,MCB 297,Method and Logic 002,MCB,3.88,7.33,10,2025Spring,3,Satisfactory,Moderate,Small
223832,EDST 132,"What Education Should Be: Purposes, Dilemmas, and Future Directions 001",EDST,4.88,4.6,25,2024Fall,2,Excellent,Moderate,Medium
223833,EDST 134,Radical Actors: The Role of Public Education in American Social Change 001,EDST,3.83,2.82,15,2023Fall,1,Satisfactory,Light,Medium
223834,EDST 133,Adolescent Development 001,EDST,3.83,6.5,10,2024Fall,1,Satisfactory,Moderate,Small
223835,EDST 135,Education in the East and West 001,EDST,4.87,4.13,28,2025Spring,2,Excellent,Moderate,Medium
223836,EDST 136,History of Education in the United States 001,EDST,4.8,4.2,16,2024Spring,1,Excellent,Moderate,Medium
223837,EDST 137,Leading Change in City Schools: Urban Education Reform in Action 001,EDST,4.6,4.8,12,2024Spring,1,Excellent,Moderate,Small
223843,QSE 285B,Modern Atomic and Optical Physics II 001,QSE,3.86,16.08,28,2024Fall,2,Satisfactory,Heavy,Medium
223873,MODMDEST 203,Graduate Seminar on Economic History of the Middle East 001,MODMDEST,4.43,5.43,12,2024Spring,1,Good,Moderate,Small
223898,ENGLISH 297CI,Critical Indigenous Theory 001,ENGLISH,4.57,6.0,7,2024Spring,1,Excellent,Moderate,Small
223905,ENGLISH CMDR,"Creative Nonfiction: Departure and Return: ""Home"" as Doorway to Difference and Identity 001",ENGLISH,5.0,5.17,10,2024Spring,1,Excellent,Moderate,Small
223906,BIOSTAT 258,Causal Inference: Theory and Practice 001,BIOSTAT,3.6,7.8,5,2025Spring,2,Satisfactory,Moderate,Small
223915,ENGLISH 183TS,Taylor Swift and Her World 001,ENGLISH,3.47,2.95,198,2024Spring,1,Below Average,Light,Large
223916,AFRAMER 177X,W.E.B. Du Bois and His Critics 001,AFRAMER,5.0,5.8,17,2025Spring,2,Excellent,Moderate,Medium
223918,ISLAMCIV 136,Indian Ocean Islam 001,ISLAMCIV,4.88,5.43,16,2024Spring,1,Excellent,Moderate,Medium
223919,SPANSH 115,"Vessels of Ideas: Mediums, Formats and Genres in Latin America 001",SPANSH,4.67,5.33,8,2024Spring,1,Excellent,Moderate,Small
223940,HIST-LIT 90GM,"Hollywood’s Seventies: The U.S. on Film, 1970-1980 001",HIST-LIT,5.0,4.7,15,2025Spring,2,Excellent,Moderate,Medium
223943,AFVS 124K,Abstraction 1,AFVS,4.75,7.25,11,2025Spring,2,Excellent,Moderate,Small
223947,SOCIOL 1202,Incarceration and Inequality in the United States 001,SOCIOL,4.71,4.42,18,2025Spring,2,Excellent,Moderate,Medium
223950,ISLAMCIV 162,"Shi¿i Islam in Safavid Iran: Religion, Culture, and Change 001",ISLAMCIV,4.8,5.4,5,2024Spring,1,Excellent,Moderate,Small
223951,PERSIAN 221,Intellectual and Literary Foundations of Persian Sufi Poetry 001,PERSIAN,5.0,8.4,10,2024Spring,1,Excellent,Heavy,Small
223952,ANE 151,Women in the Ancient Middle East 001,ANE,5.0,3.0,6,2024Spring,1,Excellent,Light,Small
223954,ANTHRO 2796,The Opioid Epidemic in the United States: From Abandonment to Accompaniment 001,ANTHRO,4.38,3.52,36,2024Spring,1,Good,Light,Medium
223955,ANTHRO 2302,Anthropological and Archaeological Perspectives on the Home 001,ANTHRO,4.67,6.5,9,2024Spring,1,Excellent,Moderate,Small
223956,EMR 164,"Global Rebellion: Race, Solidarity, and Decolonization 01",EMR,4.9,4.3,16,2025Spring,2,Excellent,Moderate,Medium
223960,ECON 2003,Computing for Economists 001,ECON,5.0,5.0,29,2024Spring,1,Excellent,Moderate,Medium
223973,ROM-STD 135,Writing and Urban Life 001,ROM-STD,4.71,3.29,10,2024Spring,1,Excellent,Light,Small
223975,GHHP 20,Maternal & Reproductive Health and Health Policy 001,GHHP,4.68,4.53,23,2025Spring,2,Excellent,Moderate,Medium
223976,AFRAMER 55,"Ishmael Reed: Novels, Poetry, Essays 001",AFRAMER,5.0,4.5,7,2024Spring,1,Excellent,Moderate,Small
223977,ANTHRO 1179,Rise of the Sun and Gold Empire: Archaeology of the Central Andes 001,ANTHRO,4.75,2.5,12,2024Spring,1,Excellent,Light,Small
223979,MODMDEST 110,Colonization and Decolonization in the Maghrib and Egypt (19th-20th c.) 001,MODMDEST,4.33,3.8,10,2025Spring,1,Good,Light,Small
223980,MODMDEST 210,Colonization and Decolonization in the Maghrib and Egypt (19th-20th c.) 001,MODMDEST,4.33,3.8,10,2025Spring,1,Good,Light,Small
223981,GENED 1189,"U.S. K-12 Schools: Assumptions, Binaries, and Controversies 001",GENED,4.36,4.45,135,2025Spring,2,Good,Moderate,Large
223984,RELIGION 160,Christian Lives: Faith and Practice in the Christian Tradition 1,RELIGION,5.0,5.33,7,2024Spring,1,Excellent,Moderate,Small
223985,QSE 245,Quantum Chemistry: Theory and Practice 001,QSE,4.56,10.88,15,2025Spring,2,Excellent,Heavy,Medium
223986,ANTHRO 1026,Archaeology in the Museum: Assemblage Analysis of a Peabody Museum Collection 001,ANTHRO,3.33,2.67,7,2024Spring,1,Below Average,Light,Small
223989,AFRAMER 142X,Foundations of Modern Jazz 001,AFRAMER,4.78,3.56,15,2024Spring,1,Excellent,Light,Medium
223990,AFRAMER 194Z,World Fairs 001,AFRAMER,4.44,3.13,13,2024Spring,1,Good,Light,Small
223991,GENED 1190,I Wonder Why: Science as a Culture of Curiosity 001,GENED,4.25,2.8,59,2024Spring,1,Good,Light,Large
223992,COMPSCI 2540,Formal Methods for Computer Security 001,COMPSCI,3.75,7.24,45,2025Spring,2,Satisfactory,Moderate,Medium
223994,ANTHRO 2847,Ethnographic and Critical Media Studies Approaches to Digital Media 001,ANTHRO,4.75,9.13,11,2024Spring,1,Excellent,Heavy,Small
223995,STAT 106,Introduction to Data Science for Sports Analytics 001,STAT,3.12,6.54,47,2025Spring,1,Below Average,Moderate,Medium
223996,APPHY 276,Platforms for Quantum Science 001,APPHY,3.8,7.4,10,2025Spring,2,Satisfactory,Moderate,Small
223997,ENG-SCI 257,Semidefinite Optimization and Relaxation 001,ENG-SCI,4.71,7.57,13,2024Spring,1,Excellent,Moderate,Small
224001,FYSEMR 52Z,"Attention Deficit Hyperactivity Disorder (ADHD): Myths, Media and Meaning 001",FYSEMR,4.38,3.42,13,2024Fall,1,Good,Light,Small
224002,ASTRON 205,Machine Learning for Astrophysicists 001,ASTRON,5.0,7.58,22,2025Spring,2,Excellent,Moderate,Medium
224007,MCB 197,Gene Regulation: A Bench-to-Bedside Journey 001,MCB,4.73,4.81,41,2024Spring,1,Excellent,Moderate,Medium
224010,ENG-SCI 193,Aero-space Materials 001,ENG-SCI,4.25,2.0,6,2024Spring,1,Good,Light,Small
224016,PHYSICS 260B,Introduction to quantum information II 001,PHYSICS,3.75,10.05,36,2024Spring,1,Satisfactory,Heavy,Medium
224018,HEB 124,Primate Playtime 001,HEB,4.6,4.6,6,2025Spring,1,Excellent,Moderate,Small
224020,HEB 1230,Humans and Climate: How Did We Get Here and Where Are We Going? 001,HEB,4.86,4.86,10,2024Spring,1,Excellent,Moderate,Small
224021,ENG-SCI 195,Using First Principles to Reverse-engineer Complex Biological Systems 001,ENG-SCI,5.0,3.8,8,2025Spring,2,Excellent,Light,Small
224023,STAT 114,Introduction to Bioinformatics and Statistical Genetics 001,STAT,4.67,6.14,22,2025Spring,2,Excellent,Moderate,Medium
224024,EMR 165,Feminist Security Studies 01,EMR,5.0,4.71,10,2024Spring,1,Excellent,Moderate,Small
224027,ENG-SCI 138,"Computing, Spatial Design, and Human Values 001",ENG-SCI,4.14,7.71,7,2024Spring,1,Good,Moderate,Small
224030,ESPP 160,"US Environmental Policy and Policymaking: The Role of Congress, EPA, Stakeholders, and Courts 001",ESPP,4.52,3.93,28,2025Spring,2,Excellent,Light,Medium
224034,HIST 16D,Protest and the Press in the Postwar US 01,HIST,4.6,5.0,7,2025Spring,2,Excellent,Moderate,Small
224036,ENGLISH CHSK,Playwriting Workshop: Writing Plays in the 21st Century 001,ENGLISH,4.86,8.33,11,2024Spring,1,Excellent,Heavy,Small
224042,ESPP 180,"Climate Change, Health, and Environmental Justice-Focusing on Solutions 001",ESPP,4.94,4.44,21,2024Spring,1,Excellent,Moderate,Medium
224043,MBB 980CC,The Microbiota-Gut-Brain Axis: How Gut Microbes Modulate Human Cognition and Mental Health 1,MBB,4.14,4.29,9,2024Fall,2,Good,Moderate,Small
224044,MBB 980DD,Computational Psychiatry 1,MBB,4.2,3.6,7,2024Fall,2,Good,Light,Small
224046,GOV 1237,Decolonizing the South: Nation Building and Empire in the Caucasus 001,GOV,4.5,5.75,7,2024Spring,1,Excellent,Moderate,Small
224082,HIST 1927,Global Capitalism: Conference Course 01,HIST,3.9,6.7,12,2025Spring,2,Satisfactory,Moderate,Small
224085,HIST-LIT 90GN,The Global Cold War 001,HIST-LIT,4.4,5.0,9,2024Spring,1,Good,Moderate,Small
224086,HIST-LIT 90GO,Protest and Decolonization in Latin America and the Caribbean 001,HIST-LIT,4.8,5.4,7,2024Spring,1,Excellent,Moderate,Small
224091,GOV 1719,"Political Communication Breakdown: Causes, Consequences, and Solutions 001",GOV,4.63,3.86,11,2025Spring,2,Excellent,Light,Small
224141,FT 103BR,Advanced Filipino 001,FT,5.0,5.2,7,2025Spring,1,Excellent,Moderate,Small
224142,PSY 1617,Language Development in the First Few Years of Life 001,PSY,3.38,7.88,9,2024Fall,1,Below Average,Moderate,Small
224144,PSY 11,Cognition: How the Mind Works 001,PSY,4.52,5.08,34,2025Spring,1,Excellent,Moderate,Medium
224202,MATH 166R,Introduction to semi-Riemannian geometry 001,MATH,4.83,5.73,18,2024Spring,1,Excellent,Moderate,Medium
224204,HIST 1611,The History of Energy 01,HIST,4.58,6.6,43,2025Spring,1,Excellent,Moderate,Medium
224205,HIST 1936,The Rights of Nature 01,HIST,4.79,5.21,19,2024Fall,1,Excellent,Moderate,Medium
224210,HAA 186K,Gender and Art in Japan and Beyond 001,HAA,4.5,6.83,14,2025Spring,1,Excellent,Moderate,Small
224212,HAA 270K,Repairing America 001,HAA,5.0,7.33,6,2025Spring,1,Excellent,Moderate,Small
224220,GOV 1560,Latinx Politics 001,GOV,4.69,6.73,26,2024Fall,1,Excellent,Moderate,Medium
224240,HIST 10,A History of the Present 01,HIST,3.56,4.89,61,2024Fall,1,Satisfactory,Moderate,Large
224250,HIST 76A,Japanese Imperialism and the East Asian Modern 01,HIST,5.0,6.75,11,2024Fall,1,Excellent,Moderate,Small
224256,HAA 286G,East Asian Portraiture 001,HAA,4.56,11.29,12,2024Fall,1,Excellent,Heavy,Small
224261,HIST 1940,"Migration, Belonging, and the Law in Europe and the Americas 01",HIST,4.0,8.0,10,2024Fall,1,Good,Moderate,Small
224262,HIST 1963,The Black Press in Latin America 01,HIST,4.78,10.88,11,2024Fall,1,Excellent,Heavy,Small
224263,HIST 2323,Reading Marx 01,HIST,4.6,7.88,20,2024Fall,1,Excellent,Moderate,Medium
224264,HIST 2691,"Democracy: Theory, History, Practice 01",HIST,4.71,7.0,7,2024Fall,1,Excellent,Moderate,Small
224277,CHNSLIT 139,"Gender, Body, and Boundaries in Chinese Culture 01",CHNSLIT,4.86,8.33,10,2025Spring,1,Excellent,Heavy,Small
224280,CHNSLIT 172,"The Monster That Is History:  History, Violence, and the Politics of Writing 01",CHNSLIT,4.77,5.46,19,2024Fall,1,Excellent,Moderate,Medium
224281,PHYSICS 106,Mathematical Methods for Physics 001,PHYSICS,4.75,6.88,14,2025Spring,1,Excellent,Moderate,Small
224285,HIST 1473,Environmental History of the United States 01,HIST,4.8,5.0,31,2024Fall,1,Excellent,Moderate,Medium
224288,EAFM 123,Korean Stars 01,EAFM,4.75,6.5,10,2024Fall,1,Excellent,Moderate,Small
224289,EAFM 226,East Asian Documentary Media 01,EAFM,4.6,6.6,6,2025Spring,1,Excellent,Moderate,Small
224290,EAFM 129,"""Bad"" Art in Korea 01",EAFM,4.79,4.46,18,2025Spring,1,Excellent,Moderate,Medium
224291,CHNSHIS 146,The Modern History of Rural China 01,CHNSHIS,5.0,6.17,18,2025Spring,1,Excellent,Moderate,Medium
224292,EAFM 207R,Topics in Asian Media Studies 01,EAFM,4.5,6.33,9,2025Spring,1,Excellent,Moderate,Small
224305,HIST 1815,History of International Law 01,HIST,4.27,9.7,16,2024Fall,1,Good,Heavy,Medium
224307,CLS-STDY 185,Adapting to the Present: Rewriting Ancient Greek Classics in Contemporary Fiction 001,CLS-STDY,5.0,6.25,8,2024Fall,1,Excellent,Moderate,Small
224308,CLS-STDY 176,Roman Egypt 001,CLS-STDY,4.71,7.5,13,2024Fall,1,Excellent,Moderate,Small
224309,CLS-STDY 177,Fashion in the Ancient Mediterranean World 001,CLS-STDY,4.5,4.5,14,2024Fall,1,Excellent,Moderate,Small
224318,CLS-STDY 181,Do as the Romans Do: Roman Exemplarity in Antiquity and Beyond 001,CLS-STDY,4.54,3.46,16,2025Spring,1,Excellent,Light,Medium
224319,LATIN 145,Writing for an Emperor 001,LATIN,4.67,5.5,10,2025Spring,1,Excellent,Moderate,Small
224320,CLASPHIL 216,Varro and Roman Intellectual Culture 001,CLASPHIL,4.6,7.75,6,2025Spring,1,Excellent,Moderate,Small
224322,MODGRKST 103,The Nazis and the Greeks 001,MODGRKST,4.22,3.78,16,2025Spring,1,Good,Light,Medium
224324,LATIN 146,Ciceronian Invective 001,LATIN,4.5,10.5,8,2024Fall,1,Excellent,Heavy,Small
224325,CLS-STDY 190,"Rhetoric, A User's Guide: from Ancient Greece to Contemporary America 001",CLS-STDY,4.68,4.84,25,2025Spring,1,Excellent,Moderate,Medium
224326,ASTRON 311,Astrophysics Writing Intensive 1,ASTRON,4.83,5.4,7,2024Fall,1,Excellent,Moderate,Small
224333,MUSIC 290,Music of the Last Ten Years 001,MUSIC,4.67,4.33,10,2025Spring,1,Excellent,Moderate,Small
224337,MUSIC 32,Music of the Mexican Diaspora LEC,MUSIC,4.5,5.75,9,2024Fall,1,Excellent,Moderate,Small
224339,ISLAMCIV 240,Ruling Medieval Egypt: A History Through Documents 001,ISLAMCIV,5.0,5.57,8,2024Fall,1,Excellent,Moderate,Small
224340,GENED 1191,Making Things (Breaking Things) 001,GENED,4.0,7.06,49,2024Fall,1,Good,Moderate,Medium
224342,BBS 330QC,Critical Thinking & Research Proposal Writing 0001,BBS,3.13,6.21,45,2024Fall,1,Below Average,Moderate,Medium
224343,ECON 1005,Economic Growth and the Social Issues of Our Time 001,ECON,4.19,4.6,54,2025Spring,1,Good,Moderate,Large
224344,GENED 1200,Justice: Ethical Reasoning in Polarized Times 001,GENED,4.14,4.78,808,2024Fall,1,Good,Moderate,Large
224348,ANTHRO 1602,Introduction to Sociocultural Anthropology 001,ANTHRO,4.53,4.56,36,2024Fall,1,Excellent,Moderate,Medium
224349,PSY 980PS,Psychosis 001,PSY,4.8,4.56,13,2025Spring,1,Excellent,Moderate,Small
224353,HAA 182G,Art and Embodiment in Buddhism 001,HAA,4.64,8.1,16,2024Fall,1,Excellent,Heavy,Medium
224354,HAA 82G,Introduction to Buddhist Arts of Space and Place 001,HAA,4.5,5.0,11,2025Spring,1,Excellent,Moderate,Small
224358,WOMGEN 1200FH,Feminism in the Age of Empire 1,WOMGEN,4.67,5.9,15,2024Fall,1,Excellent,Moderate,Medium
224360,PSY 1032,Psychology of Addiction 001,PSY,4.78,3.09,38,2025Spring,1,Excellent,Light,Medium
224362,HAA 179V,Vision and Justice (The Seminar) 001,HAA,4.78,6.0,10,2025Spring,1,Excellent,Moderate,Small
224364,HIST-LIT 90GP,Race & Ethnicity in Twentieth-Century American Thought 001,HIST-LIT,4.29,6.29,7,2024Fall,1,Good,Moderate,Small
224365,HIST-LIT 90GQ,Popular Culture 001,HIST-LIT,4.67,5.44,12,2024Fall,1,Excellent,Moderate,Small
224366,HIST-LIT 90GT,"World War II in Image, Text, and Sound 001",HIST-LIT,4.82,5.27,12,2024Fall,1,Excellent,Moderate,Small
224369,PERSIAN 222R,Classical Persian: Expository and Analytic Prose 001,PERSIAN,4.8,7.8,7,2024Fall,1,Excellent,Moderate,Small
224372,SOC-STD 98RI,"Religion in Politics: Origins, Dissent, and Disruptions 001",SOC-STD,4.14,5.0,7,2024Fall,1,Good,Moderate,Small
224373,PSY 1033,Beauty in the Eyes of the Beholder: The Psychology of Visual Art 001,PSY,4.88,6.38,15,2024Fall,1,Excellent,Moderate,Medium
224377,MATH LS,Mathematics of Biological Systems: a Calculus-Based Approach 020,MATH,4.92,8.92,13,2025Spring,1,Excellent,Heavy,Small
224378,PSY 1028,Sports and Performance Psychology 001,PSY,3.55,2.95,36,2025Spring,1,Satisfactory,Light,Medium
224379,PSY 1035,Cultural Psychology 001,PSY,4.71,4.29,12,2025Spring,1,Excellent,Moderate,Small
224381,SOC-STD 98RT,Right to the City 001,SOC-STD,4.5,4.57,10,2025Spring,1,Excellent,Moderate,Small
224383,TDM 173BF,Black Feminist Theory in Media and Performance 001,TDM,4.39,3.06,30,2024Fall,1,Good,Light,Medium
224384,GENED 1184,"Worlds Beyond: The Past, Present and Future of Our Solar System 001",GENED,4.69,3.16,52,2025Spring,1,Excellent,Light,Large
224385,GENED 1192,"Philanthropy, Nonprofits, and the Social Good 001",GENED,4.42,3.98,58,2025Spring,1,Good,Light,Large
224386,PHIL 9,"Empiricists, Scientists, and Charlatans: An Introduction to the Philosophy of Science 001",PHIL,4.63,4.11,27,2024Fall,1,Excellent,Moderate,Medium
224387,GENED 1194,Philosophy of Technology: From Marx and Heidegger to Artificial Intelligence 001,GENED,4.23,4.55,114,2025Spring,1,Good,Moderate,Large
224392,ANTHRO 1290,Culture and Evolution 001,ANTHRO,4.56,5.5,15,2025Spring,1,Excellent,Moderate,Medium
224393,GENED 1195,"Eating Culture: Past, Present, and Future 001",GENED,3.97,3.12,208,2025Spring,1,Satisfactory,Light,Large
224398,HIST 97S,What is Micro-History? 01,HIST,4.0,6.88,8,2025Spring,1,Good,Moderate,Small
224399,ENGLISH 178N,The American Novel Since 1900 001,ENGLISH,4.71,7.53,22,2024Fall,1,Excellent,Moderate,Medium
224400,ENGLISH 121S,"Shakespeare from Beginning to End: A survey of works, both plays and poems, across his whole career. 001",ENGLISH,4.43,7.0,71,2024Fall,1,Good,Moderate,Large
224402,SOCIOL 90GIS,Geographic Information System Lab: Spatial Relationships 001,SOCIOL,4.78,7.22,9,2024Fall,1,Excellent,Moderate,Small
224403,PHIL 260S,Topics in the Philosophy of Science 001,PHIL,4.83,7.17,8,2024Fall,1,Excellent,Moderate,Small
224404,SOCIOL 1263,Community Organizing and Action 001,SOCIOL,4.2,5.2,7,2024Fall,1,Good,Moderate,Small
224405,SOCIOL 1256,Data Visualization 001,SOCIOL,4.83,4.42,16,2024Fall,1,Excellent,Moderate,Medium
224406,ENGLISH 90HM,Shakespeare Before Hamlet 001,ENGLISH,4.55,5.36,13,2025Spring,1,Excellent,Moderate,Small
224409,SOC-STD 98PO,"States, Empires, and Postcolonialism 001",SOC-STD,5.0,6.86,10,2025Spring,1,Excellent,Moderate,Small
224411,ENGLISH 90IK,Ibsen and Chekhov 001,ENGLISH,4.7,6.9,15,2025Spring,1,Excellent,Moderate,Medium
224412,ENGLISH 296R,Repetition 001,ENGLISH,3.83,3.67,13,2024Fall,1,Satisfactory,Light,Small
224414,GENED 1196,The Artfulness of Everyday Life 001,GENED,3.7,5.19,60,2024Fall,1,Satisfactory,Moderate,Large
224417,SOC-STD 98SS,Statecraft and Sexuality 001,SOC-STD,3.57,10.57,9,2024Fall,1,Satisfactory,Heavy,Small
224419,PSY 1619,The Making of Moral Minds 001,PSY,4.45,4.3,17,2024Fall,1,Good,Moderate,Medium
224420,PSY 1620,"Little Choices, Big Consequences: The Developmental Foundations of Choice 001",PSY,4.6,2.4,5,2025Spring,1,Excellent,Light,Small
224421,PSY 1624,Mental Time Travel and the Human Mind 001,PSY,4.7,3.5,11,2025Spring,1,Excellent,Light,Small
224422,ENGLISH CNFJ,Narrative Journalism 001,ENGLISH,4.88,3.57,9,2025Spring,2,Excellent,Light,Small
224424,ENGLISH 182CA,Literature Under Capitalism 001,ENGLISH,4.66,6.06,43,2025Spring,1,Excellent,Moderate,Medium
224426,ENGLISH CNYA,Creative Nonfiction Workshop: Young Adult Writing 001,ENGLISH,4.75,8.5,6,2024Fall,1,Excellent,Heavy,Small
224427,ENGLISH CMMU,Creative Nonfiction Workshop: Using Music 001,ENGLISH,4.82,5.22,13,2024Fall,1,Excellent,Moderate,Small
224429,PSY 1023,The Mind-Body Connection: Exploring the Intersection between Psychology and Physical Health 001,PSY,4.45,4.76,39,2025Spring,1,Good,Moderate,Medium
224431,HIST 1922,"Varieties of Fascism: Histories, Theories, Controversies 01",HIST,4.52,5.77,33,2025Spring,1,Excellent,Moderate,Medium
224433,SPANSH 141,"The Novel after the End of the Novel (Argentina, 1925-2024) 001",SPANSH,5.0,7.5,17,2024Fall,1,Excellent,Moderate,Medium
224434,GERMAN 159,100 Years of Queer German Cinema 1,GERMAN,4.83,3.0,9,2025Spring,1,Excellent,Light,Small
224435,GERMAN 67,"Essen, Fressen, Mahlzeit und Prost! Esskultur auf Deutsch 1",GERMAN,4.17,6.33,7,2024Fall,1,Good,Moderate,Small
224436,SOCIOL 1297,Homelessness and Housing Insecurity in the United States 001,SOCIOL,4.88,4.06,18,2024Fall,1,Excellent,Moderate,Medium
224437,SOCIOL 98WG,Junior Tutorial: Social Ties and their Consequences 001,SOCIOL,4.73,5.5,12,2025Spring,1,Excellent,Moderate,Small
224438,GERMAN 181,"Walter Benjamin’s Theory of Modernity: History, Language, Technology, Catastrophe 1",GERMAN,4.94,6.24,25,2024Fall,1,Excellent,Moderate,Medium
224439,AFRAMER 204,African American Intellectual Tradition 001,AFRAMER,4.92,9.33,24,2024Fall,1,Excellent,Heavy,Medium
224441,AFVS 55P,Embodied Practices: Coding and Interactivity for Artists 1,AFVS,4.57,6.33,9,2024Fall,1,Excellent,Moderate,Small
224443,SOC-STD 98MR,"Exile, Migration, Diaspora 001",SOC-STD,4.5,6.0,8,2025Spring,1,Excellent,Moderate,Small
224444,ENGLISH 191RW,Reading for Fiction Writers 001,ENGLISH,4.5,4.63,27,2024Fall,1,Excellent,Moderate,Medium
224445,SOC-STD 68DE,Democracy in the Trenches: Journalism and Lawyering in India and the US 001,SOC-STD,4.8,3.75,8,2025Spring,1,Excellent,Light,Small
224447,STAT 116,Biostatistics: Methods and Practices 001,STAT,4.22,6.88,16,2024Fall,1,Good,Moderate,Medium
224450,AFVS 21,"See, Soak, Squeeze: Studio Course 1",AFVS,4.43,7.29,12,2025Spring,2,Good,Moderate,Small
224453,AFVS 127H,In Motion: Painting and Drawing 1,AFVS,4.22,7.11,11,2024Fall,1,Good,Moderate,Small
224454,MCB 127,Organelle Biology and Cellular Function 001,MCB,4.5,4.6,12,2024Fall,1,Excellent,Moderate,Small
224455,AFVS 40S,Introduction to Photography 1,AFVS,4.5,6.5,11,2024Fall,1,Excellent,Moderate,Small
224458,HIST 1983A,Learned Cultures in Early Modern Europe 01,HIST,4.78,6.22,15,2024Fall,1,Excellent,Moderate,Medium
224459,HIST 1983B,Learned Cultures in Early Modern Europe 1,HIST,4.78,7.78,14,2025Spring,1,Excellent,Moderate,Small
224462,AFVS 175,Introduction to Media Theories 1,AFVS,4.44,4.78,22,2024Fall,1,Good,Moderate,Medium
224463,PSY 1024,Political Psychology 001,PSY,3.91,4.5,25,2024Fall,1,Satisfactory,Moderate,Medium
224464,PSY 1534,Personal and Societal Wellbeing 001,PSY,4.07,4.29,16,2025Spring,1,Good,Moderate,Medium
224465,PSY 1536,"Safeguarding the Self: Groups, Identity, and Psychology of Self-Defense 001",PSY,3.64,3.86,15,2025Spring,1,Satisfactory,Light,Medium
224466,PSY 1814,Psychological Trauma and PTSD 001,PSY,4.89,4.67,15,2025Spring,1,Excellent,Moderate,Medium
224467,AFVS 222,AI and Art 1,AFVS,4.27,3.09,23,2024Fall,1,Good,Light,Medium
224468,AFVS 187,Indigenous Cinema 1,AFVS,5.0,2.83,11,2024Fall,1,Excellent,Light,Small
224469,SLAVIC 186,Russian Drama on Page and Stage 001,SLAVIC,5.0,4.0,6,2024Fall,1,Excellent,Moderate,Small
224471,BMIF 202,Artificial Intelligence in Medicine I 0001,BMIF,4.0,11.5,9,2024Fall,1,Good,Heavy,Small
224472,PHYSICS 217,Foundations of Modern Optics 001,PHYSICS,3.94,8.5,28,2024Fall,1,Satisfactory,Heavy,Medium
224473,ENGLISH CWNM,Nonfiction Writing for Magazines 001,ENGLISH,4.83,5.5,10,2025Spring,1,Excellent,Moderate,Small
224474,ENGLISH 180AW,American Women Writers 001,ENGLISH,5.0,7.1,11,2024Fall,1,Excellent,Moderate,Small
224477,ANTHRO 2251,Contemporary Issues in Archaeology 001,ANTHRO,4.29,7.17,8,2024Fall,1,Good,Moderate,Small
224480,HISTSCI 1410,Health and Climate Crises: A History 001,HISTSCI,5.0,6.88,14,2024Fall,1,Excellent,Moderate,Small
224481,HISTSCI 1740,The Psychology of War 001,HISTSCI,4.71,5.0,16,2024Fall,1,Excellent,Moderate,Medium
224482,AFVS 173F,Design and Ecology 1,AFVS,4.44,4.75,19,2025Spring,1,Good,Moderate,Medium
224486,FYSEMR 65P,"Anton Chekhov: Stories, Plays, Productions, Films 001",FYSEMR,4.33,3.33,13,2024Fall,1,Good,Light,Small
224488,FYSEMR 65Q,"This Is Epic! The World’s Oldest Literature, Then and Now 001",FYSEMR,5.0,3.6,9,2024Fall,1,Excellent,Light,Small
224489,FYSEMR 51V,Physics of Measurements: Experimental Science 001,FYSEMR,4.0,1.86,9,2024Fall,1,Good,Light,Small
224490,FYSEMR 23P,"Physics, Math and Puzzles 001",FYSEMR,4.9,2.3,14,2024Fall,1,Excellent,Light,Small
224491,FYSEMR 53D,The Cure Within: Fighting Cancer with Your Immune System 001,FYSEMR,4.64,2.1,12,2024Fall,1,Excellent,Light,Small
224492,FYSEMR 53E,Einstein Changes Our World 001,FYSEMR,4.5,4.25,11,2024Fall,1,Excellent,Moderate,Small
224493,FYSEMR 73K,The United States and China 001,FYSEMR,4.4,5.6,12,2025Spring,1,Good,Moderate,Small
224494,FYSEMR 65R,Tea in Japan/America 001,FYSEMR,4.2,2.6,9,2024Fall,1,Good,Light,Small
224495,FYSEMR 40X,The Future of the International Monetary System 001,FYSEMR,4.13,4.25,12,2024Fall,1,Good,Moderate,Small
224496,FYSEMR 65S,Catholic Thought for Contemporary Challenges 001,FYSEMR,4.5,5.17,7,2024Fall,1,Excellent,Moderate,Small
224498,SPANSH 166,Latin American Orientalism: From Columbus to Octavio Paz 001,SPANSH,4.2,4.4,9,2024Fall,1,Good,Moderate,Small
224499,SPANSH 155,The Conservative Imagination in Latin America: Figures of a Dynamic Tradition 001,SPANSH,4.73,5.8,12,2025Spring,1,Excellent,Moderate,Small
224500,FRENCH 227,"(Dark) Ecologies in French Literature, Thought, and Film 001",FRENCH,4.67,4.67,7,2024Fall,1,Excellent,Moderate,Small
224502,HIST 97T,What is the History of Capitalism? 01,HIST,5.0,7.42,14,2025Spring,1,Excellent,Moderate,Small
224503,HIST 97U,What is the History of Emotions? 01,HIST,4.57,12.0,7,2025Spring,1,Excellent,Heavy,Small
224506,HIST 16S,Asian American Women in the Archive: Schlesinger Library Immersive Course 01,HIST,4.78,6.75,12,2025Spring,1,Excellent,Moderate,Small
224507,HIST 16E,A Cultural History of Argentina: From Tango to Messi 01,HIST,4.5,6.38,9,2025Spring,1,Excellent,Moderate,Small
224509,FYSEMR 73L,"Unequal Origins: Pregnancy, Poverty and Child Health 001",FYSEMR,4.88,2.88,10,2024Fall,1,Excellent,Light,Small
224510,HISTSCI 1960,"Bias, Hype, and Objectivity in Science 001",HISTSCI,4.71,4.71,9,2025Spring,1,Excellent,Moderate,Small
224512,FYSEMR 53F,"Big Data, Tall Tales 001",FYSEMR,4.0,2.7,12,2024Fall,1,Good,Light,Small
224513,HISTSCI 1462,Therapeutic Rationalities: Global Encounters between Healing Systems 001,HISTSCI,4.7,6.67,13,2024Fall,1,Excellent,Moderate,Small
224517,HISTSCI 1993,Agnotology: The History of Knowledge and Ignorance 001,HISTSCI,5.0,12.38,13,2025Spring,1,Excellent,Heavy,Small
224518,GERMAN 182,"Music, Literature, & the Voice 1",GERMAN,4.57,5.57,39,2025Spring,1,Excellent,Moderate,Medium
224519,PHIL 148R,Current Topics in Philosophy of Language 001,PHIL,4.64,8.1,18,2025Spring,1,Excellent,Heavy,Medium
224520,FYSEMR 65U,Taste and Place in U.S. Culture 001,FYSEMR,3.8,2.2,7,2024Fall,1,Satisfactory,Light,Small
224521,FYSEMR 73N,Climate Action: The Politics of Decarbonization 001,FYSEMR,3.17,7.67,8,2024Fall,1,Below Average,Moderate,Small
224523,AFVS 63M,Introduction to Time-Based Media 1,AFVS,4.17,7.5,10,2024Fall,1,Good,Moderate,Small
224525,AFRAMER 198Y,The Black Press in Latin America 001,AFRAMER,4.78,10.88,11,2024Fall,1,Excellent,Heavy,Small
224528,FRENCH 114,Existentialist AF: Absolute Freedom 001,FRENCH,4.6,9.89,14,2025Spring,1,Excellent,Heavy,Small
224529,HISTSCI 2770,"Neuroscience and the Making of Consciousness Studies: Assumptions, Stakes, Untold Stories 001",HISTSCI,4.76,6.5,25,2024Fall,1,Excellent,Moderate,Medium
224530,HISTSCI 1350,Modern Life Science: From Pasteur to CRISPR 001,HISTSCI,4.86,6.0,10,2025Spring,1,Excellent,Moderate,Small
224531,EDST 138,"Neuroscience and Education: Foundations, Development, and Applications 001",EDST,5.0,7.25,6,2024Fall,1,Excellent,Moderate,Small
224532,HISTSCI 2130,Environment and Society in the Premodern World 001,HISTSCI,4.5,12.6,14,2025Spring,1,Excellent,Heavy,Small
224535,NEC 201,The Material Text and the History of the Book 001,NEC,4.5,5.83,11,2024Fall,1,Excellent,Moderate,Small
224536,ENGLISH 287NA,Novel Anxieties 001,ENGLISH,4.89,7.0,17,2024Fall,1,Excellent,Moderate,Medium
224540,FYSEMR 61U,Reading the Novella: Form and Suspense in Short Fiction 001,FYSEMR,3.43,7.2,8,2024Fall,1,Below Average,Moderate,Small
224541,ENG-SCI 275,Integrated Nonlinear Photonics 001,ENG-SCI,4.14,4.71,14,2024Fall,1,Good,Moderate,Small
224547,AFVS 61,Sight and Sound: Introduction to Narrative Filmmaking 1,AFVS,4.89,9.0,11,2025Spring,1,Excellent,Heavy,Small
224548,ENGLISH CAKV,Fiction Workshop: Writing from the First-Person Point of View 001,ENGLISH,4.57,3.43,11,2024Fall,1,Excellent,Light,Small
224549,AFVS 161H,The Matrix of the Visible: From Thought to Screen 1,AFVS,4.0,12.0,8,2025Spring,1,Good,Heavy,Small
224550,FYSEMR 61Q,Language: The Origins of Meaning 001,FYSEMR,4.18,3.5,11,2024Fall,1,Good,Light,Small
224552,FYSEMR 50V,Sea Monsters 001,FYSEMR,5.0,2.6,12,2024Fall,1,Excellent,Light,Small
224553,FYSEMR 51F,Understanding the Seemingly Impossible: A Revolution in Biology 001,FYSEMR,4.1,4.67,10,2024Fall,1,Good,Moderate,Small
224554,FYSEMR 65G,Deciding What (and Who) to Believe 001,FYSEMR,5.0,2.5,8,2024Fall,1,Excellent,Light,Small
224559,FYSEMR 72Y,Radical Actors: The Role of Public Education in American Social Movements 001,FYSEMR,4.9,3.5,11,2024Fall,1,Excellent,Light,Small
224560,FYSEMR 30M,California in the 60’s 001,FYSEMR,3.75,3.75,10,2024Fall,1,Satisfactory,Light,Small
224561,AFVS 146E,Ask the Dust: Advanced Studio Class (Photography) 1,AFVS,5.0,8.29,11,2025Spring,1,Excellent,Heavy,Small
224563,FYSEMR 23C,Exploring the Infinite 001,FYSEMR,2.75,1.71,9,2024Fall,1,Below Average,Light,Small
224565,HISTSCI 2635,Science as Development-Aid in Latin America and South Asia 001,HISTSCI,4.5,6.57,13,2024Fall,1,Excellent,Moderate,Small
224566,GERMAN 107,The Self in German Idealism 1,GERMAN,5.0,4.6,8,2025Spring,1,Excellent,Moderate,Small
224567,HIST-LIT 90GX,U.S. Women of Color Feminisms since the 1970s 001,HIST-LIT,3.82,5.8,15,2024Fall,1,Satisfactory,Moderate,Medium
224568,FYSEMR 48K,Political Legitimacy and Resistance: What Happened in Montaigne’s Library on the Night of 001,FYSEMR,4.22,6.33,9,2024Fall,1,Good,Moderate,Small
224569,SOC-STD 98LR,Liberal Democracy and its Critics 001,SOC-STD,4.88,6.0,9,2024Fall,1,Excellent,Moderate,Small
224570,FYSEMR 43F,When Bad things Happen Early in Life: The Effects of Early Adversity on Brain and Behavioral 001,FYSEMR,4.85,3.22,14,2024Fall,1,Excellent,Light,Small
224571,FYSEMR 70P,The Built Environment in the 21st Century 001,FYSEMR,5.0,2.45,14,2024Fall,1,Excellent,Light,Small
224572,FYSEMR 71X,"Fat Talk and Thin Ideals: Culture, Social Norms and Weight 001",FYSEMR,4.86,3.86,12,2025Spring,1,Excellent,Light,Small
224574,FYSEMR 50D,Where are you from? Ancestry in the Age of Genomics 001,FYSEMR,4.0,1.75,6,2025Spring,1,Good,Light,Small
224577,FYSEMR 72X,Holding Politicians Accountable 001,FYSEMR,4.55,3.6,12,2024Fall,1,Excellent,Light,Small
224579,COMPLIT 201X,The Material Text and the History of the Book SEM,COMPLIT,4.5,5.83,11,2024Fall,1,Excellent,Moderate,Small
224580,COMPLIT 101X,Finnegans Wake and Comparative Literature SEM,COMPLIT,4.55,4.9,34,2024Fall,1,Excellent,Moderate,Medium
224581,COMPLIT 111X,"Breaking Points: Art, Scholarship, and Social Movements SEM",COMPLIT,5.0,5.6,6,2024Fall,1,Excellent,Moderate,Small
224583,PHIL 274P,Praise and Praiseworthiness 001,PHIL,4.88,6.63,9,2024Fall,1,Excellent,Moderate,Small
224584,SOC-STD 98WK,Comparative Education Politics: How Power Shapes Teaching and Learning Across the Globe 001,SOC-STD,5.0,5.5,7,2024Fall,1,Excellent,Moderate,Small
224585,ENGLISH CDB,Poetry Workshop 001,ENGLISH,3.17,1.8,9,2025Spring,2,Below Average,Light,Small
224586,SOC-STD 98FR,Fascism and Far-Right Movements 001,SOC-STD,4.0,6.5,7,2025Spring,1,Good,Moderate,Small
224588,HAA 174P,"""I can't breathe!"" - Tracing the Spatially Suffocated African Diaspora in the Americas 001",HAA,5.0,3.17,9,2024Fall,1,Excellent,Light,Small
224589,SOCIOL 98HB,Junior Tutorial: Online Communities 001,SOCIOL,4.56,4.78,10,2024Fall,1,Excellent,Moderate,Small
224591,HIST 16I,Refugees in the 20th-Century United States 01,HIST,5.0,4.83,8,2025Spring,1,Excellent,Moderate,Small
224593,TDM 174PO,Performing the Orient 001,TDM,4.73,5.0,17,2024Fall,1,Excellent,Moderate,Medium
224594,PHIL 101A,Plato's Theory of the Self 001,PHIL,5.0,4.0,15,2025Spring,1,Excellent,Moderate,Medium
224595,PHIL 256A,Topics in Metaphysics 001,PHIL,5.0,7.5,14,2025Spring,1,Excellent,Moderate,Small
224596,SOCIOL 1203,Conspiracy Culture 001,SOCIOL,4.04,4.96,29,2024Fall,1,Good,Moderate,Medium
224597,SOCIOL 1204,Propaganda and Persuasion 001,SOCIOL,4.2,5.2,18,2025Spring,1,Good,Moderate,Medium
224598,COMPLIT 185X,Adapting to the Present: Rewriting Ancient Greek Classics in Contemporary Fiction SEM,COMPLIT,5.0,6.25,8,2024Fall,1,Excellent,Moderate,Small
224601,PHIL 158C,The Spontaneous Flow of Thought 001,PHIL,5.0,6.71,16,2025Spring,1,Excellent,Moderate,Medium
224602,COMPLIT 112X,Global Sci-Fi SEM,COMPLIT,4.67,4.33,9,2024Fall,1,Excellent,Moderate,Small
224605,EMR 166,Queer Interventions in Latinx Studies 01,EMR,4.89,4.33,12,2024Fall,1,Excellent,Moderate,Small
224607,EXPOS 45,Building a Resilient Community: Dialogue and Deliberation for Civil Discourse 001,EXPOS,4.92,3.67,7,2025Spring,2,Excellent,Light,Small
224609,GOV 94FA,Democracy and Representation in India 001,GOV,5.0,5.67,10,2024Fall,1,Excellent,Moderate,Small
224610,TDM 182CD,Dance Composition: Community Engaged Dance Making 001,TDM,4.2,5.0,9,2024Fall,1,Good,Moderate,Small
224614,AFVS 190W,"Film/Media Theory and Practice in France, 1950-2024 1",AFVS,4.86,3.43,11,2024Fall,1,Excellent,Light,Small
224617,HSEMR-EL 80,Photography and Time 001,HSEMR-EL,5.0,6.4,10,2024Fall,1,Excellent,Moderate,Small
224623,AFRAMER 133Y,The Politics of Paradise: Tourism in Latin America & the Caribbean 001,AFRAMER,5.0,4.43,7,2024Fall,1,Excellent,Moderate,Small
224624,FYSEMR 51N,The Secrets of Stradivarius or What Makes the Violin Sound Beautiful? 001,FYSEMR,4.6,1.0,7,2025Spring,1,Excellent,Light,Small
224625,FYSEMR 61M,Silk Road Stories 001,FYSEMR,4.38,3.0,9,2024Fall,1,Good,Light,Small
224626,FYSEMR 64I,Looking for Clues. Ancient and Medieval Art @ Harvard 001,FYSEMR,4.78,4.22,10,2024Fall,1,Excellent,Moderate,Small
224630,FYSEMR 32R,Autobiography and Black Freedom Struggles 001,FYSEMR,4.71,8.0,7,2024Fall,1,Excellent,Moderate,Small
224631,FYSEMR 71M,"Global Capitalism: Past, Present, Future 001",FYSEMR,4.92,3.17,14,2024Fall,1,Excellent,Light,Small
224632,FYSEMR 53G,Literature of Spiritual Crisis 001,FYSEMR,4.75,4.14,9,2024Fall,1,Excellent,Moderate,Small
224633,FOLKMYTH 140,Jewish Magic and Folklore: Messages from beyond the Mountains of Darkness 001,FOLKMYTH,4.5,6.67,10,2024Fall,1,Excellent,Moderate,Small
224634,FYSEMR 53H,"Burnout: Quiet Quitting, Slacking Off, and Our Addiction to Achievement 001",FYSEMR,4.08,4.67,15,2024Fall,1,Good,Moderate,Medium
224638,GOV 94IS,Democracy and Authoritarianism in the Middle East and North Africa 001,GOV,4.55,4.27,13,2024Fall,1,Excellent,Moderate,Small
224639,GOV 94JE,"Revolution!: Radicalism, Liberalism and Conservatism 001",GOV,4.79,6.93,16,2024Fall,1,Excellent,Moderate,Medium
224640,GOV 94JUC,Global Education Politics 001,GOV,4.71,5.07,17,2024Fall,1,Excellent,Moderate,Medium
224645,RELIGION 1093,Racial Liberalism and the Ethics of Law and Justice 1,RELIGION,4.25,4.0,5,2025Spring,1,Good,Moderate,Small
224646,ECON 1333,Economics of Mental Health and Homelessness 001,ECON,4.86,4.09,105,2025Spring,1,Excellent,Moderate,Large
224649,COMPLIT 239,Multilingualism as Critique SEM,COMPLIT,4.56,6.0,10,2025Spring,1,Excellent,Moderate,Small
224653,RELIGION 1190,The Material Text and the History of the Book 1,RELIGION,4.5,5.83,11,2024Fall,1,Excellent,Moderate,Small
224655,FYSEMR 35E,What Is Beauty? 001,FYSEMR,3.57,2.71,9,2024Fall,1,Satisfactory,Light,Small
224657,TDM 122GM,Generative Movement 001,TDM,4.75,2.57,15,2025Spring,1,Excellent,Light,Medium
224658,TDM 144BU,Playful Bodies: Transforming Materiality through LUDUS & Butoh 001,TDM,4.69,2.07,20,2025Spring,1,Excellent,Light,Medium
224660,RELIGION 32,Introduction to Indigenous Pacific Religion 001,RELIGION,5.0,7.71,8,2024Fall,1,Excellent,Moderate,Small
224667,ENGLISH CRLC,Fiction: Craft and Workshop 001,ENGLISH,4.5,3.6,9,2025Spring,1,Excellent,Light,Small
224671,AFVS 171N,Poetics of Relation: Opacity and the Moving Image 1,AFVS,5.0,4.6,10,2024Fall,1,Excellent,Moderate,Small
224681,AFVS 129H,Process Painting 1,AFVS,4.0,7.75,10,2025Spring,1,Good,Moderate,Small
224682,OEB 250,How Animals Shape our Planet 001,OEB,4.8,3.89,14,2024Fall,1,Excellent,Light,Small
224689,GOV 2042,Phenomenology of Spirit 001,GOV,5.0,7.67,20,2024Fall,1,Excellent,Moderate,Medium
224693,GOV 1307,Does Congress Represent America? 001,GOV,4.21,4.26,26,2025Spring,1,Good,Moderate,Medium
224695,GOV 94AA,American Political Thought 001,GOV,4.85,4.0,16,2025Spring,1,Excellent,Moderate,Medium
224696,GOV 94PE,Political Theory and the Economy 001,GOV,4.75,7.08,16,2025Spring,1,Excellent,Moderate,Medium
224697,GOV 1705,The Politics of War and Peace in the Middle East 001,GOV,4.31,4.67,27,2025Spring,1,Good,Moderate,Medium
224707,FYSEMR 65W,Michelangelo: Terrible Genius 001,FYSEMR,4.13,4.0,11,2025Spring,1,Good,Moderate,Small
224711,FYSEMR 73S,Crime and Justice in a Changing America 01,FYSEMR,4.64,3.36,12,2024Fall,1,Excellent,Light,Small
224712,FYSEMR 73T,Defense Against the Dark Arts (Cybersecurity Edition) 01,FYSEMR,4.25,2.18,13,2024Fall,1,Good,Light,Small
224713,FYSEMR 65Z,Making the Self: Poetics of Authenticity 001,FYSEMR,5.0,3.6,5,2025Spring,1,Excellent,Light,Small
224715,FYSEMR 66D,"Detention, Deportation, and Due Process: A Look at the Innerworkings of the U.S. Immigration System 001",FYSEMR,4.93,4.08,16,2024Fall,1,Excellent,Moderate,Medium
224717,FYSEMR 73Q,How Wars End: The Role of Negotiation 01,FYSEMR,4.88,6.57,12,2024Fall,1,Excellent,Moderate,Small
224718,FYSEMR 66E,Creature Feature: Fantastic Animals in Myth and History 001,FYSEMR,4.2,6.0,8,2025Spring,1,Good,Moderate,Small
224719,FYSEMR 53J,The Physics of Floating: A Collaborative Boat Building Experience 01,FYSEMR,5.0,2.33,12,2024Fall,1,Excellent,Light,Small
224720,FYSEMR 26O,Changing Our Mind: Evolving Thoughts on Brain Regeneration 001,FYSEMR,4.78,1.33,16,2025Spring,1,Excellent,Light,Medium
224721,FYSEMR 24P,Getting to Know Charles Darwin 01,FYSEMR,4.33,6.17,12,2024Fall,1,Good,Moderate,Small
224733,ENG-SCI 134,Technology Ventures: From Idea to Exit 001,ENG-SCI,4.74,3.8,113,2024Fall,1,Excellent,Light,Large
224734,COMPLIT 207,Theorizing Digital Capitalism SEM,COMPLIT,4.88,7.25,18,2024Fall,1,Excellent,Moderate,Medium
224735,COMPLIT 183,Global Media SEM,COMPLIT,4.93,3.92,22,2025Spring,1,Excellent,Light,Medium
224736,COMPLIT 192,"Media, Technology, and Social Change SEM",COMPLIT,4.89,5.0,11,2025Spring,1,Excellent,Moderate,Small
224740,ENGLISH CSJM,Who Do You Think You Are: A Creative Nonfiction Workshop 001,ENGLISH,5.0,7.25,5,2024Fall,1,Excellent,Moderate,Small
224755,MATH MA5,An In-depth Introduction to Functions and Calculus I 010,MATH,3.75,10.25,5,2024Fall,1,Satisfactory,Heavy,Small
224837,ROM-STD 230,Critical Archives in Theory and Practice 001,ROM-STD,4.86,5.33,9,2025Spring,1,Excellent,Moderate,Small
224850,GENED 1197,"Grimm's Fairy Tales: Echoes of the Past, Reflections of the Present 001",GENED,4.44,4.09,54,2025Spring,1,Good,Moderate,Large
224856,AFVS 153PR,Intermediate Animation 1,AFVS,4.86,6.0,11,2025Spring,1,Excellent,Moderate,Small
224860,HEB 181,Culture and Evolution 001,HEB,4.56,5.5,15,2025Spring,1,Excellent,Moderate,Medium
224869,MCB 207,MCO 101: The PhD Journey - Navigating Towards Success 001,MCB,2.75,2.67,12,2025Spring,1,Below Average,Light,Small
224871,HIST-LIT 90GZ,Magic and Mythology in Latin America and the Caribbean 001,HIST-LIT,4.78,6.22,13,2025Spring,1,Excellent,Moderate,Small
224872,HIST-LIT 93AH,"Music, Politics, and Protest in the United States 001",HIST-LIT,4.8,5.75,15,2025Spring,1,Excellent,Moderate,Medium
224891,FYSEMR 73U,Reading the History of Boston 1,FYSEMR,4.67,2.25,13,2025Spring,1,Excellent,Light,Small
224899,AFVS 52T,Introduction to Nonfiction Videomaking 1,AFVS,4.5,6.0,9,2025Spring,1,Excellent,Moderate,Small
224901,FYSEMR 57Z,Unlocking the Power of Immunology – From Fundamental Principles to Innovative Research Routes 01,FYSEMR,4.5,3.5,10,2025Spring,1,Excellent,Light,Small
224930,GOV 2174,The Radical Right in Europe and Beyond 001,GOV,4.5,7.1,14,2025Spring,1,Excellent,Moderate,Small
224938,GOV 1535,"The Supreme Court, Law, and Public Policy 001",GOV,4.5,7.8,19,2024Fall,1,Excellent,Moderate,Medium
224942,HIST 16J,"State Violence, Vigilantism and the History of “Law and Order” America 01",HIST,3.83,8.0,6,2024Fall,1,Satisfactory,Moderate,Small
224943,NEURO 101AA,Alzheimer’s Disease: Causes and consequences of brain degeneration 001,NEURO,4.6,4.9,11,2025Spring,1,Excellent,Moderate,Small
224947,MCB 102,"Creativity, Innovation, and Entrepreneurship in the Life Sciences 001",MCB,4.5,4.22,34,2025Spring,1,Excellent,Moderate,Medium
224952,WOMGEN 1311,"Race, Gender, and Medicine 1",WOMGEN,4.85,5.58,13,2025Spring,1,Excellent,Moderate,Small
224953,GOV 2171,Historical Political Economy 001,GOV,4.6,5.4,14,2025Spring,1,Excellent,Moderate,Small
224962,ENG-SCI 266,Environmental Modeling and Data Analysis 001,ENG-SCI,3.39,4.82,25,2025Spring,1,Below Average,Moderate,Medium
224963,ENG-SCI 268,Physics of Climate 001,ENG-SCI,4.64,6.55,14,2024Fall,1,Excellent,Moderate,Small
225020,APMTH 215,Mathematical Modeling for Computational Science 001,APMTH,3.42,12.32,70,2024Fall,1,Below Average,Heavy,Large
225026,BIOSTAT 236,Computing I 001,BIOSTAT,3.6,11.67,15,2025Spring,1,Satisfactory,Heavy,Medium
225033,SOC-STD 98PM,Political Myth 001,SOC-STD,4.86,5.86,8,2024Fall,1,Excellent,Moderate,Small
225675,HIST 2404,Ruling Medieval Egypt: A History Through Documents 01,HIST,5.0,5.57,8,2024Fall,1,Excellent,Moderate,Small
225711,AFRAMER 154Y,African American Fraternal Associations in U.S. Society and Politics 001,AFRAMER,4.71,5.71,10,2025Spring,1,Excellent,Moderate,Small
225720,GOV 94HP,The Politics of Health Care in Canada and The U.S. 001,GOV,4.11,5.56,13,2024Fall,1,Good,Moderate,Small
225721,HIST-LIT 90HB,Indigenous Economies and Environments 001,HIST-LIT,4.83,4.33,7,2025Spring,1,Excellent,Moderate,Small
225737,PHIL 179P,Punishment and Prisons 001,PHIL,4.77,6.5,15,2025Spring,1,Excellent,Moderate,Medium
225750,MCB 160,"Cancer: Genetics, Genomics and Therapeutics 001",MCB,4.17,6.67,13,2025Spring,1,Good,Moderate,Small
225755,HIST 2512,Readings in Modern Latin American History 01,HIST,3.8,15.75,8,2025Spring,1,Satisfactory,Heavy,Small
225760,SLAVIC 221,"Modernisms: Ukrainian, Soviet, European 001",SLAVIC,4.86,5.86,8,2025Spring,1,Excellent,Moderate,Small
225764,ENGLISH 181AL,Introduction to Asian American Literature 001,ENGLISH,4.83,2.67,22,2025Spring,1,Excellent,Light,Medium
225765,ENGLISH 90AE,The Art of Minor Feelings: Asian American Emotional Lives in Contemporary Literature 001,ENGLISH,4.78,4.22,13,2025Spring,1,Excellent,Moderate,Small
225766,MCB 260,Physical Biochemistry: Understanding Macromolecular Machines 001,MCB,4.06,10.44,22,2025Spring,1,Good,Heavy,Medium
225767,ENGLISH CMCO,Creative Nonfiction Workshop: Comedy and Creative Nonfiction 001,ENGLISH,4.63,5.13,15,2025Spring,1,Excellent,Moderate,Medium
225787,EMR 167,Critical Afro-LatinX Studies in the United States 01,EMR,4.7,4.0,13,2025Spring,1,Excellent,Moderate,Small
225788,EMR 170,Decolonial Healing in LatinX Literature and Visual Arts 01,EMR,4.85,4.62,15,2025Spring,1,Excellent,Moderate,Medium
225790,EMR 169,War Ecologies 01,EMR,4.91,4.7,14,2025Spring,1,Excellent,Moderate,Small
225811,MCB 130,The pharmacy of life – exploring the function and biochemistry of natural products 001,MCB,4.52,7.92,29,2025Spring,1,Excellent,Moderate,Medium
225812,ANE 211,Social Archaeology of Iron Age Ancient Israel 001,ANE,4.5,6.33,9,2025Spring,1,Excellent,Moderate,Small
225821,AFRAMER 159Y,Healthcare and the Welfare State 001,AFRAMER,4.67,7.4,9,2025Spring,1,Excellent,Moderate,Small
225825,GOV 1090,Biotech Ethics 001,GOV,4.87,4.79,347,2025Spring,1,Excellent,Moderate,Large
225830,SOC-STD 98WN,Social Theory and Mental Health 001,SOC-STD,5.0,6.14,8,2025Spring,1,Excellent,Moderate,Small
225832,AFVS 42L,"Introduction to Photography: Looking In, Looking Out 1",AFVS,4.67,5.83,9,2025Spring,1,Excellent,Moderate,Small
225834,ANTHRO 2802,Anthropology and the Geopolitical: China and Africa entanglements in ethnographic perspective 001,ANTHRO,4.86,5.17,8,2025Spring,1,Excellent,Moderate,Small
225835,ANTHRO 1853,The Everyday: Ethnographic Visions and Representations 001,ANTHRO,4.78,4.75,15,2025Spring,1,Excellent,Moderate,Medium
225836,ANTHRO 1913,Ethnographies of Cities and the Urban 001,ANTHRO,4.55,5.0,11,2025Spring,1,Excellent,Moderate,Small
225837,AFRAMER 223,Storied Lives: Methods in Oral History 001,AFRAMER,4.85,6.47,28,2025Spring,1,Excellent,Moderate,Medium
225845,SOC-STD 68LS,"Land, Space, and Politics 001",SOC-STD,4.75,6.75,5,2025Spring,1,Excellent,Moderate,Small
225846,HIST 1769,Modern Africa 01,HIST,4.35,3.82,19,2025Spring,1,Good,Light,Medium
225847,AFVS 140S,Surreal Self: Intermediate Photography Course 1,AFVS,4.29,7.14,7,2025Spring,1,Good,Moderate,Small
225855,HEB 50,Human Metabolism 001,HEB,4.33,2.5,9,2025Spring,1,Good,Light,Small
225862,ANE 116,"Age of Empires: Violence, Ideology, and the Making of Ancient Near Eastern Societies 001",ANE,4.6,7.2,6,2025Spring,1,Excellent,Moderate,Small
225864,NEUROBIO 327QC,Neuronal Diversity 0001,NEUROBIO,4.67,5.8,16,2025Spring,1,Excellent,Moderate,Medium
225865,QSE 276,Platforms for Quantum Science 001,QSE,3.8,7.4,10,2025Spring,1,Satisfactory,Moderate,Small
225867,QSE 216,Quantum and Classical Electromagnetic Interaction with Matter 001,QSE,5.0,6.67,14,2025Spring,1,Excellent,Moderate,Small
225868,HAA 178M,Photography as Medium 001,HAA,4.9,4.22,15,2025Spring,1,Excellent,Moderate,Medium
225878,EMR 168,Narrating the Border: Migration and Media 01,EMR,4.5,4.67,28,2025Spring,1,Excellent,Moderate,Medium
225879,GOV 94RR,Immigration Politics 001,GOV,4.25,5.5,9,2025Spring,1,Good,Moderate,Small
225880,HIST 16K,Tourism: a history 01,HIST,4.55,6.44,12,2025Spring,1,Excellent,Moderate,Small
225881,OEB 257,Terrestrial Carbon and Nitrogen Cycling – Current Dynamics and Future Changes 001,OEB,4.75,3.88,11,2025Spring,1,Excellent,Light,Small
225882,MBB 980EE,Neuroscience of Music: Clinical Applications across the Lifespan 001,MBB,4.83,5.3,15,2025Spring,1,Excellent,Moderate,Medium
225883,HIST 1915,Waste Not: Histories of Excrement 01,HIST,5.0,5.0,9,2025Spring,1,Excellent,Moderate,Small
225885,TDM 140DL,Dance Lineages 001,TDM,4.92,4.45,15,2025Spring,1,Excellent,Moderate,Medium
225887,HIST 1853,Beyond the Game: A History of U.S. Sports and Society 01,HIST,3.63,3.36,71,2025Spring,1,Satisfactory,Light,Large
225888,ROM-STD 145,Design and Ecology 001,ROM-STD,4.44,4.75,19,2025Spring,1,Good,Moderate,Medium
225889,RELIGION 161,Medieval Christian Thought 1,RELIGION,4.67,6.5,14,2025Spring,1,Excellent,Moderate,Small
225890,HISTSCI 2912,Collaborative Scientific Knowledge 001,HISTSCI,4.78,7.25,15,2025Spring,1,Excellent,Moderate,Medium
225891,SPANSH 255,Why Women Kill: Representations of Gender in Modern and Contemporary Latin America 001,SPANSH,4.63,4.81,24,2025Spring,1,Excellent,Moderate,Medium
225896,HISTSCI 1456,Race and Public Health Crises: From TB to AIDS to COVID-19 001,HISTSCI,3.86,7.67,11,2025Spring,1,Satisfactory,Moderate,Small
225897,SLAVIC 194,Soviet Film and Film Theory 001,SLAVIC,4.38,4.14,29,2025Spring,1,Good,Moderate,Medium
225903,HEB 190,Advanced Topics in Human Physiology 001,HEB,4.82,3.45,11,2025Spring,1,Excellent,Light,Small
225904,PHYSICS 211BR,Introduction to Classical and Quantum Black Holes 001,PHYSICS,4.38,6.13,13,2025Spring,1,Good,Moderate,Small
225905,EMR 171,"Korean and Korean American Literature, Media, and Culture 01",EMR,4.93,3.57,15,2025Spring,1,Excellent,Light,Medium
225906,FOLKMYTH 125,Introduction to the Indigenous Oral Literatures of the Northwest Coast of North America 001,FOLKMYTH,5.0,5.8,8,2025Spring,1,Excellent,Moderate,Small
225907,FOLKMYTH 141,"Elves, Fairies, and UFOs: Dangerous Encounters with Otherworldly Beings in Folklore 01",FOLKMYTH,4.45,4.18,22,2025Spring,1,Good,Moderate,Medium
225909,EMR 172,"Space, Place, Belonging: (Re)Locating the Asian/American Experience 01",EMR,5.0,7.0,9,2025Spring,1,Excellent,Moderate,Small
225910,EMR 173,Indigeneity Against Settler-Colonialism 1,EMR,3.71,5.29,9,2025Spring,1,Satisfactory,Moderate,Small
225914,HIST 1226,Conspiracy! A Possible History of U.S. Politics and Culture 01,HIST,3.63,4.77,29,2025Spring,1,Satisfactory,Moderate,Medium
225915,HIST 16M,The Civil War and Reconstruction in History and Memory 01,HIST,4.5,5.13,13,2025Spring,1,Excellent,Moderate,Small
225918,PHIL 173E,Is Ethics Objective? 001,PHIL,4.63,6.2,21,2025Spring,1,Excellent,Moderate,Medium
225922,GERMAN 69,German through Community Engagement 1,GERMAN,4.78,8.44,10,2025Spring,1,Excellent,Heavy,Small
225923,RELIGION 33,Indigenous Pacific Wellbeing and Spirituality 1,RELIGION,5.0,4.78,13,2025Spring,1,Excellent,Moderate,Small
225925,HIST 16L,Capital in Crisis: A History of U.S. Economic Emergencies 01,HIST,4.75,5.0,12,2025Spring,1,Excellent,Moderate,Small
225935,GOV 1388,African American Fraternal Associations in U.S. Society and Politics 001,GOV,4.71,5.71,10,2025Spring,1,Excellent,Moderate,Small
225964,ANTHRO 1713,Disability and the Body 001,ANTHRO,4.07,5.21,20,2025Spring,1,Good,Moderate,Medium
225966,HIST 16N,The Neoliberal Age 01,HIST,4.82,6.2,14,2025Spring,1,Excellent,Moderate,Small
225967,ANTHRO 1821,"Introduction to Social Medicine: Theory, Methods, Applications 001",ANTHRO,4.52,4.69,44,2025Spring,1,Excellent,Moderate,Medium
225968,ENG-SCI 255,High Performance Electronic-Photonic Integrated Circuits 001,ENG-SCI,3.6,4.11,19,2025Spring,1,Satisfactory,Moderate,Medium
225969,APPHY 290A,Research Practices and Academic Culture in Applied Sciences and Engineering 001,APPHY,4.38,4.0,8,2025Spring,1,Good,Moderate,Small
225972,MODMDEST 209,"Regional Order, U.S. Wars, and the Politics of Iraq and Afghanistan 001",MODMDEST,4.33,5.69,23,2025Spring,1,Good,Moderate,Medium
226030,ENG-SCI 294,Humanity and its Futures: AI and Human Cognition 001,ENG-SCI,3.92,3.38,34,2025Spring,1,Satisfactory,Light,Medium
226047,COMPLIT 133X,Why Braille Matters: A Radical Revision of Literary Theory and World Literature SEM,COMPLIT,4.7,3.4,17,2025Spring,1,Excellent,Light,Medium
226052,COMPSCI 1060,Software Engineering with Generative AI 001,COMPSCI,4.21,8.17,63,2025Spring,1,Good,Heavy,Large
